1778079472.571 10430   567   567 I pixeltune.debug: Late-enabling -Xcheck:jni
1778079472.598 10430   567   567 I pixeltune.debug: Using CollectorTypeCC GC.
1778079472.607 10430   567   567 D nativeloader: Load libframework-connectivity-tiramisu-jni.so using APEX ns com_android_tethering for caller /apex/com.android.tethering/javalib/framework-connectivity-t.jar: ok
1778079472.632 10430   567   567 D CompatibilityChangeReporter: Compat change id reported: 171979766; UID 10430; state: ENABLED
1778079472.799 10430   567   567 D nativeloader: Configuring clns-4 for other apk /data/app/~~zQdTwcMBujOYjNGuEMqPiQ==/com.saine.pixeltune.debug-z1er0-pCcg2CWYOv5abUOQ==/base.apk. target_sdk_version=35, uses_libraries=, library_path=/data/app/~~zQdTwcMBujOYjNGuEMqPiQ==/com.saine.pixeltune.debug-z1er0-pCcg2CWYOv5abUOQ==/lib/arm64:/data/app/~~zQdTwcMBujOYjNGuEMqPiQ==/com.saine.pixeltune.debug-z1er0-pCcg2CWYOv5abUOQ==/base.apk!/lib/arm64-v8a, permitted_path=/data:/mnt/expand:/data/user/0/com.saine.pixeltune.debug
1778079472.811 10430   567   567 D nativeloader: Load libframework-connectivity-jni.so using APEX ns com_android_tethering for caller /apex/com.android.tethering/javalib/framework-connectivity.jar: ok
1778079472.814 10430   567   567 V GraphicsEnvironment: ANGLE Developer option for 'com.saine.pixeltune.debug' set to: 'default'
1778079472.815 10430   567   567 V GraphicsEnvironment: ANGLE GameManagerService for com.saine.pixeltune.debug: false
1778079472.815 10430   567   567 V GraphicsEnvironment: Neither updatable production driver nor prerelease driver is supported.
1778079472.820 10430   567   567 D NetworkSecurityConfig: Using Network Security Config from resource network_security_config debugBuild: true
1778079472.822 10430   567   567 D NetworkSecurityConfig: Using Network Security Config from resource network_security_config debugBuild: true
1778079472.883 10430   567   567 I Typeface: updateThemeFont new=Rookery-Regular;old=sans-serif;new=Rookery-Stacked;old=
1778079472.912 10430   567   567 D MainActivity: [main] - onCreate
1778079472.930 10430   567   567 D MainActivity: [main] - Requested refresh rate: 120.00001Hz
1778079472.977 10430   567   567 D MainActivity: [main] - onStart
1778079472.984 10430   567   620 D YouTubeStreamProxy$start: YouTubeStreamProxy started on port 39575
1778079472.985 10430   567   619 D NeteaseStreamProxy$start: NeteaseStreamProxy started on port 42089
1778079473.252 10430   567   653 W System.err: SLF4J(W): No SLF4J providers were found.
1778079473.252 10430   567   653 W System.err: SLF4J(W): Defaulting to no-operation (NOP) logger implementation
1778079473.252 10430   567   653 W System.err: SLF4J(W): See https://www.slf4j.org/codes.html#noProviders for further details.
1778079473.271 10430   567   653 D SoundCloudStreamProxy$start: SoundCloudStreamProxy started on port 42151
1778079473.291 10430   567   652 D nativeloader: Load /data/app/~~zQdTwcMBujOYjNGuEMqPiQ==/com.saine.pixeltune.debug-z1er0-pCcg2CWYOv5abUOQ==/base.apk!/lib/arm64-v8a/libtdjni.so using class loader ns clns-4 (caller=/data/app/~~zQdTwcMBujOYjNGuEMqPiQ==/com.saine.pixeltune.debug-z1er0-pCcg2CWYOv5abUOQ==/base.apk!classes14.dex): ok
1778079473.292 10430   567   652 I pixeltune.debug: Thread[18,tid=652,Native,Thread*=0xb400007a549b1520,peer=0x23c0000,"DefaultDispatcher-worker-5"] recursive attempt to load library "/data/app/~~zQdTwcMBujOYjNGuEMqPiQ==/com.saine.pixeltune.debug-z1er0-pCcg2CWYOv5abUOQ==/base.apk!/lib/arm64-v8a/libtdjni.so"
1778079473.307 10430   567   567 D WM-PackageManagerHelper: Skipping component enablement for androidx.work.impl.background.systemjob.SystemJobService
1778079473.307 10430   567   567 D WM-Schedulers: Created SystemJobScheduler and enabled SystemJobService
1778079473.309 10430   567   745 D WM-ForceStopRunnable: The default process name was not specified.
1778079473.309 10430   567   745 D WM-ForceStopRunnable: Performing cleanup operations.
1778079473.317 10430   567   653 D StreamProxy: [DefaultDispatcher-worker-6] - Started on port 39629
1778079473.327 10430   567   567 I ExoPlayerImpl: Init 36ca58c [AndroidXMedia3/1.9.2] [rhodei, moto g62 5G, motorola, 33]
1778079473.331 10430   567   567 I DefaultRenderersFactory: Loaded FfmpegVideoRenderer.
1778079473.334 10430   567   567 I DefaultRenderersFactory: Loaded FfmpegAudioRenderer.
1778079473.343 10430   567   567 I ExoPlayerImpl: Init 84a498d [AndroidXMedia3/1.9.2] [rhodei, moto g62 5G, motorola, 33]
1778079473.344 10430   567   567 I DefaultRenderersFactory: Loaded FfmpegVideoRenderer.
1778079473.344 10430   567   567 I DefaultRenderersFactory: Loaded FfmpegAudioRenderer.
1778079473.360 10430   567   567 V MediaRouter: Selecting route: RouteInfo{ name=Phone, description=null, status=null, category=RouteCategory{ name=System types=ROUTE_TYPE_LIVE_AUDIO ROUTE_TYPE_LIVE_VIDEO  groupable=false }, supportedTypes=ROUTE_TYPE_LIVE_AUDIO ROUTE_TYPE_LIVE_VIDEO , presentationDisplay=null }
1778079473.361 10430   567   567 I MediaRouter: Skip setBluetoothA2dpOn(): types=8388615, isPlaybackActive()=false, BT route=null
1778079473.364 10430   567   567 I AxMediaRouter: Found default route: MediaRouter.RouteInfo{ uniqueId=DEFAULT_ROUTE, name=Phone, description=null, iconUri=null, enabled=true, isSystemRoute=true, connectionState=0, canDisconnect=false, playbackType=0, playbackStream=3, deviceType=0, volumeHandling=1, volume=6, volumeMax=15, presentationDisplayId=-1, extras=null, settingsIntent=null, providerPackageName=android }
1778079473.364 10430   567   567 I AxMediaRouter: Unselecting the current route because it is no longer selectable: null
1778079473.369 10430   567   745 D CompatibilityChangeReporter: Compat change id reported: 160794467; UID 10430; state: ENABLED
1778079473.373 10430   567   745 D WM-ForceStopRunnable: Application was force-stopped, rescheduling.
1778079473.409 10430   567   567 I MediaController: Init a917743 [AndroidXMedia3/1.9.2] [rhodei, moto g62 5G, motorola, 33]
1778079473.420 10430   567   567 I PlayerViewModel: init started.
1778079473.427 10430   567   750 D WM-PackageManagerHelper: Skipping component enablement for androidx.work.impl.background.systemalarm.RescheduleReceiver
1778079473.447 10430   567   567 W pixeltune.debug: ClassLoaderContext classpath size mismatch. expected=1, found=0 (DLC[];PCL[base.apk*3459175842]{PCL[/system/framework/org.apache.http.legacy.jar*3145838629]#PCL[/system/framework/com.android.location.provider.jar*3175360614]#PCL[/system/framework/com.android.media.remotedisplay.jar*3743104114]} | DLC[];PCL[])
1778079473.449 10430   567   567 I DynamiteModule: Considering local module com.google.android.gms.cast.framework.dynamite:0 and remote module com.google.android.gms.cast.framework.dynamite:261631000
1778079473.449 10430   567   567 I DynamiteModule: Selected remote version of com.google.android.gms.cast.framework.dynamite, version >= 261631000
1778079473.449 10430   567   567 V DynamiteModule: Dynamite loader version >= 2, using loadModule2NoCrashUtils
1778079473.459 10430   567   567 W System  : ClassLoader referenced unknown path:
1778079473.461 10430   567   567 D nativeloader: Configuring clns-5 for other apk . target_sdk_version=37, uses_libraries=, library_path=/data/app/~~n6x60StqnfbN-TByMWDXGw==/com.google.android.gms-VjpZdkF4U-uhWXPuMOw_Jw==/lib/arm64:/data/app/~~n6x60StqnfbN-TByMWDXGw==/com.google.android.gms-VjpZdkF4U-uhWXPuMOw_Jw==/base.apk!/lib/arm64-v8a, permitted_path=/data:/mnt/expand:/data/user/0/com.google.android.gms
1778079473.471 10430   567   567 W pixeltune.debug: ClassLoaderContext classpath element checksum mismatch. expected=3459175842, found=2441633091 (DLC[];PCL[base.apk*3459175842]{PCL[/system/framework/org.apache.http.legacy.jar*3145838629]#PCL[/system/framework/com.android.location.provider.jar*3175360614]#PCL[/system/framework/com.android.media.remotedisplay.jar*3743104114]} | DLC[];PCL[/data/app/~~zQdTwcMBujOYjNGuEMqPiQ==/com.saine.pixeltune.debug-z1er0-pCcg2CWYOv5abUOQ==/base.apk*2441633091])
1778079473.487 10430   567   567 I CastDynamiteModuleImpl: st created by ClassLoader dalvik.system.DelegateLastClassLoader[DexPathList[[zip file "/data/app/~~n6x60StqnfbN-TByMWDXGw==/com.google.android.gms-VjpZdkF4U-uhWXPuMOw_Jw==/split_DynamiteModulesC_installtime.apk"],nativeLibraryDirectories=[/data/app/~~n6x60StqnfbN-TByMWDXGw==/com.google.android.gms-VjpZdkF4U-uhWXPuMOw_Jw==/split_DynamiteModulesC_installtime.apk!/lib/arm64-v8a, /system/lib64, /system_ext/lib64]]].
1778079473.557 10430   567   749 I pixeltune.debug: hiddenapi: Accessing hidden method Landroid/database/sqlite/SQLiteDatabase;->getThreadSession()Landroid/database/sqlite/SQLiteSession; (runtime_flags=0, domain=platform, api=unsupported) from Landroidx/sqlite/db/framework/FrameworkSQLiteDatabase; (domain=app, TargetSdkVersion=35) using reflection: allowed
1778079473.557 10430   567   749 I pixeltune.debug: hiddenapi: Accessing hidden method Landroid/database/sqlite/SQLiteSession;->beginTransaction(ILandroid/database/sqlite/SQLiteTransactionListener;ILandroid/os/CancellationSignal;)V (runtime_flags=0, domain=platform, api=unsupported) from Landroidx/sqlite/db/framework/FrameworkSQLiteDatabase; (domain=app, TargetSdkVersion=35) using reflection: allowed
1778079473.563 10430   567   567 I MediaController: Init 6ac7514 [AndroidXMedia3/1.9.2] [rhodei, moto g62 5G, motorola, 33]
1778079473.569 10430   567   567 D MainActivity: [main] - Requested refresh rate: 120.00001Hz
1778079473.585 10430   567   567 D ViewRootImpl: update {(0,0)(fillxfill) sim={forwardNavigation} layoutInDisplayCutoutMode=always ty=BASE_APPLICATION wanim=0x1030300 preferredDisplayMode=1
1778079473.585 10430   567   567 D ViewRootImpl:   fl=LAYOUT_IN_SCREEN LAYOUT_INSET_DECOR SPLIT_TOUCH HARDWARE_ACCELERATED DRAWS_SYSTEM_BAR_BACKGROUNDS
1778079473.585 10430   567   567 D ViewRootImpl:   pfl=NO_MOVE_ANIMATION FORCE_DRAW_STATUS_BAR_BACKGROUND FIT_INSETS_CONTROLLED
1778079473.585 10430   567   567 D ViewRootImpl:   bhv=DEFAULT
1778079473.585 10430   567   567 D ViewRootImpl:   fitSides=} by setView
1778079473.596 10430   567   567 I Choreographer: Skipped 89 frames!  The application may be doing too much work on its main thread.
1778079473.639 10430   567   567 I pixeltune.debug: hiddenapi: Accessing hidden method Landroid/os/SystemProperties;->addChangeCallback(Ljava/lang/Runnable;)V (runtime_flags=0, domain=platform, api=unsupported) from Landroidx/compose/ui/platform/AndroidComposeView$Companion; (domain=app, TargetSdkVersion=35) using reflection: allowed
1778079473.639 10430   567   567 D CompatibilityChangeReporter: Compat change id reported: 193247900; UID 10430; state: ENABLED
1778079473.709 10430   567   670 I AdrenoGLES-0: QUALCOMM build                   : eaa701cd06, I183f6321f0
1778079473.709 10430   567   670 I AdrenoGLES-0: Build Date                       : 10/27/22
1778079473.709 10430   567   670 I AdrenoGLES-0: OpenGL ES Shader Compiler Version: EV031.35.01.12
1778079473.709 10430   567   670 I AdrenoGLES-0: Local Branch                     :
1778079473.709 10430   567   670 I AdrenoGLES-0: Remote Branch                    :
1778079473.709 10430   567   670 I AdrenoGLES-0: Remote Branch                    :
1778079473.709 10430   567   670 I AdrenoGLES-0: Reconstruct Branch               :
1778079473.709 10430   567   670 I AdrenoGLES-0: Build Config                     : S P 10.0.7 AArch64
1778079473.709 10430   567   670 I AdrenoGLES-0: Driver Path                      : /vendor/lib64/egl/libGLESv2_adreno.so
1778079473.714 10430   567   670 I AdrenoGLES-0: PFP: 0x016ee201, ME: 0x00000000
1778079473.721 10430   567   567 D TransitionDebug: Master audio session changed: 10977
1778079473.722 10430   567   567 W AxMediaRouter: Ignoring attempt to select selected route: MediaRouter.RouteInfo{ uniqueId=DEFAULT_ROUTE, name=Phone, description=null, iconUri=null, enabled=true, isSystemRoute=true, connectionState=0, canDisconnect=false, playbackType=0, playbackStream=3, deviceType=0, volumeHandling=1, volume=6, volumeMax=15, presentationDisplayId=-1, extras=null, settingsIntent=null, providerPackageName=android }
1778079473.722 10430   567   567 V MediaRouter: Selecting route: RouteInfo{ name=Phone, description=null, status=null, category=RouteCategory{ name=System types=ROUTE_TYPE_LIVE_AUDIO ROUTE_TYPE_LIVE_VIDEO  groupable=false }, supportedTypes=ROUTE_TYPE_LIVE_AUDIO ROUTE_TYPE_LIVE_VIDEO , presentationDisplay=null }
1778079473.722 10430   567   567 V MediaRouter: Selecting route ignored,not new route
1778079473.738 10430   567   670 I OpenGLRenderer: setGrContext nullptr-->validptr
1778079473.740 10430   567   567 D EqualizerManager: Global Support Check - BassBoost: true, Virtualizer: true
1778079473.742 10430   567   567 D TransitionDebug: Initializing TransitionController...
1778079473.746 10430   567   567 I MediaSessionImpl: Init b5ed68 [AndroidXMedia3/1.9.2] [rhodei, moto g62 5G, motorola, 33]
1778079473.773 10430   567   567 D MusicService_PixelTune: Skipping media button preference update on API 31+ while inactive: playWhenReady=false, state=1
1778079473.780 10430   567   567 I PlayerViewModel: Sync completed. Calling resetAndLoadInitialData from isSyncingStateFlow observer.
1778079473.780 10430   567   567 D LibraryStateHolder: startObservingLibraryData called.
1778079473.828 10430   567   670 W Parcel  : Expecting binder but got null!
1778079473.836 10430   567   567 W pixeltune.debug: type=1400 audit(0.0:53153): avc: denied { read } for name="u:object_r:vendor_mot_audio_fx_prop:s0" dev="tmpfs" ino=14350 scontext=u:r:untrusted_app:s0:c174,c257,c512,c768 tcontext=u:object_r:vendor_mot_audio_fx_prop:s0 tclass=file permissive=0 app=com.saine.pixeltune.debug
1778079473.839 10430   567   567 D EqualizerManager: Attaching to audio session: 10977
1778079473.839 10430   567   567 D EqualizerManager: Audio effects released
1778079473.840 10430   567   567 W libc    : Access denied finding property "persist.vendor.audio_fx.current"
1778079473.856 10430   567   567 W pixeltune.debug: type=1400 audit(0.0:53154): avc: denied { read } for name="u:object_r:vendor_mot_audio_fx_prop:s0" dev="tmpfs" ino=14350 scontext=u:r:untrusted_app:s0:c174,c257,c512,c768 tcontext=u:object_r:vendor_mot_audio_fx_prop:s0 tclass=file permissive=0 app=com.saine.pixeltune.debug
1778079473.860 10430   567   567 W libc    : Access denied finding property "persist.vendor.audio_fx.current"
1778079473.864 10430   567   567 W pixeltune.debug: type=1400 audit(0.0:53155): avc: denied { read } for name="u:object_r:vendor_mot_audio_fx_prop:s0" dev="tmpfs" ino=14350 scontext=u:r:untrusted_app:s0:c174,c257,c512,c768 tcontext=u:object_r:vendor_mot_audio_fx_prop:s0 tclass=file permissive=0 app=com.saine.pixeltune.debug
1778079473.869 10430   567   567 D EqualizerManager: BassBoost initialized on attempt 1
1778079473.870 10430   567   567 W libc    : Access denied finding property "persist.vendor.audio_fx.current"
1778079473.880 10430   567   567 W pixeltune.debug: type=1400 audit(0.0:53156): avc: denied { read } for name="u:object_r:vendor_mot_audio_fx_prop:s0" dev="tmpfs" ino=14350 scontext=u:r:untrusted_app:s0:c174,c257,c512,c768 tcontext=u:object_r:vendor_mot_audio_fx_prop:s0 tclass=file permissive=0 app=com.saine.pixeltune.debug
1778079473.884 10430   567   567 D EqualizerManager: Virtualizer initialized on attempt 1
1778079473.884 10430   567   567 W libc    : Access denied finding property "persist.vendor.audio_fx.current"
1778079473.893 10430   567   567 D EqualizerManager: Device supports 5 bands, UI has 10 bands
1778079473.894 10430   567   567 V EqualizerManager: Set band 0 to 0 mB (normalized: 0)
1778079473.894 10430   567   567 V EqualizerManager: Set band 1 to 0 mB (normalized: 0)
1778079473.895 10430   567   567 V EqualizerManager: Set band 2 to 0 mB (normalized: 0)
1778079473.895 10430   567   567 V EqualizerManager: Set band 3 to 0 mB (normalized: 0)
1778079473.896 10430   567   567 V EqualizerManager: Set band 4 to 0 mB (normalized: 0)
1778079473.898 10430   567   567 D EqualizerManager: Effects attached successfully. EQ bands: 5, Range: -1500 to 1500
1778079473.898 10430   567   567 D EqualizerManager: Already attached to session 10977
1778079473.903 10430   567   567 D MusicService: favoriteSongIdsFlow collected. New ids size: 0
1778079473.955 10430   567   869 I OkHttp  : --> GET https://api.deezer.com/search/artist?q=Third%20Hour%20-%20Topic&limit=1
1778079473.955 10430   567   869 I OkHttp  : User-Agent: PixelTune/1.0 (Android; Music Player)
1778079473.956 10430   567   869 I OkHttp  : --> END GET
1778079474.421 10430   567   567 I MediaRouterProxy: media transfer = false, session transfer = true, transfer to local = false, in-app output switcher = false
1778079474.440 10430   567   957 D TransportRuntime.JobInfoScheduler: Upload for context TransportContext(cct, VERY_LOW, MSRodHRwczovL2ZpcmViYXNlbG9nZ2luZy5nb29nbGVhcGlzLmNvbS92MGNjL2xvZy9iYXRjaD9mb3JtYXQ9anNvbl9wcm90bzNc) is already scheduled. Returning...
1778079474.444 10430   567   567 I MediaController: Init 7cf3ed5 [AndroidXMedia3/1.9.2] [rhodei, moto g62 5G, motorola, 33]
1778079474.445 10430   567   567 D MusicService_PixelTune: onConnect from package=com.saine.pixeltune.debug uid=10430 trusted=true version=1009002300 hints=[androidx.media3.session.MediaNotificationManager]
1778079474.448 10430   567   567 D MusicService_PixelTune: onConnect from package=com.saine.pixeltune.debug uid=10430 trusted=true version=1009002300 hints=[]
1778079474.449 10430   567   567 D MusicService_PixelTune: onConnect from package=com.saine.pixeltune.debug uid=10430 trusted=true version=1009002300 hints=[]
1778079474.452 10430   567   567 I StandaloneCoroutine: [main] - Setup complete/skipped and permissions valid. Starting sync.
1778079474.453 10430   567   567 I MainViewModel: [main] - startSync called
1778079474.454 10430   567   619 D SyncManager: Skipping startup sync (last sync 744s ago)
1778079474.536 10430   567   567 I Choreographer: Skipped 62 frames!  The application may be doing too much work on its main thread.
1778079474.699 10430   567   567 D NeteaseRepository: syncUserPlaylists called, isLoggedIn=false, userId=-1
1778079474.699 10430   567   567 W NeteaseRepository: syncUserPlaylists: Not logged in, aborting
1778079474.792 10430   567   869 I OkHttp  : <-- 200 https://api.deezer.com/search/artist?q=Third%20Hour%20-%20Topic&limit=1 (835ms)
1778079474.792 10430   567   869 I OkHttp  : server: Apache
1778079474.793 10430   567   869 I OkHttp  : access-control-allow-headers: X-Requested-With, Content-Type, Authorization, Origin, Accept, Accept-Encoding
1778079474.794 10430   567   869 I OkHttp  : access-control-allow-methods: POST, GET, OPTIONS, DELETE, PUT
1778079474.794 10430   567   869 I OkHttp  : access-control-allow-credentials: true
1778079474.794 10430   567   869 I OkHttp  : access-control-expose-headers: Location
1778079474.795 10430   567   869 I OkHttp  : access-control-max-age: 86400
1778079474.795 10430   567   869 I OkHttp  : p3p: policyref="/w3c/p3p.xml" CP="IDC DSP COR CURa ADMa OUR IND PHY ONL COM STA"
1778079474.795 10430   567   869 I OkHttp  : x-host: blm-web-07
1778079474.796 10430   567   869 I OkHttp  : x-content-type-options: nosniff
1778079474.796 10430   567   869 I OkHttp  : content-length: 21
1778079474.796 10430   567   869 I OkHttp  : content-type: application/json; charset=utf-8
1778079474.796 10430   567   869 I OkHttp  : strict-transport-security: max-age=31536000; includeSubDomains
1778079474.797 10430   567   869 I OkHttp  : date: Wed, 06 May 2026 14:57:55 GMT
1778079474.797 10430   567   869 I OkHttp  : set-cookie: dzr_uniq_id=dzr_uniq_id_fra2006258d25dbfe4c1c08e43a17d77064952f6; expires=Mon, 02 Nov 2026 14:57:55 GMT; Max-Age=15552000; path=/; domain=.deezer.com; secure; SameSite=None
1778079474.798 10430   567   869 I OkHttp  : x-org: FR
1778079474.803 10430   567   869 I OkHttp  : set-cookie: _abck=B4720DB32A3317220965B8EB3EB895FB~-1~YAAQdPEBF/4CVuCdAQAA0afL/Q8IjYFdRa8UcpYAzuE4V+rBmRVjPHgQpsTjCvK7NpKcc/JpEkAfV0i87shsrGeffYTxALtQmyGQC4b4EncF4KBjJVG/5LFe/UC/WD1FIB9j1NbQZJxt9N0be9IregIvWuIY2lJSF871biMMIQNtqjqJyfxOmRdAheWPuxxqaYn8rHBg1FVfu/W803H3JlAPuwjjIhozaZv+gIm30gTsrCzYS8/BgW1nEoN6cbF/mWkKLujMaqAz5cHxjBLeBXFKOPICd4Yfb+tgo4FsrdRCdS07reCbgI7tx3o7E6C1TUGOnP71HLfMtHWVTCQrApC9tpqO/qyNn/m1VwDhuUZ6wFqYl2GZ857Rw7lZ8kIpA4gukWQtiqgPE1eQsOHQtfaLn9e8i13DQFAzdc7Zoy4xUXJXGRwqbARF8gQKsfraMIOUMF4=~-1~-1~-1~-1~-1; Domain=.deezer.com; Path=/; Expires=Thu, 06 May 2027 14:57:55 GMT; Max-Age=31536000; Secure
1778079474.805 10430   567   869 I OkHttp  : set-cookie: ak_bmsc=0A70043BF23C93C851EBF779BBA81727~000000000000000000000000000000~YAAQdPEBF/8CVuCdAQAA0afL/R8EoP4Q669eixNzCFUdj7Gv/6HblyE1otUFrPf1GgSSlNbQk8j+l+GBcjD+PxH2wT5TDICwDQgYxQD37P9TtxCLiWR6sRy7Pe153OFGKf6DokDnLuWBHMcqw7jPQgV2wUXKEVKlWnqpYRjFfHisJBOC/awIt3Nmv/U9HOzkVtdii7diPqqIif4rx247kKLcbO1j4nesvozf0jrLsygaCBUAV4/Q/pNVttXUOUR+JlqmwNU82vd8BSlQ0UF6lQjEdgeyJLrNtpxIzqgYlzGzdyd11Y0dk3/7UOWfh/YR30wlSm3ZL4wClMpSv3SAZ8WfwNwl717bESxcykDRIP/+cATusMVkcnmkRqHSinISNd+EyXLB/xOL8Y8=; Domain=.deezer.com; Path=/; Expires=Wed, 06 May 2026 16:57:55 GMT; Max-Age=7200; HttpOnly
1778079474.806 10430   567   869 I OkHttp  : set-cookie: bm_sz=DDDDB31A52160791A971F5B948066DF2~YAAQdPEBFwADVuCdAQAA0afL/R/lxb+j3n4lc42EHD+VNywm2dDCj8WNFaifpvmnPBE8fGIN6mRUbd3L7F4hQijJcdRwHImp/PciLqZXam5KPeaJapI0rO30rWksdexcX1xaEWJApgfX2H39OVx2enwGhR6pRTAQ5wcGChnKwDvb+JDbLyr1S8sbGx3u2KGksU1aQA5EqqbbFLvgt6bzFP9651Dbk1TXxG/2X3dZ6t2TH/ESCd8FzQa0GC1nvwB6gDyIV32P34hmv67z3RJh3PilGcP5gND/2wMR39KXwrdtlKtepGURjdwLVNZ3mh7jFQxIzRCc5pL5oTNzexHSvV5NBfVvuRfl02IsEIVnz/Z5gqhR+fE=~3158841~4276788; Domain=.deezer.com; Path=/; Expires=Wed, 06 May 2026 18:57:55 GMT; Max-Age=14400
1778079474.813 10430   567   869 I OkHttp  : {"data":[],"total":0}
1778079474.813 10430   567   869 I OkHttp  : <-- END HTTP (851ms, 21-byte body)
1778079474.824 10430   567   698 D ArtistImageRepository: No Deezer artist found for: Third Hour - Topic
1778079475.146 10430   567   619 I GitHubAnnouncementPropertiesService$fetchPlayStoreAnnouncement: Remote announcement properties file not found. Keeping announcement disabled.
1778079475.746 10430   567   567 D MusicService: onCustomCommand received: com.theveloper.pixeltune.SET_SHUFFLE_STATE
1778079475.747 10430   567   567 D MusicService_PixelTune: Skipping media button preference update on API 31+ while inactive: playWhenReady=false, state=1
1778079475.759 10430   567   707 E MusicService_PixelTune: Error al actualizar el widget
1778079475.759 10430   567   707 E MusicService_PixelTune: kotlinx.coroutines.JobCancellationException: StandaloneCoroutine was cancelled; job=StandaloneCoroutine{Cancelling}@64ec08b
1778079475.830 10430   567   582 I OpenGLRenderer: Davey! duration=1809ms; Flags=0, FrameTimelineVsyncId=51849105, IntendedVsync=102297687422422, Vsync=102298203947398, InputEventId=0, HandleInputStart=102298210519412, AnimationStart=102298210524412, PerformTraversalsStart=102298474653682, DrawStart=102298475174568, FrameDeadline=102297708086803, FrameInterval=102298210386026, FrameStartTime=8331048, SyncQueued=102299412822172, SyncStart=102299412941755, IssueDrawCommandsStart=102299413438057, SwapBuffers=102299487212693, FrameCompleted=102299496619099, DequeueBufferDuration=30729, QueueBufferDuration=704375, GpuCompleted=102299496619099, SwapBuffersCompleted=102299489294672, DisplayPresentTime=0, CommandSubmissionCompleted=102299487212693,
1778079475.852 10430   567   567 I Choreographer: Skipped 157 frames!  The application may be doing too much work on its main thread.
1778079476.122 10430   567   582 I OpenGLRenderer: Davey! duration=1578ms; Flags=0, FrameTimelineVsyncId=51850001, IntendedVsync=102298212461583, Vsync=102299520978711, InputEventId=0, HandleInputStart=102299526087328, AnimationStart=102299526088526, PerformTraversalsStart=102299653624359, DrawStart=102299655712797, FrameDeadline=102298233129420, FrameInterval=102299526010818, FrameStartTime=8334504, SyncQueued=102299747832536, SyncStart=102299747942328, IssueDrawCommandsStart=102299748566911, SwapBuffers=102299778024307, FrameCompleted=102299791103422, DequeueBufferDuration=31302, QueueBufferDuration=1157292, GpuCompleted=102299791103422, SwapBuffersCompleted=102299780067797, DisplayPresentTime=0, CommandSubmissionCompleted=102299778024307,
1778079476.161 10430   567   567 I Choreographer: Skipped 36 frames!  The application may be doing too much work on its main thread.
1778079476.418 10430   567   848 W MusicService_PixelTune: No se encontraron widgets para actualizar
1778079476.491 10430   567   848 D WearStatePublisher: Published state to Wear:  (playing=false)
1778079478.091 10430   567   567 D ViewRootImpl: update {(0,0)(fillxfill) gr=CENTER sim={adjust=nothing forwardNavigation} layoutInDisplayCutoutMode=always ty=APPLICATION fmt=TRANSPARENT
1778079478.091 10430   567   567 D ViewRootImpl:   fl=LAYOUT_IN_SCREEN LAYOUT_INSET_DECOR SPLIT_TOUCH HARDWARE_ACCELERATED DRAWS_SYSTEM_BAR_BACKGROUNDS
1778079478.091 10430   567   567 D ViewRootImpl:   pfl=NO_MOVE_ANIMATION FORCE_DRAW_STATUS_BAR_BACKGROUND FIT_INSETS_CONTROLLED
1778079478.091 10430   567   567 D ViewRootImpl:   bhv=DEFAULT
1778079478.091 10430   567   567 D ViewRootImpl:   fitSides=} by setView
1778079478.110 10430   567   567 D VRI[MainActivity]: update {(0,0)(fillxfill) gr=CENTER sim={adjust=nothing} layoutInDisplayCutoutMode=always ty=APPLICATION fmt=TRANSPARENT
1778079478.110 10430   567   567 D VRI[MainActivity]:   fl=LAYOUT_IN_SCREEN LAYOUT_INSET_DECOR SPLIT_TOUCH HARDWARE_ACCELERATED DRAWS_SYSTEM_BAR_BACKGROUNDS
1778079478.110 10430   567   567 D VRI[MainActivity]:   pfl=NO_MOVE_ANIMATION FORCE_DRAW_STATUS_BAR_BACKGROUND FIT_INSETS_CONTROLLED
1778079478.110 10430   567   567 D VRI[MainActivity]:   bhv=DEFAULT
1778079478.110 10430   567   567 D VRI[MainActivity]:   fitSides=} by setLayoutParams
1778079478.112 10430   567   567 D VRI[MainActivity]: update {(0,0)(fillxfill) gr=CENTER sim={adjust=nothing} layoutInDisplayCutoutMode=always ty=APPLICATION fmt=TRANSPARENT
1778079478.112 10430   567   567 D VRI[MainActivity]:   fl=LAYOUT_IN_SCREEN LAYOUT_INSET_DECOR SPLIT_TOUCH HARDWARE_ACCELERATED DRAWS_SYSTEM_BAR_BACKGROUNDS
1778079478.112 10430   567   567 D VRI[MainActivity]:   pfl=NO_MOVE_ANIMATION FORCE_DRAW_STATUS_BAR_BACKGROUND FIT_INSETS_CONTROLLED
1778079478.112 10430   567   567 D VRI[MainActivity]:   bhv=DEFAULT
1778079478.112 10430   567   567 D VRI[MainActivity]:   fitSides=} by setLayoutParams
1778079478.115 10430   567   567 D VRI[MainActivity]: update {(0,0)(fillxfill) gr=CENTER sim={adjust=nothing} layoutInDisplayCutoutMode=always ty=APPLICATION fmt=TRANSPARENT
1778079478.115 10430   567   567 D VRI[MainActivity]:   fl=LAYOUT_IN_SCREEN LAYOUT_INSET_DECOR SPLIT_TOUCH HARDWARE_ACCELERATED DRAWS_SYSTEM_BAR_BACKGROUNDS
1778079478.115 10430   567   567 D VRI[MainActivity]:   pfl=NO_MOVE_ANIMATION FORCE_DRAW_STATUS_BAR_BACKGROUND FIT_INSETS_CONTROLLED
1778079478.115 10430   567   567 D VRI[MainActivity]:   bhv=DEFAULT
1778079478.115 10430   567   567 D VRI[MainActivity]:   fitSides=} by setLayoutParams
1778079478.296 10430   567   698 D PixelTuneApplication$onCreate: Performing startup Telegram cache cleanup...
1778079478.298 10430   567   743 E TelegramClientManager: TDLib Error: 401 - Unauthorized
1778079478.299 10430   567   698 E TelegramCacheManager: TelegramCacheManager: Error clearing TDLib cache
1778079478.299 10430   567   698 E TelegramCacheManager: com.theveloper.pixeltune.data.telegram.TdlibRequestException: Unauthorized
1778079478.299 10430   567   698 E TelegramCacheManager: 	at com.theveloper.pixeltune.data.telegram.TelegramClientManager$sendRequest$2$1.onResult(TelegramClientManager.kt:165)
1778079478.299 10430   567   698 E TelegramCacheManager: 	at org.drinkless.tdlib.Client$ResponseReceiver.processResult(Client.java:190)
1778079478.299 10430   567   698 E TelegramCacheManager: 	at org.drinkless.tdlib.Client$ResponseReceiver.run(Client.java:172)
1778079478.299 10430   567   698 E TelegramCacheManager: 	at java.lang.Thread.run(Thread.java:1564)
1778079478.336 10430   567   670 W Parcel  : Expecting binder but got null!
1778079478.337 10430   567   567 I Choreographer: Skipped 34 frames!  The application may be doing too much work on its main thread.
1778079478.375 10430   567   567 D VRI[MainActivity]: update {(0,0)(fillxfill) gr=CENTER sim={adjust=nothing} layoutInDisplayCutoutMode=always ty=APPLICATION fmt=TRANSPARENT
1778079478.375 10430   567   567 D VRI[MainActivity]:   fl=LAYOUT_IN_SCREEN LAYOUT_INSET_DECOR SPLIT_TOUCH HARDWARE_ACCELERATED DRAWS_SYSTEM_BAR_BACKGROUNDS
1778079478.375 10430   567   567 D VRI[MainActivity]:   pfl=NO_MOVE_ANIMATION FORCE_DRAW_STATUS_BAR_BACKGROUND FIT_INSETS_CONTROLLED
1778079478.375 10430   567   567 D VRI[MainActivity]:   bhv=DEFAULT
1778079478.375 10430   567   567 D VRI[MainActivity]:   fitSides=} by setLayoutParams
1778079478.377 10430   567   567 D VRI[MainActivity]: update {(0,0)(fillxfill) gr=CENTER sim={adjust=nothing} layoutInDisplayCutoutMode=always ty=APPLICATION fmt=TRANSPARENT
1778079478.377 10430   567   567 D VRI[MainActivity]:   fl=LAYOUT_IN_SCREEN LAYOUT_INSET_DECOR SPLIT_TOUCH HARDWARE_ACCELERATED DRAWS_SYSTEM_BAR_BACKGROUNDS
1778079478.377 10430   567   567 D VRI[MainActivity]:   pfl=NO_MOVE_ANIMATION FORCE_DRAW_STATUS_BAR_BACKGROUND FIT_INSETS_CONTROLLED
1778079478.377 10430   567   567 D VRI[MainActivity]:   bhv=DEFAULT
1778079478.377 10430   567   567 D VRI[MainActivity]:   fitSides=} by setLayoutParams
1778079478.378 10430   567   567 D VRI[MainActivity]: update {(0,0)(fillxfill) gr=CENTER sim={adjust=nothing} layoutInDisplayCutoutMode=always ty=APPLICATION fmt=TRANSPARENT
1778079478.378 10430   567   567 D VRI[MainActivity]:   fl=LAYOUT_IN_SCREEN LAYOUT_INSET_DECOR SPLIT_TOUCH HARDWARE_ACCELERATED DRAWS_SYSTEM_BAR_BACKGROUNDS
1778079478.378 10430   567   567 D VRI[MainActivity]:   pfl=NO_MOVE_ANIMATION FORCE_DRAW_STATUS_BAR_BACKGROUND FIT_INSETS_CONTROLLED
1778079478.378 10430   567   567 D VRI[MainActivity]:   bhv=DEFAULT
1778079478.378 10430   567   567 D VRI[MainActivity]:   fitSides=} by setLayoutParams
1778079478.927 10430   567  1219 D ProfileInstaller: Installing profile for com.saine.pixeltune.debug
1778079479.530 10430   567   670 D Surface : Surface::disconnect
1778079479.530 10430   567   670 D BufferQueueProducer: [VRI[MainActivity]#1(BLAST Consumer)1](id:23700000001,api:1,p:567,c:567) disconnect: api 1
1778079482.612 10430   567   567 D PlaylistVM: Loading songs for selection. Page: 1, PageSize: 100
1778079482.703 10430   567   577 W pixeltune.debug: Cleared Reference was only reachable from finalizer (only reported once)
1778079482.710 10430   567   577 I pixeltune.debug: Background concurrent copying GC freed 15MB AllocSpace bytes, 9(900KB) LOS objects, 49% free, 13MB/26MB, paused 262us,97us total 110.071ms
1778079482.868 10430   567   567 I Choreographer: Skipped 33 frames!  The application may be doing too much work on its main thread.
1778079482.924 10430   567   567 D PlaylistVM: Loaded 22 songs for selection.
1778079484.156 10430   567   567 D InsetsController: show(ime(), fromIme=false)
1778079484.157 10430   567   567 D InputMethodManager: showSoftInput() view=androidx.compose.ui.platform.AndroidComposeView{dbf1648 VFED..... .F....ID 0,0-1080,2400 aid=1073741824} flags=0 reason=SHOW_SOFT_INPUT_BY_INSETS_API
1778079484.201 10430   567   567 I AssistStructure: Flattened final assist data: 512 bytes, containing 1 windows, 3 views
1778079484.225 10430   567   567 D InputMethodManager: showSoftInput() view=androidx.compose.ui.platform.AndroidComposeView{dbf1648 VFED..... .F...... 0,0-1080,2400 aid=1073741824} flags=0 reason=SHOW_SOFT_INPUT
1778079484.343 10430   567   567 D InsetsController: show(ime(), fromIme=true)
1778079484.344 10430   567   567 D InsetsController: show(ime(), fromIme=true)
1778079487.168 10430   567   710 I OkHttp  : --> GET https://www.youtube.com/sw.js
1778079487.169 10430   567   710 I OkHttp  : Origin: https://www.youtube.com
1778079487.169 10430   567   710 I OkHttp  : Referer: https://www.youtube.com
1778079487.169 10430   567   710 I OkHttp  : Accept-Language: en-GB, en;q=0.9
1778079487.169 10430   567   710 I OkHttp  : User-Agent: PixelTune/1.0 (Android; Music Player)
1778079487.169 10430   567   710 I OkHttp  : --> END GET
1778079487.805 10430   567   710 I OkHttp  : <-- 200 https://www.youtube.com/sw.js (635ms)
1778079487.805 10430   567   710 I OkHttp  : content-type: text/javascript; charset=utf-8
1778079487.805 10430   567   710 I OkHttp  : x-content-type-options: nosniff
1778079487.805 10430   567   710 I OkHttp  : expires: Wed, 06 May 2026 14:58:08 GMT
1778079487.805 10430   567   710 I OkHttp  : date: Wed, 06 May 2026 14:58:08 GMT
1778079487.805 10430   567   710 I OkHttp  : cache-control: private, max-age=0
1778079487.805 10430   567   710 I OkHttp  : p3p: CP="This is not a P3P policy! See http://support.google.com/accounts/answer/151657?hl=en-GB for more info."
1778079487.805 10430   567   710 I OkHttp  : x-frame-options: SAMEORIGIN
1778079487.805 10430   567   710 I OkHttp  : strict-transport-security: max-age=31536000
1778079487.805 10430   567   710 I OkHttp  : cross-origin-opener-policy: same-origin; report-to="youtube_main"
1778079487.805 10430   567   710 I OkHttp  : origin-trial: AmhMBR6zCLzDDxpW+HfpP67BqwIknWnyMOXOQGfzYswFmJe+fgaI6XZgAzcxOrzNtP7hEDsOo1jdjFnVr2IdxQ4AAAB4eyJvcmlnaW4iOiJodHRwczovL3lvdXR1YmUuY29tOjQ0MyIsImZlYXR1cmUiOiJXZWJWaWV3WFJlcXVlc3RlZFdpdGhEZXByZWNhdGlvbiIsImV4cGlyeSI6MTc1ODA2NzE5OSwiaXNTdWJkb21haW4iOnRydWV9
1778079487.805 10430   567   710 I OkHttp  : origin-trial: AiDEBptUfVeO93q48VdVMe/ubupazdAl8AaHP+NBzdnW8quUcHdzJUyGSfrmtpKJu7EOvwRp9ug2rEo3XU+WMAMAAAB2eyJvcmlnaW4iOiJodHRwczovL3lvdXR1YmUuY29tOjQ0MyIsImZlYXR1cmUiOiJEZXZpY2VCb3VuZFNlc3Npb25DcmVkZW50aWFsczIiLCJleHBpcnkiOjE3NzQzMTA0MDAsImlzU3ViZG9tYWluIjp0cnVlfQ==
1778079487.805 10430   567   710 I OkHttp  : permissions-policy: ch-ua-arch=*, ch-ua-bitness=*, ch-ua-full-version=*, ch-ua-full-version-list=*, ch-ua-model=*, ch-ua-wow64=*, ch-ua-form-factors=*, ch-ua-platform=*, ch-ua-platform-version=*
1778079487.805 10430   567   710 I OkHttp  : report-to: {"group":"youtube_main","max_age":2592000,"endpoints":[{"url":"https://csp.withgoogle.com/csp/report-to/youtube_main"}]}
1778079487.805 10430   567   710 I OkHttp  : content-security-policy: base-uri 'self';object-src 'none';script-src 'report-sample' 'nonce-MibyKkQWwA6_6kADVLRTew' 'unsafe-inline' 'strict-dynamic' https: http: 'unsafe-eval';report-uri https://csp.withgoogle.com/csp/youtube_main/strict
1778079487.805 10430   567   710 I OkHttp  : content-security-policy: require-trusted-types-for 'script'
1778079487.805 10430   567   710 I OkHttp  : accept-ch: Sec-CH-Viewport-Width, Sec-CH-DPR, Device-Memory
1778079487.805 10430   567   710 I OkHttp  : vary: Sec-CH-Viewport-Width, Sec-CH-DPR, Device-Memory
1778079487.805 10430   567   710 I OkHttp  : access-control-allow-origin: https://www.youtube.com
1778079487.805 10430   567   710 I OkHttp  : access-control-allow-credentials: true
1778079487.805 10430   567   710 I OkHttp  : reporting-endpoints: crash-reporting="/web-reports?context=eJwNzn9o1HUcx_G-ezJbO7e7732_n8_7Sxe51mE0uXVdbVEyxGEjhOkgEumE6X4U0rrJ9t21I0sxJ5YpmygxK9FIXc2O_JE010yjWqS2MStspdFaymwzsWwri_r88YAXvOH1eudfy40-lrJW3NNiPTrUar1a5Vt_7vet9_p9a7IobSWL01bTj-3W7tDynPbbl-f0P5lP-2_5JOcFOLc4wOSSAM-sCHDsQID-wwEuXA5Q1jabiZoCBroLWDVWQE9fITWDhXQZV_8tpLwiSLoxSCAdZNfLQe5_LYh8GWTzWJCBaIiR10P8MB1iW5nNG0_YXKi1qX7aZu1am41G5Tabj9-1iWRt7piwGZuxGa0K89_iMNXJMJebw1R8FWb-SJjbbnWojjj0znGIlTnMLHXIb3boaHH4Zb1DcqcDBx0GjjhUnXf4_ZLDjusO_9x02OK61IhLwUMudb7Lsm6XF40TRnaPy_DbLpmDLpODLqkzLn3DLr3nXZ4ddWmfcXnzFsUirbjbUwxFFJk5ita5ikSJYm9cUfm4osJXvLNJcegVhbXT3E8rzp5V9H1njCq6rireytUctzXzHc1mpWmIaLbM09y8T5O3RNNZrznTpMms0Wwypls1p9o0z2c0Tes0PRs0FRs1lV2abI9ma1Zz7X1N9Jhmx6Cmd1Sz4GdN94Rm4ZRm-w1N5C_NHznCdJ5wRQtTRcKdxUIsKpy8V1iWEEoWCB8aRyqFX43hRUJ5UhhbKcxNCXvWCbNeElSHkDW-2SpEt5t8SFh51PR9IOw6LjzwkdBxQmg4KaROCRc_ES59Knz2uXDuCyE9ZHa_Fl4wLn4r3DCcn4SF40LXFWF8Shi5LnTOCNbf5qdcjxrPY0ORx767PE6XeEjCo9TwH_EIz85bn50amhXq3D3-fU5xLNPc5rfVNZY-11gXe6qlOeXHGlMNsfqW1f7q-lVNtYl4ojxeFn-wNP5w7Zr4_6u07kM"
1778079487.805 10430   567   710 I OkHttp  : document-policy: include-js-call-stacks-in-crash-reports
1778079487.805 10430   567   710 I OkHttp  : server: ESF
1778079487.805 10430   567   710 I OkHttp  : x-xss-protection: 0
1778079487.805 10430   567   710 I OkHttp  : set-cookie: __Secure-YNID=18.YT=KoxI4rmGRWsq7B-k4sT_G85iOXYbFqe3Y9M5KRL2Bv8Nb5Tj1N_ARLztRBsiC2SIelGw3uKJHnihcJ7d26dYfH9qUynf9HZ7ivLvY1raWymljAUUbjGoPW1Bn73qsm7nSiToqHJ8wf0g-dtnqK5Po7Hnqo4DYlNJpK9FgIZYA_HQtKwWO7GdKDJS0Cam8WeSlWH_mpruEqJsUU_W-9-ffPhXHKnh3tUTMTfNAUd6bzvoC0amlVtUrY1y2mq1nuTX7a4NYWBMr4ifR5PqovUMxpl3cCo40y_VbM4OFxgsS9BmIdGlrrZVITcYf46cYfF9ELzvUX-R177R3x0K6a8jWw; expires=Mon, 02-Nov-2026 14:58:08 GMT; path=/; domain=.youtube.com; Secure; HttpOnly; SameSite=none
1778079487.805 10430   567   710 I OkHttp  : set-cookie: YSC=PBa7fRl2u1M; Domain=.youtube.com; Path=/; Secure; HttpOnly; SameSite=none
1778079487.805 10430   567   710 I OkHttp  : set-cookie: __Secure-YEC=; Domain=.youtube.com; Expires=Thu, 10-Aug-2023 14:58:08 GMT; Path=/; Secure; HttpOnly; SameSite=lax
1778079487.805 10430   567   710 I OkHttp  : set-cookie: VISITOR_INFO1_LIVE=k8Bog7nORFE; Domain=.youtube.com; Expires=Mon, 02-Nov-2026 14:58:08 GMT; Path=/; Secure; HttpOnly; SameSite=none
1778079487.805 10430   567   710 I OkHttp  : set-cookie: VISITOR_PRIVACY_METADATA=CgJJThIEGgAgUA%3D%3D; Domain=.youtube.com; Expires=Mon, 02-Nov-2026 14:58:08 GMT; Path=/; Secure; HttpOnly; SameSite=none
1778079487.805 10430   567   710 I OkHttp  : set-cookie: __Secure-ROLLOUT_TOKEN=CJzj-Nq9gZyCmgEQ3dy6ovaklAMY3dy6ovaklAM%3D; Domain=youtube.com; Expires=Mon, 02-Nov-2026 14:58:08 GMT; Path=/; Secure; HttpOnly; SameSite=none; Partitioned
1778079487.805 10430   567   710 I OkHttp  : alt-svc: h3=":443"; ma=2592000,h3-29=":443"; ma=2592000
1778079487.807 10430   567   710 I OkHttp  : /** 340940395072824664 */self.document = self; self.window = self;var ytcfg={d:function(){return window.yt&&yt.config_||ytcfg.data_||(ytcfg.data_={})},get:function(k,o){return k in ytcfg.d()?ytcfg.d()[k]:o},set:function(){var a=arguments;if(a.length>1)ytcfg.d()[a[0]]=a[1];else{var k;for(k in a[0])ytcfg.d()[k]=a[0][k]}}};
1778079487.807 10430   567   710 I OkHttp  : ytcfg.set({"EXPERIMENT_FLAGS":{"ab_det_apm":true,"ab_det_el_h":true,"ab_fk_sk_cl":true,"action_companion_center_align_description":true,"allow_skip_networkless":true,"att_web_record_metrics":true,"attmusi":true,"attmusiw":true,"bg_st_hr":true,"compress_gel":true,"cow_optimize_idom_compat":true,"disable_child_node_auto_formatted_strings":true,"disable_log_to_visitor_layer":true,"disable_pacf_logging_for_memory_limited_tv":true,"embeds_desktop_enable_volume_slider":true,"enable_a11y_focus_fix_for_mac_panel_on_desktop":true,"enable_access_code_service_rpc":true,"enable_active_view_display_ad_renderer_web_home":true,"enable_automotive_form_factor_check":true,"enable_client_sli_logging":true,"enable_client_ve_spec":true,"enable_dai_sdf_h5_preroll":true,"enable_datasync_id_header_in_web_vss_pings":true,"enable_default_mono_cta_migration_web_client":true,"enable_entity_store_from_dependency_injection":true,"enable_gel_log_commands":true,"enable_handles_account_menu_switcher":true,"enable_inline_muted_playback_on_web_search":true,"enable_inline_muted_playback_on_web_search_for_vdc":true,"enable_inline_muted_playback_on_web_search_for_vdcb":true,"enable_is_extended_monitoring":true,"enable_ltc_param_fetch_from_innertube":true,"enable_mixed_direction_formatted_strings":true,"enable_mweb_keyboard_shortcuts":true,"enable_open_in_new_tab_icon_for_short_dr_for_desktop_search":true,"enable_pause_ads_on_ytv_html5":true,"enable_pv_screen_modern_text":true,"enable_redirect_linking_for_desktop_web_client":true,"enable_screen_manager_layer_separation":true,"enable_sdf_companion_h5":true,"enable_sdf_dai_h5_midroll":true,"enable_sdf_h5_endemic_mid_post_roll":true,"enable_sdf_on_h5_unplugged_vod_midroll":true,"enable_sdf_shorts_player_bytes_h5":true,"enable_server_stitched_dai":true,"enable_skip_ad_guidance_prompt":true,"enable_skippable_ads_for_unplugged_ad_pod":true,"enable_smearing_expansion_dai":true,"enable_tectonic_ad_ux_for_halftime":true,"enable_topsoil_wta_for_halftime_live_infra":true,"enable_video_display_compact_button_group_for_desktop_search":true,"enable_web_delhi_icons":true,"enable_web_home_top_landscape_image_layout_level_click":true,"enable_web_tiered_gel":true,"enable_wiz_queue_effect_and_on_init_initial_runs":true,"enable_yt_ata_iframe_authuser":true,"export_networkless_options":true,"export_player_version_to_ytconfig":true,"fill_single_video_with_notify_to_lasr":true,"h5_companion_enable_adcpn_macro_substitution_for_click_pings":true,"h5_inplayer_enable_adcpn_macro_substitution_for_click_pings":true,"h5_reset_cache_and_filter_before_update_masthead":true,"high_ccv_client_side_caching_h5":true,"html5_log_trigger_events_with_debug_data":true,"html5_recognize_predict_start_cue_point":true,"html5_server_stitched_dai_group":true,"html5_ssdai_enable_media_end_cue_range":true,"idb_immediate_commit":true,"il_attach_cache_limit":true,"il_use_view_model_logging_context":true,"json_condensed_response":true,"kevlar_gel_error_routing":true,"kevlar_use_wil_icons":true,"kevlar_vimio_use_shared_monitor":true,"limit_ytcsi_debug_array_size":true,"live_chat_enable_rta_manager":true,"log_click_with_layer_from_element_in_command_handler":true,"log_gel_compression_latency":true,"log_heartbeat_with_lifecycles":true,"migrate_remaining_web_ad_badges_to_innertube":true,"mweb_account_linking_noapp":true,"mweb_enable_click_to_play_pause":true,"mweb_enable_fine_scrubbing_for_recs":true,"mweb_enable_more_chunks":true,"mweb_player_control_on_hover":true,"mweb_progress_bar_seek_on_mouse_click":true,"mweb_shorts_comments_panel_id_change":true,"networkless_logging":true,"offline_error_handling":true,"pageid_as_header_web":true,"par_at_ep":true,"pdg_enable_creator_goals_animations":true,"player_controls_volume_controls_use_player_props":true,"polymer_bad_build_labels":true,"polymer_verifiy_app_state":true,"qoe_send_and_write":true,"record_app_crashed_web":true,"remove_chevron_from_ad_disclosure_banner_h5":true,"remove_masthead_channel_banner_on_refresh":true,"remove_slot_id_exited_trigger_
1778079487.807 10430   567   710 I OkHttp  : for_dai_in_player_slot_expire":true,"service_worker_static_routing_exclude_embed":true,"service_worker_static_routing_registration":true,"shell_load_gcf":true,"skip_ls_gel_retry":true,"smarter_ve_dedupping":true,"start_client_gcf":true,"stop_handling_click_for_non_rendering_overlay_layout":true,"suppress_error_204_logging":true,"sw_nav_request_network_first":true,"transport_use_scheduler":true,"use_event_time_ms_header":true,"use_fifo_for_networkless":true,"use_request_time_ms_header":true,"use_session_based_sampling":true,"use_thumbnail_overlay_time_status_renderer_for_live_badge":true,"vss_final_ping_send_and_write":true,"vss_playback_use_send_and_write":true,"web_api_url":true,"web_button_view_model_non_nullish_data":true,"web_button_vm_refactor_disabled":true,"web_csi_action_sampling_enabled":true,"web_csi_debug_sample_enabled":true,"web_dedupe_ve_grafting":true,"web_disable_chip_view_model_mutation":true,"web_enable_ab_rsp_cl":true,"web_enable_course_icon_update":true,"web_enable_entity_upsert_on_update":true,"web_enable_error_204":true,"web_forward_command_on_pbj":true,"web_gcf_hashes_innertube":true,"web_hide_your_data_on_automotive":true,"web_log_memory_total_kbytes":true,"web_monomer_web_component_wrapper_handle_errors":true,"web_prefetch_preload_video":true,"web_progress_bar_draggable":true,"webpo_exit_on_net_err":true,"wil_icon_render_when_idle":true,"wiz_diff_overwritable":true,"wiz_next_client_ve_parent_fix":true,"wiz_next_ld_fix_client_ve_spec":true,"wiz_wrapper_callback_props_fix":true,"wug_networking_gzip_request":true,"H5_async_logging_delay_ms":30000.0,"app_shell_asset_log_fraction":0.01,"attention_logging_scroll_throttle":500.0,"log_window_onerror_fraction":0.1,"web_attention_logging_scroll_throttle":500.0,"web_load_prediction_threshold":0.3,"web_navigation_prediction_threshold":0.1,"ytidb_transaction_ended_event_rate_limit":0.02,"botguard_async_snapshot_timeout_ms":3000,"check_navigator_accuracy_timeout_ms":0,"compression_disable_point":10,"custom_active_view_tos_timeout_ms":3600000,"gel_min_batch_size":3,"gel_queue_timeout_max_ms":300000,"initial_gel_batch_timeout":2000,"max_body_size_to_compress":500000,"max_prefetch_window_sec_for_livestream_optimization":10,"min_prefetch_offset_sec_for_livestream_optimization":20,"network_polling_interval":30000,"send_config_hash_timer":0,"slow_compressions_before_abandon_count":4,"web_foreground_heartbeat_interval_ms":28000,"web_logging_max_batch":150,"web_max_tracing_events":50,"web_session_replay_send_after_timeout":0,"web_tracing_session_replay":0,"wil_icon_max_concurrent_fetches":9999,"ytcsi_debug_max_size":100,"ytidb_remake_db_retries":1,"ytidb_reopen_db_retries":0,"il_payload_scraping":"","web_client_version_override":"","kevlar_command_handler_command_banlist":[],"web_op_signal_type_banlist":[],"web_tracing_enabled_spans":["event","command"]},"INNERTUBE_API_KEY":"AIzaSyAO_FJ2SlqU8Q4STEHLGCilw_Y9_11qcW8","INNERTUBE_API_VERSION":"v1","INNERTUBE_CLIENT_NAME":"WEB","INNERTUBE_CLIENT_VERSION":"2.20260505.01.00","INNERTUBE_CONTEXT":{"client":{"hl":"en-GB","gl":"IN","clientName":"WEB","clientVersion":"2.20260505.01.00"}},"INNERTUBE_CONTEXT_CLIENT_NAME":1,"INNERTUBE_CONTEXT_CLIENT_VERSION":"2.20260505.01.00","LATEST_ECATCHER_SERVICE_TRACKING_PARAMS":{"client.name":"WEB"}});window.ytcfg.obfuscatedData_ = [];if (self.trustedTypes && self.trustedTypes.createPolicy) {var policy = self.trustedTypes.createPolicy('youtubeServiceWorkerPolicy', {createScriptURL: function(unused) { return 'https:\/\/www.youtube.com\/s\/desktop\/2279fdfc\/jsbin\/serviceworker-notifications.vflset\/serviceworker-notifications.js'; }}); importScripts(policy.createScriptURL(''));} else {importScripts('https:\/\/www.youtube.com\/s\/desktop\/2279fdfc\/jsbin\/serviceworker-notifications.vflset\/serviceworker-notifications.js');}
1778079487.807 10430   567   710 I OkHttp  : <-- END HTTP (637ms, 8173-byte body)
1778079487.813 10430   567   710 I OkHttp  : --> POST https://www.youtube.com/youtubei/v1/search?prettyPrint=false
1778079487.813 10430   567   710 I OkHttp  : Content-Type: application/json
1778079487.813 10430   567   710 I OkHttp  : Content-Length: 368
1778079487.813 10430   567   710 I OkHttp  : Origin: https://www.youtube.com
1778079487.813 10430   567   710 I OkHttp  : Referer: https://www.youtube.com
1778079487.813 10430   567   710 I OkHttp  : Cookie: SOCS=CAE=
1778079487.813 10430   567   710 I OkHttp  : X-YouTube-Client-Version: 2.20260505.01.00
1778079487.813 10430   567   710 I OkHttp  : X-YouTube-Client-Name: 1
1778079487.813 10430   567   710 I OkHttp  : Accept-Language: en-GB, en;q=0.9
1778079487.813 10430   567   710 I OkHttp  : User-Agent: PixelTune/1.0 (Android; Music Player)
1778079487.814 10430   567   710 I OkHttp  : {"query":"tera","context":{"request":{"internalExperimentFlags":[],"useSsl":true},"client":{"utcOffsetMinutes":0,"hl":"en-GB","gl":"GB","clientName":"WEB","originalUrl":"https://www.youtube.com","clientVersion":"2.20260505.01.00","platform":"DESKTOP","visitorData":"CgtGTkRpVndYVm02Tij-zs7PBjIKCgJHQhIEEgAgLQ%3D%3D"},"user":{"lockedSafetyMode":false}},"params":"8AEB"}
1778079487.814 10430   567   710 I OkHttp  : --> END POST (368-byte body)
1778079488.660 10430   567   710 I OkHttp  : <-- 200 https://www.youtube.com/youtubei/v1/search?prettyPrint=false (846ms)
1778079488.660 10430   567   710 I OkHttp  : content-type: application/json; charset=UTF-8
1778079488.660 10430   567   710 I OkHttp  : vary: Origin
1778079488.660 10430   567   710 I OkHttp  : vary: X-Origin
1778079488.660 10430   567   710 I OkHttp  : vary: Referer
1778079488.660 10430   567   710 I OkHttp  : date: Wed, 06 May 2026 14:58:09 GMT
1778079488.660 10430   567   710 I OkHttp  : server: scaffolding on HTTPServer2
1778079488.660 10430   567   710 I OkHttp  : x-xss-protection: 0
1778079488.660 10430   567   710 I OkHttp  : x-frame-options: SAMEORIGIN
1778079488.660 10430   567   710 I OkHttp  : x-content-type-options: nosniff
1778079488.661 10430   567   710 I OkHttp  : alt-svc: h3=":443"; ma=2592000,h3-29=":443"; ma=2592000
1778079488.784 10430   567   710 I OkHttp  : {"responseContext":{"visitorData":"Cgs1WW1tRDJVNjFpUSiBru3PBjIKCgJJThIEGgAgTQ%3D%3D","serviceTrackingParams":[{"service":"GUIDED_HELP","params":[{"key":"context","value":"yt_web_search"},{"key":"logged_in","value":"0"}]},{"service":"GFEEDBACK","params":[{"key":"has_unlimited_entitlement","value":"False"},{"key":"has_premium_lite_entitlement","value":"False"},{"key":"logged_in","value":"0"},{"key":"visitor_data","value":"Cgs1WW1tRDJVNjFpUSiAru3PBjIKCgJJThIEGgAgTQ%3D%3D"}]},{"service":"CSI","params":[{"key":"yt_ad","value":"1"},{"key":"c","value":"WEB"},{"key":"cver","value":"2.20260505.01.00"},{"key":"yt_li","value":"0"},{"key":"GetSearch_rid","value":"0x8bdc58bf9bd5ca6b"}]},{"service":"ECATCHER","params":[{"key":"client.version","value":"2.20260505"},{"key":"client.name","value":"WEB"}]}],"mainAppWebResponseContext":{"loggedOut":true,"trackingParam":"k5_fmPxhoXZRWsbg_6DwNTKIv_IA0LBgGE1nmhIAktEvzg7LcWioY3_3rzRMkuMESLBwOcCw59TLtslLKPQGSS"},"responseId":"IhMImNLIovaklAMVNXgqCR0LATSa","webResponseContextExtensionData":{"webResponseContextPreloadData":{"preloadMessageNames":["twoColumnSearchResultsRenderer","sectionListRenderer","itemSectionRenderer","videoRenderer","channelThumbnailWithLinkRenderer","decoratedAvatarViewModel","avatarViewModel","menuRenderer","menuServiceItemRenderer","unifiedSharePanelRenderer","thumbnailOverlayTimeStatusRenderer","thumbnailOverlayToggleButtonRenderer","thumbnailOverlayNowPlayingRenderer","thumbnailOverlayLoadingPreviewRenderer","metadataBadgeRenderer","gridShelfViewModel","shortsLockupViewModel","thumbnailViewModel","reelPlayerOverlayRenderer","reelWatchAccessibilityRenderer","sheetViewModel","listViewModel","listItemViewModel","sectionHeaderViewModel","buttonViewModel","channelRenderer","buttonRenderer","shelfRenderer","verticalListRenderer","continuationItemRenderer","searchSubMenuRenderer","searchFilterGroupRenderer","searchFilterRenderer","toggleButtonRenderer","desktopTopbarRenderer","topbarLogoRenderer","fusionSearchboxRenderer","dialogViewModel","dialogHeaderViewModel","panelFooterViewModel","basicContentViewModel","topbarMenuButtonRenderer","multiPageMenuRenderer","hotkeyDialogRenderer","hotkeyDialogSectionRenderer","hotkeyDialogSectionOptionRenderer"]},"hasDecorated":true}},"estimatedResults":"7286064","contents":{"twoColumnSearchResultsRenderer":{"primaryContents":{"sectionListRenderer":{"contents":[{"itemSectionRenderer":{"contents":[{"videoRenderer":{"videoId":"3gQozRwTFzI","thumbnail":{"thumbnails":[{"url":"https://i.ytimg.com/vi/3gQozRwTFzI/hq720.jpg?sqp=-oaymwEjCOgCEMoBSFryq4qpAxUIARUAAAAAGAElAADIQj0AgKJDeAE=&rs=AOn4CLDq_qNaYEMfPCFT_AS8C1e4ljnsfQ","width":360,"height":202},{"url":"https://i.ytimg.com/vi/3gQozRwTFzI/hq720.jpg?sqp=-oaymwEXCNAFEJQDSFryq4qpAwkIARUAAIhCGAE=&rs=AOn4CLClJCe0haZkBNAaNNS8JmNmA_QXhQ","width":720,"height":404}]},"title":{"runs":[{"text":"TERA MERA RISHTA PURANA (LYRICS) - MUSTAFA ZAHID | AWARAPAN | EMRAAN HASHMI | PRITAM, SAYEED QUADRI"}],"accessibility":{"accessibilityData":{"label":"TERA MERA RISHTA PURANA (LYRICS) - MUSTAFA ZAHID | AWARAPAN | EMRAAN HASHMI | PRITAM, SAYEED QUADRI 5 minutes, 14 seconds"}}},"longBylineText":{"runs":[{"text":"Universal Records","navigationEndpoint":{"clickTrackingParams":"CI4CENwwGAAiEwiY0sii9qSUAxU1eCoJHQsBNJrKAQRMH_Vj","commandMetadata":{"webCommandMetadata":{"url":"/@universalrecords6865","webPageType":"WEB_PAGE_TYPE_CHANNEL","rootVe":3611,"apiUrl":"/youtubei/v1/browse"}},"browseEndpoint":{"browseId":"UCjG3oE2NHcv2SSO3NHKWXUQ","canonicalBaseUrl":"/@universalrecords6865"}}}]},"publishedTimeText":{"simpleText":"3 years ago"},"lengthText":{"accessibility":{"accessibilityData":{"label":"5 minutes, 14 seconds"}},"simpleText":"5:14"},"viewCountText":{"simpleText":"25,935,543 views"},"navigationEndpoint":{"clickTrackingParams":"CI4CENwwGAAiEwiY0sii9qSUAxU1eCoJHQsBNJoyBnNlYXJjaFIEdGVyYZoBAxD0JMoBBEwf9WM=","commandMetadata":{"webCommandMetadata":{"url":"/watch?v=3gQozRwTFzI&list=RD3gQozRwTFzI&start_radio=1&pp=ygUEdGVyYaAHAQ%3D%3D","webPageType":"WEB_PAGE_TYPE
1778079488.784 10430   567   710 I OkHttp  : _WATCH","rootVe":3832}},"watchEndpoint":{"videoId":"3gQozRwTFzI","playlistId":"RD3gQozRwTFzI","params":"OAHAAQGqAwR0ZXJhugMLCLbcvYfr7MHO0AG6AwsIqrHek_icy-rMAboDCgjCrfOUvIP-sQm6AwoI7MOVg7KEwtZ4ugMLCKaOpdyAquydrQG6AwoIrMm8uuvVz64FugMLCNOIx-virvH4iwG6AwoImMe5reKWuZ8zugMKCKvfo-iFp93rKroDCwi6-Lne7q720twBugMLCPOpr92hvJXB-wG6AwsIwuuSpqnY4PHEAboDCgjwvb2cqZzjqCC6AwsI4qSo7eq5vNCVAboDCgjmr53kpb3Wqjm6AwoIj_DN7L20oPxwugMLCJDWscyxyv_XmQG6AwoIisr7rvWzvu5B8gMFDV8BHT-4BQE%3D","playerParams":"ygUEdGVyYaAHAQ%3D%3D","loggingContext":{"vssLoggingContext":{"serializedContextData":"Gg1SRDNnUW96UndURnpJ"}},"watchEndpointSupportedOnesieConfig":{"html5PlaybackOnesieConfig":{"commonConfig":{"url":"https://rr1---sn-h4upouxgoxu-gq2e.googlevideo.com/initplayback?source=youtube&oeis=1&c=WEB&oad=3200&ovd=3200&oaad=11000&oavd=11000&ocs=700&oewis=1&oputc=1&ofpcc=1&msp=1&odepv=1&oreouc=1&id=de0428cd1c131732&ip=103.220.88.42&initcwndbps=947500&mt=1778078969&oweuc="}}}}},"ownerText":{"runs":[{"text":"Universal Records","navigationEndpoint":{"clickTrackingParams":"CI4CENwwGAAiEwiY0sii9qSUAxU1eCoJHQsBNJrKAQRMH_Vj","commandMetadata":{"webCommandMetadata":{"url":"/@universalrecords6865","webPageType":"WEB_PAGE_TYPE_CHANNEL","rootVe":3611,"apiUrl":"/youtubei/v1/browse"}},"browseEndpoint":{"browseId":"UCjG3oE2NHcv2SSO3NHKWXUQ","canonicalBaseUrl":"/@universalrecords6865"}}}]},"shortBylineText":{"runs":[{"text":"Universal Records","navigationEndpoint":{"clickTrackingParams":"CI4CENwwGAAiEwiY0sii9qSUAxU1eCoJHQsBNJrKAQRMH_Vj","commandMetadata":{"webCommandMetadata":{"url":"/@universalrecords6865","webPageType":"WEB_PAGE_TYPE_CHANNEL","rootVe":3611,"apiUrl":"/youtubei/v1/browse"}},"browseEndpoint":{"browseId":"UCjG3oE2NHcv2SSO3NHKWXUQ","canonicalBaseUrl":"/@universalrecords6865"}}}]},"trackingParams":"CI4CENwwGAAiEwiY0sii9qSUAxU1eCoJHQsBNJpAsq7M4NGZioLeAQ==","showActionMenu":false,"shortViewCountText":{"accessibility":{"accessibilityData":{"label":"25 million views"}},"simpleText":"25m views"},"menu":{"menuRenderer":{"items":[{"menuServiceItemRenderer":{"text":{"runs":[{"text":"Add to queue"}]},"icon":{"iconType":"ADD_TO_QUEUE_TAIL"},"serviceEndpoint":{"clickTrackingParams":"CJICEP6YBBgNIhMImNLIovaklAMVNXgqCR0LATSaygEETB_1Yw==","commandMetadata":{"webCommandMetadata":{"sendPost":true}},"signalServiceEndpoint":{"signal":"CLIENT_SIGNAL","actions":[{"clickTrackingParams":"CJICEP6YBBgNIhMImNLIovaklAMVNXgqCR0LATSaygEETB_1Yw==","addToPlaylistCommand":{"openMiniplayer":true,"videoId":"3gQozRwTFzI","listType":"PLAYLIST_EDIT_LIST_TYPE_QUEUE","onCreateListCommand":{"clickTrackingParams":"CJICEP6YBBgNIhMImNLIovaklAMVNXgqCR0LATSaygEETB_1Yw==","commandMetadata":{"webCommandMetadata":{"sendPost":true,"apiUrl":"/youtubei/v1/playlist/create"}},"createPlaylistServiceEndpoint":{"videoIds":["3gQozRwTFzI"],"params":"CAQ%3D"}},"videoIds":["3gQozRwTFzI"],"videoCommand":{"clickTrackingParams":"CJICEP6YBBgNIhMImNLIovaklAMVNXgqCR0LATSaygEETB_1Yw==","commandMetadata":{"webCommandMetadata":{"url":"/watch?v=3gQozRwTFzI","webPageType":"WEB_PAGE_TYPE_WATCH","rootVe":3832}},"watchEndpoint":{"videoId":"3gQozRwTFzI","watchEndpointSupportedOnesieConfig":{"html5PlaybackOnesieConfig":{"commonConfig":{"url":"https://rr1---sn-h4upouxgoxu-gq2e.googlevideo.com/initplayback?source=youtube&oeis=1&c=WEB&oad=3200&ovd=3200&oaad=11000&oavd=11000&ocs=700&oewis=1&oputc=1&ofpcc=1&msp=1&odepv=1&oreouc=1&id=de0428cd1c131732&ip=103.220.88.42&initcwndbps=947500&mt=1778078969&oweuc="}}}}}}}]}},"trackingParams":"CJICEP6YBBgNIhMImNLIovaklAMVNXgqCR0LATSa"}},{"menuServiceItemRenderer":{"text":{"runs":[{"text":"Share"}]},"icon":{"iconType":"SHARE"},"serviceEndpoint":{"clickTrackingParams":"CI4CENwwGAAiEwiY0sii9qSUAxU1eCoJHQsBNJrKAQRMH_Vj","commandMetadata":{"webCommandMetadata":{"sendPost":true,"apiUrl":"/youtubei/v1/share/get_share_panel"}},"shareEntityServiceEndpoint":{"serializedShareEntity":"CgszZ1FvelJ3VEZ6SQ%3D%3D","commands":[{"clickTrackingParams":"CI4CENwwGAAiEwiY0sii9qSUAxU1eCoJHQsBNJrKAQRMH_Vj","openPopupAction":{"popup":{"unifiedSharePanelRenderer
1778079488.785 10430   567   710 I OkHttp  : ":{"trackingParams":"CJECEI5iIhMImNLIovaklAMVNXgqCR0LATSa","showLoadingSpinner":true}},"popupType":"DIALOG","beReused":true}}]}},"trackingParams":"CI4CENwwGAAiEwiY0sii9qSUAxU1eCoJHQsBNJo=","hasSeparator":true}}],"trackingParams":"CI4CENwwGAAiEwiY0sii9qSUAxU1eCoJHQsBNJo=","accessibility":{"accessibilityData":{"label":"Action menu"}}}},"channelThumbnailSupportedRenderers":{"channelThumbnailWithLinkRenderer":{"thumbnail":{"thumbnails":[{"url":"https://yt3.ggpht.com/Nja5GpewTQHTdnZx5W0rZOf9EBoDVFLNJe3KvGr0I6mA1nJ4iUSxww-Dj12m9rKsWRQQj8FIZA=s68-c-k-c0x00ffffff-no-rj","width":68,"height":68}]},"navigationEndpoint":{"clickTrackingParams":"CI4CENwwGAAiEwiY0sii9qSUAxU1eCoJHQsBNJrKAQRMH_Vj","commandMetadata":{"webCommandMetadata":{"url":"/@universalrecords6865","webPageType":"WEB_PAGE_TYPE_CHANNEL","rootVe":3611,"apiUrl":"/youtubei/v1/browse"}},"browseEndpoint":{"browseId":"UCjG3oE2NHcv2SSO3NHKWXUQ","canonicalBaseUrl":"/@universalrecords6865"}},"accessibility":{"accessibilityData":{"label":"Go to channel Universal Records"}}}},"thumbnailOverlays":[{"thumbnailOverlayTimeStatusRenderer":{"text":{"accessibility":{"accessibilityData":{"label":"5 minutes, 14 seconds"}},"simpleText":"5:14"},"style":"DEFAULT","icon":{"iconType":"MUSIC"}}},{"thumbnailOverlayToggleButtonRenderer":{"isToggled":false,"untoggledIcon":{"iconType":"WATCH_LATER"},"toggledIcon":{"iconType":"CHECK"},"untoggledTooltip":"Watch Later","toggledTooltip":"Added","untoggledServiceEndpoint":{"clickTrackingParams":"CJACEPnnAxgBIhMImNLIovaklAMVNXgqCR0LATSaygEETB_1Yw==","commandMetadata":{"webCommandMetadata":{"sendPost":true,"apiUrl":"/youtubei/v1/browse/edit_playlist"}},"playlistEditEndpoint":{"playlistId":"WL","actions":[{"addedVideoId":"3gQozRwTFzI","action":"ACTION_ADD_VIDEO"}]}},"toggledServiceEndpoint":{"clickTrackingParams":"CJACEPnnAxgBIhMImNLIovaklAMVNXgqCR0LATSaygEETB_1Yw==","commandMetadata":{"webCommandMetadata":{"sendPost":true,"apiUrl":"/youtubei/v1/browse/edit_playlist"}},"playlistEditEndpoint":{"playlistId":"WL","actions":[{"action":"ACTION_REMOVE_VIDEO_BY_VIDEO_ID","removedVideoId":"3gQozRwTFzI"}]}},"untoggledAccessibility":{"accessibilityData":{"label":"Watch Later"}},"toggledAccessibility":{"accessibilityData":{"label":"Added"}},"trackingParams":"CJACEPnnAxgBIhMImNLIovaklAMVNXgqCR0LATSa"}},{"thumbnailOverlayToggleButtonRenderer":{"untoggledIcon":{"iconType":"ADD_TO_QUEUE_TAIL"},"toggledIcon":{"iconType":"PLAYLIST_ADD_CHECK"},"untoggledTooltip":"Add to queue","toggledTooltip":"Added","untoggledServiceEndpoint":{"clickTrackingParams":"CI8CEMfsBBgCIhMImNLIovaklAMVNXgqCR0LATSaygEETB_1Yw==","commandMetadata":{"webCommandMetadata":{"sendPost":true}},"signalServiceEndpoint":{"signal":"CLIENT_SIGNAL","actions":[{"clickTrackingParams":"CI8CEMfsBBgCIhMImNLIovaklAMVNXgqCR0LATSaygEETB_1Yw==","addToPlaylistCommand":{"openMiniplayer":true,"videoId":"3gQozRwTFzI","listType":"PLAYLIST_EDIT_LIST_TYPE_QUEUE","onCreateListCommand":{"clickTrackingParams":"CI8CEMfsBBgCIhMImNLIovaklAMVNXgqCR0LATSaygEETB_1Yw==","commandMetadata":{"webCommandMetadata":{"sendPost":true,"apiUrl":"/youtubei/v1/playlist/create"}},"createPlaylistServiceEndpoint":{"videoIds":["3gQozRwTFzI"],"params":"CAQ%3D"}},"videoIds":["3gQozRwTFzI"]}}]}},"untoggledAccessibility":{"accessibilityData":{"label":"Add to queue"}},"toggledAccessibility":{"accessibilityData":{"label":"Added"}},"trackingParams":"CI8CEMfsBBgCIhMImNLIovaklAMVNXgqCR0LATSa"}},{"thumbnailOverlayNowPlayingRenderer":{"text":{"runs":[{"text":"Now playing"}]}}},{"thumbnailOverlayLoadingPreviewRenderer":{"text":{"runs":[{"text":"Keep hovering to play"}]}}}],"detailedMetadataSnippets":[{"snippetText":{"runs":[{"text":"TERA","bold":true},{"text":" MERA RISHTA PURANA (LYRICS) - MUSTAFA ZAHID | AWARAPAN | EMRAAN HASHMI | PRITAM, SAYEED QUADRI ..."}]},"snippetHoverText":{"runs":[{"text":"From the video description"}]},"maxOneLine":false}],"inlinePlaybackEndpoint":{"clickTrackingParams":"CI4CENwwGAAiEwiY0sii9qSUAxU1eCoJHQsBNJoyBnNlYXJjaFIEdGVyYZoBAxD0JMoBBEwf9WM=","commandMetadata":{"web
1778079488.785 10430   567   710 I OkHttp  : CommandMetadata":{"url":"/watch?v=3gQozRwTFzI&pp=YAHIAQGiBhUBhL1302QY2tA05UdmvQ4Q9w7i8UQ%3D","webPageType":"WEB_PAGE_TYPE_WATCH","rootVe":3832}},"watchEndpoint":{"videoId":"3gQozRwTFzI","params":"qgMEdGVyYboDCwi23L2H6-zBztABugMLCKqx3pP4nMvqzAG6AwoIwq3zlLyD_rEJugMKCOzDlYOyhMLWeLoDCwimjqXcgKrsna0BugMKCKzJvLrr1c-uBboDCwjTiMfr4q7x-IsBugMKCJjHua3ilrmfM7oDCgir36Pohafd6yq6AwsIuvi53u6u9tLcAboDCwjzqa_dobyVwfsBugMLCMLrkqap2ODxxAG6AwoI8L29nKmc46ggugMLCOKkqO3qubzQlQG6AwoI5q-d5KW91qo5ugMKCI_wzey9tKD8cLoDCwiQ1rHMscr_15kBugMKCIrK-671s77uQfIDBQ1fAR0_","playerParams":"YAHIAQGiBhUBhL1302QY2tA05UdmvQ4Q9w7i8UQ%3D","playerExtraUrlParams":[{"key":"inline","value":"1"}],"watchEndpointSupportedOnesieConfig":{"html5PlaybackOnesieConfig":{"commonConfig":{"url":"https://rr1---sn-h4upouxgoxu-gq2e.googlevideo.com/initplayback?source=youtube&oeis=1&c=WEB&oad=3200&ovd=3200&oaad=11000&oavd=11000&ocs=700&oewis=1&oputc=1&ofpcc=1&msp=1&odepv=1&oreouc=1&id=de0428cd1c131732&ip=103.220.88.42&initcwndbps=947500&mt=1778078969&oweuc="}}}}},"searchVideoResultEntityKey":"EgszZ1FvelJ3VEZ6SSDnAigB","avatar":{"decoratedAvatarViewModel":{"avatar":{"avatarViewModel":{"image":{"sources":[{"url":"https://yt3.ggpht.com/Nja5GpewTQHTdnZx5W0rZOf9EBoDVFLNJe3KvGr0I6mA1nJ4iUSxww-Dj12m9rKsWRQQj8FIZA=s68-c-k-c0x00ffffff-no-rj","width":68,"height":68}]},"avatarImageSize":"AVATAR_SIZE_M"}},"a11yLabel":"Go to channel Universal Records","rendererContext":{"commandContext":{"onTap":{"innertubeCommand":{"clickTrackingParams":"CI4CENwwGAAiEwiY0sii9qSUAxU1eCoJHQsBNJrKAQRMH_Vj","commandMetadata":{"webCommandMetadata":{"url":"/@universalrecords6865","webPageType":"WEB_PAGE_TYPE_CHANNEL","rootVe":3611,"apiUrl":"/youtubei/v1/browse"}},"browseEndpoint":{"browseId":"UCjG3oE2NHcv2SSO3NHKWXUQ","canonicalBaseUrl":"/@universalrecords6865"}}}}}}}}},{"videoRenderer":{"videoId":"0J0HZrDvbjY","thumbnail":{"thumbnails":[{"url":"https://i.ytimg.com/vi/0J0HZrDvbjY/hq720.jpg?sqp=-oaymwEjCOgCEMoBSFryq4qpAxUIARUAAAAAGAElAADIQj0AgKJDeAE=&rs=AOn4CLC8pwbbcoeyKHY2mEgVicZieDN7Og","width":360,"height":202},{"url":"https://i.ytimg.com/vi/0J0HZrDvbjY/hq720.jpg?sqp=-oaymwEXCNAFEJQDSFryq4qpAwkIARUAAIhCGAE=&rs=AOn4CLDAS3nPXTDVsiYcAO1RBVsxAmemVQ","width":720,"height":404}]},"title":{"runs":[{"text":"Tera Mera Rishta Purana (HD) Video Song | Awarapan Movie Song | Emraan Hashmi Songs | Mustafa Zahid"}],"accessibility":{"accessibilityData":{"label":"Tera Mera Rishta Purana (HD) Video Song | Awarapan Movie Song | Emraan Hashmi Songs | Mustafa Zahid 5 minutes, 52 seconds"}}},"longBylineText":{"runs":[{"text":"Vishesh Films","navigationEndpoint":{"clickTrackingParams":"CIkCENwwGAEiEwiY0sii9qSUAxU1eCoJHQsBNJrKAQRMH_Vj","commandMetadata":{"webCommandMetadata":{"url":"/@VisheshFilmsOfficial","webPageType":"WEB_PAGE_TYPE_CHANNEL","rootVe":3611,"apiUrl":"/youtubei/v1/browse"}},"browseEndpoint":{"browseId":"UCA6q5E9yd7cSgl8m0TrxOmQ","canonicalBaseUrl":"/@VisheshFilmsOfficial"}}}]},"publishedTimeText":{"simpleText":"4 years ago"},"lengthText":{"accessibility":{"accessibilityData":{"label":"5 minutes, 52 seconds"}},"simpleText":"5:52"},"viewCountText":{"simpleText":"190,309,649 views"},"navigationEndpoint":{"clickTrackingParams":"CIkCENwwGAEiEwiY0sii9qSUAxU1eCoJHQsBNJoyBnNlYXJjaFIEdGVyYZoBAxD0JMoBBEwf9WM=","commandMetadata":{"webCommandMetadata":{"url":"/watch?v=0J0HZrDvbjY&list=RD0J0HZrDvbjY&start_radio=1&pp=ygUEdGVyYaAHAQ%3D%3D","webPageType":"WEB_PAGE_TYPE_WATCH","rootVe":3832}},"watchEndpoint":{"videoId":"0J0HZrDvbjY","playlistId":"RD0J0HZrDvbjY","params":"OAHAAQGqAwR0ZXJhugMLCLKuzODRmYqC3gG6AwsIqrHek_icy-rMAboDCgjCrfOUvIP-sQm6AwoI7MOVg7KEwtZ4ugMLCKaOpdyAquydrQG6AwoIrMm8uuvVz64FugMLCNOIx-virvH4iwG6AwoImMe5reKWuZ8zugMKCKvfo-iFp93rKroDCwi6-Lne7q720twBugMLCPOpr92hvJXB-wG6AwsIwuuSpqnY4PHEAboDCgjwvb2cqZzjqCC6AwsI4qSo7eq5vNCVAboDCgjmr53kpb3Wqjm6AwoIj_DN7L20oPxwugMLCJDWscyxyv_XmQG6AwoIisr7rvWzvu5B8gMFDV8BHT-4BQE%3D","playerParams":"ygUEdGVyYaAHAQ%3D%3D","loggingContext":{"vssLoggingContext":{"serializedContextData":"Gg1SRDBKMEhackR2YmpZ"}},"watchEndpointSupportedOnesi
1778079488.785 10430   567   710 I OkHttp  : eConfig":{"html5PlaybackOnesieConfig":{"commonConfig":{"url":"https://rr2---sn-h4upouxgoxu-gq2e.googlevideo.com/initplayback?source=youtube&oeis=1&c=WEB&oad=3200&ovd=3200&oaad=11000&oavd=11000&ocs=700&oewis=1&oputc=1&ofpcc=1&msp=1&odepv=1&oreouc=1&id=d09d0766b0ef6e36&ip=103.220.88.42&initcwndbps=947500&mt=1778078969&oweuc="}}}}},"ownerBadges":[{"metadataBadgeRenderer":{"icon":{"iconType":"CHECK_CIRCLE_THICK"},"style":"BADGE_STYLE_TYPE_VERIFIED","tooltip":"Verified","trackingParams":"CIkCENwwGAEiEwiY0sii9qSUAxU1eCoJHQsBNJo=","accessibilityData":{"label":"Verified"}}}],"ownerText":{"runs":[{"text":"Vishesh Films","navigationEndpoint":{"clickTrackingParams":"CIkCENwwGAEiEwiY0sii9qSUAxU1eCoJHQsBNJrKAQRMH_Vj","commandMetadata":{"webCommandMetadata":{"url":"/@VisheshFilmsOfficial","webPageType":"WEB_PAGE_TYPE_CHANNEL","rootVe":3611,"apiUrl":"/youtubei/v1/browse"}},"browseEndpoint":{"browseId":"UCA6q5E9yd7cSgl8m0TrxOmQ","canonicalBaseUrl":"/@VisheshFilmsOfficial"}}}]},"shortBylineText":{"runs":[{"text":"Vishesh Films","navigationEndpoint":{"clickTrackingParams":"CIkCENwwGAEiEwiY0sii9qSUAxU1eCoJHQsBNJrKAQRMH_Vj","commandMetadata":{"webCommandMetadata":{"url":"/@VisheshFilmsOfficial","webPageType":"WEB_PAGE_TYPE_CHANNEL","rootVe":3611,"apiUrl":"/youtubei/v1/browse"}},"browseEndpoint":{"browseId":"UCA6q5E9yd7cSgl8m0TrxOmQ","canonicalBaseUrl":"/@VisheshFilmsOfficial"}}}]},"trackingParams":"CIkCENwwGAEiEwiY0sii9qSUAxU1eCoJHQsBNJpAtty9h-vswc7QAQ==","showActionMenu":false,"shortViewCountText":{"accessibility":{"accessibilityData":{"label":"190 million views"}},"simpleText":"190m views"},"menu":{"menuRenderer":{"items":[{"menuServiceItemRenderer":{"text":{"runs":[{"text":"Add to queue"}]},"icon":{"iconType":"ADD_TO_QUEUE_TAIL"},"serviceEndpoint":{"clickTrackingParams":"CI0CEP6YBBgPIhMImNLIovaklAMVNXgqCR0LATSaygEETB_1Yw==","commandMetadata":{"webCommandMetadata":{"sendPost":true}},"signalServiceEndpoint":{"signal":"CLIENT_SIGNAL","actions":[{"clickTrackingParams":"CI0CEP6YBBgPIhMImNLIovaklAMVNXgqCR0LATSaygEETB_1Yw==","addToPlaylistCommand":{"openMiniplayer":true,"videoId":"0J0HZrDvbjY","listType":"PLAYLIST_EDIT_LIST_TYPE_QUEUE","onCreateListCommand":{"clickTrackingParams":"CI0CEP6YBBgPIhMImNLIovaklAMVNXgqCR0LATSaygEETB_1Yw==","commandMetadata":{"webCommandMetadata":{"sendPost":true,"apiUrl":"/youtubei/v1/playlist/create"}},"createPlaylistServiceEndpoint":{"videoIds":["0J0HZrDvbjY"],"params":"CAQ%3D"}},"videoIds":["0J0HZrDvbjY"],"videoCommand":{"clickTrackingParams":"CI0CEP6YBBgPIhMImNLIovaklAMVNXgqCR0LATSaygEETB_1Yw==","commandMetadata":{"webCommandMetadata":{"url":"/watch?v=0J0HZrDvbjY","webPageType":"WEB_PAGE_TYPE_WATCH","rootVe":3832}},"watchEndpoint":{"videoId":"0J0HZrDvbjY","watchEndpointSupportedOnesieConfig":{"html5PlaybackOnesieConfig":{"commonConfig":{"url":"https://rr2---sn-h4upouxgoxu-gq2e.googlevideo.com/initplayback?source=youtube&oeis=1&c=WEB&oad=3200&ovd=3200&oaad=11000&oavd=11000&ocs=700&oewis=1&oputc=1&ofpcc=1&msp=1&odepv=1&oreouc=1&id=d09d0766b0ef6e36&ip=103.220.88.42&initcwndbps=947500&mt=1778078969&oweuc="}}}}}}}]}},"trackingParams":"CI0CEP6YBBgPIhMImNLIovaklAMVNXgqCR0LATSa"}},{"menuServiceItemRenderer":{"text":{"runs":[{"text":"Share"}]},"icon":{"iconType":"SHARE"},"serviceEndpoint":{"clickTrackingParams":"CIkCENwwGAEiEwiY0sii9qSUAxU1eCoJHQsBNJrKAQRMH_Vj","commandMetadata":{"webCommandMetadata":{"sendPost":true,"apiUrl":"/youtubei/v1/share/get_share_panel"}},"shareEntityServiceEndpoint":{"serializedShareEntity":"CgswSjBIWnJEdmJqWQ%3D%3D","commands":[{"clickTrackingParams":"CIkCENwwGAEiEwiY0sii9qSUAxU1eCoJHQsBNJrKAQRMH_Vj","openPopupAction":{"popup":{"unifiedSharePanelRenderer":{"trackingParams":"CIwCEI5iIhMImNLIovaklAMVNXgqCR0LATSa","showLoadingSpinner":true}},"popupType":"DIALOG","beReused":true}}]}},"trackingParams":"CIkCENwwGAEiEwiY0sii9qSUAxU1eCoJHQsBNJo=","hasSeparator":true}}],"trackingParams":"CIkCENwwGAEiEwiY0sii9qSUAxU1eCoJHQsBNJo=","accessibility":{"accessibilityData":{"label":"Action menu"}}}},"channelThumbnailSupportedRenderers":{"channe
1778079488.785 10430   567   710 I OkHttp  : lThumbnailWithLinkRenderer":{"thumbnail":{"thumbnails":[{"url":"https://yt3.ggpht.com/ytc/AIdro_klC08viutdgrYwVO_b99keXwu4GZ0oYzzXExpepmfCVLo=s68-c-k-c0x00ffffff-no-rj","width":68,"height":68}]},"navigationEndpoint":{"clickTrackingParams":"CIkCENwwGAEiEwiY0sii9qSUAxU1eCoJHQsBNJrKAQRMH_Vj","commandMetadata":{"webCommandMetadata":{"url":"/@VisheshFilmsOfficial","webPageType":"WEB_PAGE_TYPE_CHANNEL","rootVe":3611,"apiUrl":"/youtubei/v1/browse"}},"browseEndpoint":{"browseId":"UCA6q5E9yd7cSgl8m0TrxOmQ","canonicalBaseUrl":"/@VisheshFilmsOfficial"}},"accessibility":{"accessibilityData":{"label":"Go to channel Vishesh Films"}}}},"thumbnailOverlays":[{"thumbnailOverlayTimeStatusRenderer":{"text":{"accessibility":{"accessibilityData":{"label":"5 minutes, 52 seconds"}},"simpleText":"5:52"},"style":"DEFAULT","icon":{"iconType":"MUSIC"}}},{"thumbnailOverlayToggleButtonRenderer":{"isToggled":false,"untoggledIcon":{"iconType":"WATCH_LATER"},"toggledIcon":{"iconType":"CHECK"},"untoggledTooltip":"Watch Later","toggledTooltip":"Added","untoggledServiceEndpoint":{"clickTrackingParams":"CIsCEPnnAxgCIhMImNLIovaklAMVNXgqCR0LATSaygEETB_1Yw==","commandMetadata":{"webCommandMetadata":{"sendPost":true,"apiUrl":"/youtubei/v1/browse/edit_playlist"}},"playlistEditEndpoint":{"playlistId":"WL","actions":[{"addedVideoId":"0J0HZrDvbjY","action":"ACTION_ADD_VIDEO"}]}},"toggledServiceEndpoint":{"clickTrackingParams":"CIsCEPnnAxgCIhMImNLIovaklAMVNXgqCR0LATSaygEETB_1Yw==","commandMetadata":{"webCommandMetadata":{"sendPost":true,"apiUrl":"/youtubei/v1/browse/edit_playlist"}},"playlistEditEndpoint":{"playlistId":"WL","actions":[{"action":"ACTION_REMOVE_VIDEO_BY_VIDEO_ID","removedVideoId":"0J0HZrDvbjY"}]}},"untoggledAccessibility":{"accessibilityData":{"label":"Watch Later"}},"toggledAccessibility":{"accessibilityData":{"label":"Added"}},"trackingParams":"CIsCEPnnAxgCIhMImNLIovaklAMVNXgqCR0LATSa"}},{"thumbnailOverlayToggleButtonRenderer":{"untoggledIcon":{"iconType":"ADD_TO_QUEUE_TAIL"},"toggledIcon":{"iconType":"PLAYLIST_ADD_CHECK"},"untoggledTooltip":"Add to queue","toggledTooltip":"Added","untoggledServiceEndpoint":{"clickTrackingParams":"CIoCEMfsBBgDIhMImNLIovaklAMVNXgqCR0LATSaygEETB_1Yw==","commandMetadata":{"webCommandMetadata":{"sendPost":true}},"signalServiceEndpoint":{"signal":"CLIENT_SIGNAL","actions":[{"clickTrackingParams":"CIoCEMfsBBgDIhMImNLIovaklAMVNXgqCR0LATSaygEETB_1Yw==","addToPlaylistCommand":{"openMiniplayer":true,"videoId":"0J0HZrDvbjY","listType":"PLAYLIST_EDIT_LIST_TYPE_QUEUE","onCreateListCommand":{"clickTrackingParams":"CIoCEMfsBBgDIhMImNLIovaklAMVNXgqCR0LATSaygEETB_1Yw==","commandMetadata":{"webCommandMetadata":{"sendPost":true,"apiUrl":"/youtubei/v1/playlist/create"}},"createPlaylistServiceEndpoint":{"videoIds":["0J0HZrDvbjY"],"params":"CAQ%3D"}},"videoIds":["0J0HZrDvbjY"]}}]}},"untoggledAccessibility":{"accessibilityData":{"label":"Add to queue"}},"toggledAccessibility":{"accessibilityData":{"label":"Added"}},"trackingParams":"CIoCEMfsBBgDIhMImNLIovaklAMVNXgqCR0LATSa"}},{"thumbnailOverlayNowPlayingRenderer":{"text":{"runs":[{"text":"Now playing"}]}}},{"thumbnailOverlayLoadingPreviewRenderer":{"text":{"runs":[{"text":"Keep hovering to play"}]}}}],"detailedMetadataSnippets":[{"snippetText":{"runs":[{"text":"Presenting \""},{"text":"Tera","bold":true},{"text":" Mera Rishta Purana\" Full video song in the voice of Mustafa Zahid from Hindi movie \"Awarapan\" (2007) Starring ..."}]},"snippetHoverText":{"runs":[{"text":"From the video description"}]},"maxOneLine":false}],"inlinePlaybackEndpoint":{"clickTrackingParams":"CIkCENwwGAEiEwiY0sii9qSUAxU1eCoJHQsBNJoyBnNlYXJjaFIEdGVyYZoBAxD0JMoBBEwf9WM=","commandMetadata":{"webCommandMetadata":{"url":"/watch?v=0J0HZrDvbjY&pp=YAHIAQGiBhUBhL130zBvZXgFiWE4_97QVeo66Is%3D","webPageType":"WEB_PAGE_TYPE_WATCH","rootVe":3832}},"watchEndpoint":{"videoId":"0J0HZrDvbjY","params":"qgMEdGVyYboDCwiyrszg0ZmKgt4BugMLCKqx3pP4nMvqzAG6AwoIwq3zlLyD_rEJugMKCOzDlYOyhMLWeLoDCwimjqXcgKrsna0BugMKCKzJvLrr1c-uBboDCwjTiMfr4q7x-IsBugMKCJjHua3ilrmfM7oDCgir36Poh
1778079488.785 10430   567   710 I OkHttp  : afd6yq6AwsIuvi53u6u9tLcAboDCwjzqa_dobyVwfsBugMLCMLrkqap2ODxxAG6AwoI8L29nKmc46ggugMLCOKkqO3qubzQlQG6AwoI5q-d5KW91qo5ugMKCI_wzey9tKD8cLoDCwiQ1rHMscr_15kBugMKCIrK-671s77uQfIDBQ1fAR0_","playerParams":"YAHIAQGiBhUBhL130zBvZXgFiWE4_97QVeo66Is%3D","playerExtraUrlParams":[{"key":"inline","value":"1"}],"watchEndpointSupportedOnesieConfig":{"html5PlaybackOnesieConfig":{"commonConfig":{"url":"https://rr2---sn-h4upouxgoxu-gq2e.googlevideo.com/initplayback?source=youtube&oeis=1&c=WEB&oad=3200&ovd=3200&oaad=11000&oavd=11000&ocs=700&oewis=1&oputc=1&ofpcc=1&msp=1&odepv=1&oreouc=1&id=d09d0766b0ef6e36&ip=103.220.88.42&initcwndbps=947500&mt=1778078969&oweuc="}}}}},"searchVideoResultEntityKey":"EgswSjBIWnJEdmJqWSDnAigB","avatar":{"decoratedAvatarViewModel":{"avatar":{"avatarViewModel":{"image":{"sources":[{"url":"https://yt3.ggpht.com/ytc/AIdro_klC08viutdgrYwVO_b99keXwu4GZ0oYzzXExpepmfCVLo=s68-c-k-c0x00ffffff-no-rj","width":68,"height":68}]},"avatarImageSize":"AVATAR_SIZE_M"}},"a11yLabel":"Go to channel Vishesh Films","rendererContext":{"commandContext":{"onTap":{"innertubeCommand":{"clickTrackingParams":"CIkCENwwGAEiEwiY0sii9qSUAxU1eCoJHQsBNJrKAQRMH_Vj","commandMetadata":{"webCommandMetadata":{"url":"/@VisheshFilmsOfficial","webPageType":"WEB_PAGE_TYPE_CHANNEL","rootVe":3611,"apiUrl":"/youtubei/v1/browse"}},"browseEndpoint":{"browseId":"UCA6q5E9yd7cSgl8m0TrxOmQ","canonicalBaseUrl":"/@VisheshFilmsOfficial"}}}}}}}}},{"videoRenderer":{"videoId":"zNUs54J3mKo","thumbnail":{"thumbnails":[{"url":"https://i.ytimg.com/vi/zNUs54J3mKo/hq720.jpg?sqp=-oaymwEjCOgCEMoBSFryq4qpAxUIARUAAAAAGAElAADIQj0AgKJDeAE=&rs=AOn4CLBpzeVPKI6GT3THLwbc4WEJs4C7Pg","width":360,"height":202},{"url":"https://i.ytimg.com/vi/zNUs54J3mKo/hq720.jpg?sqp=-oaymwEXCNAFEJQDSFryq4qpAwkIARUAAIhCGAE=&rs=AOn4CLBnGsfXv23h_U62CDOc94y-9aI1Tw","width":720,"height":404}]},"title":{"runs":[{"text":"Tera Chehra Title Track Full (Audio) Song Adnan Sami Pop Album Songs"}],"accessibility":{"accessibilityData":{"label":"Tera Chehra Title Track Full (Audio) Song Adnan Sami Pop Album Songs 6 minutes, 33 seconds"}}},"longBylineText":{"runs":[{"text":"Pop Chartbusters","navigationEndpoint":{"clickTrackingParams":"CIQCENwwGAIiEwiY0sii9qSUAxU1eCoJHQsBNJrKAQRMH_Vj","commandMetadata":{"webCommandMetadata":{"url":"/@popchartbusters","webPageType":"WEB_PAGE_TYPE_CHANNEL","rootVe":3611,"apiUrl":"/youtubei/v1/browse"}},"browseEndpoint":{"browseId":"UCzL6rJhkoXkIt0fCv9T9_uA","canonicalBaseUrl":"/@popchartbusters"}}}]},"publishedTimeText":{"simpleText":"13 years ago"},"lengthText":{"accessibility":{"accessibilityData":{"label":"6 minutes, 33 seconds"}},"simpleText":"6:33"},"viewCountText":{"simpleText":"144,579,149 views"},"navigationEndpoint":{"clickTrackingParams":"CIQCENwwGAIiEwiY0sii9qSUAxU1eCoJHQsBNJoyBnNlYXJjaFIEdGVyYZoBAxD0JMoBBEwf9WM=","commandMetadata":{"webCommandMetadata":{"url":"/watch?v=zNUs54J3mKo&list=RDzNUs54J3mKo&start_radio=1&pp=ygUEdGVyYaAHAQ%3D%3D","webPageType":"WEB_PAGE_TYPE_WATCH","rootVe":3832}},"watchEndpoint":{"videoId":"zNUs54J3mKo","playlistId":"RDzNUs54J3mKo","params":"OAHAAQGqAwR0ZXJhugMLCLKuzODRmYqC3gG6AwsItty9h-vswc7QAboDCgjCrfOUvIP-sQm6AwoI7MOVg7KEwtZ4ugMLCKaOpdyAquydrQG6AwoIrMm8uuvVz64FugMLCNOIx-virvH4iwG6AwoImMe5reKWuZ8zugMKCKvfo-iFp93rKroDCwi6-Lne7q720twBugMLCPOpr92hvJXB-wG6AwsIwuuSpqnY4PHEAboDCgjwvb2cqZzjqCC6AwsI4qSo7eq5vNCVAboDCgjmr53kpb3Wqjm6AwoIj_DN7L20oPxwugMLCJDWscyxyv_XmQG6AwoIisr7rvWzvu5B8gMFDV8BHT-4BQE%3D","playerParams":"ygUEdGVyYaAHAQ%3D%3D","loggingContext":{"vssLoggingContext":{"serializedContextData":"Gg1SRHpOVXM1NEozbUtv"}},"watchEndpointSupportedOnesieConfig":{"html5PlaybackOnesieConfig":{"commonConfig":{"url":"https://rr1---sn-h4upouxgoxu-gq2e.googlevideo.com/initplayback?source=youtube&oeis=1&c=WEB&oad=3200&ovd=3200&oaad=11000&oavd=11000&ocs=700&oewis=1&oputc=1&ofpcc=1&msp=1&odepv=1&oreouc=1&id=ccd52ce7827798aa&ip=103.220.88.42&initcwndbps=947500&mt=1778078969&oweuc="}}}}},"ownerBadges":[{"metadataBadgeRenderer":{"icon":{"iconType":"CHECK_CIRCLE_THICK"},"style":"BADGE_STYLE_TYPE_VERIFIED","to
1778079488.785 10430   567   710 I OkHttp  : oltip":"Verified","trackingParams":"CIQCENwwGAIiEwiY0sii9qSUAxU1eCoJHQsBNJo=","accessibilityData":{"label":"Verified"}}}],"ownerText":{"runs":[{"text":"Pop Chartbusters","navigationEndpoint":{"clickTrackingParams":"CIQCENwwGAIiEwiY0sii9qSUAxU1eCoJHQsBNJrKAQRMH_Vj","commandMetadata":{"webCommandMetadata":{"url":"/@popchartbusters","webPageType":"WEB_PAGE_TYPE_CHANNEL","rootVe":3611,"apiUrl":"/youtubei/v1/browse"}},"browseEndpoint":{"browseId":"UCzL6rJhkoXkIt0fCv9T9_uA","canonicalBaseUrl":"/@popchartbusters"}}}]},"shortBylineText":{"runs":[{"text":"Pop Chartbusters","navigationEndpoint":{"clickTrackingParams":"CIQCENwwGAIiEwiY0sii9qSUAxU1eCoJHQsBNJrKAQRMH_Vj","commandMetadata":{"webCommandMetadata":{"url":"/@popchartbusters","webPageType":"WEB_PAGE_TYPE_CHANNEL","rootVe":3611,"apiUrl":"/youtubei/v1/browse"}},"browseEndpoint":{"browseId":"UCzL6rJhkoXkIt0fCv9T9_uA","canonicalBaseUrl":"/@popchartbusters"}}}]},"trackingParams":"CIQCENwwGAIiEwiY0sii9qSUAxU1eCoJHQsBNJpAqrHek_icy-rMAQ==","showActionMenu":false,"shortViewCountText":{"accessibility":{"accessibilityData":{"label":"144 million views"}},"simpleText":"144m views"},"menu":{"menuRenderer":{"items":[{"menuServiceItemRenderer":{"text":{"runs":[{"text":"Add to queue"}]},"icon":{"iconType":"ADD_TO_QUEUE_TAIL"},"serviceEndpoint":{"clickTrackingParams":"CIgCEP6YBBgRIhMImNLIovaklAMVNXgqCR0LATSaygEETB_1Yw==","commandMetadata":{"webCommandMetadata":{"sendPost":true}},"signalServiceEndpoint":{"signal":"CLIENT_SIGNAL","actions":[{"clickTrackingParams":"CIgCEP6YBBgRIhMImNLIovaklAMVNXgqCR0LATSaygEETB_1Yw==","addToPlaylistCommand":{"openMiniplayer":true,"videoId":"zNUs54J3mKo","listType":"PLAYLIST_EDIT_LIST_TYPE_QUEUE","onCreateListCommand":{"clickTrackingParams":"CIgCEP6YBBgRIhMImNLIovaklAMVNXgqCR0LATSaygEETB_1Yw==","commandMetadata":{"webCommandMetadata":{"sendPost":true,"apiUrl":"/youtubei/v1/playlist/create"}},"createPlaylistServiceEndpoint":{"videoIds":["zNUs54J3mKo"],"params":"CAQ%3D"}},"videoIds":["zNUs54J3mKo"],"videoCommand":{"clickTrackingParams":"CIgCEP6YBBgRIhMImNLIovaklAMVNXgqCR0LATSaygEETB_1Yw==","commandMetadata":{"webCommandMetadata":{"url":"/watch?v=zNUs54J3mKo","webPageType":"WEB_PAGE_TYPE_WATCH","rootVe":3832}},"watchEndpoint":{"videoId":"zNUs54J3mKo","watchEndpointSupportedOnesieConfig":{"html5PlaybackOnesieConfig":{"commonConfig":{"url":"https://rr1---sn-h4upouxgoxu-gq2e.googlevideo.com/initplayback?source=youtube&oeis=1&c=WEB&oad=3200&ovd=3200&oaad=11000&oavd=11000&ocs=700&oewis=1&oputc=1&ofpcc=1&msp=1&odepv=1&oreouc=1&id=ccd52ce7827798aa&ip=103.220.88.42&initcwndbps=947500&mt=1778078969&oweuc="}}}}}}}]}},"trackingParams":"CIgCEP6YBBgRIhMImNLIovaklAMVNXgqCR0LATSa"}},{"menuServiceItemRenderer":{"text":{"runs":[{"text":"Share"}]},"icon":{"iconType":"SHARE"},"serviceEndpoint":{"clickTrackingParams":"CIQCENwwGAIiEwiY0sii9qSUAxU1eCoJHQsBNJrKAQRMH_Vj","commandMetadata":{"webCommandMetadata":{"sendPost":true,"apiUrl":"/youtubei/v1/share/get_share_panel"}},"shareEntityServiceEndpoint":{"serializedShareEntity":"Cgt6TlVzNTRKM21Lbw%3D%3D","commands":[{"clickTrackingParams":"CIQCENwwGAIiEwiY0sii9qSUAxU1eCoJHQsBNJrKAQRMH_Vj","openPopupAction":{"popup":{"unifiedSharePanelRenderer":{"trackingParams":"CIcCEI5iIhMImNLIovaklAMVNXgqCR0LATSa","showLoadingSpinner":true}},"popupType":"DIALOG","beReused":true}}]}},"trackingParams":"CIQCENwwGAIiEwiY0sii9qSUAxU1eCoJHQsBNJo=","hasSeparator":true}}],"trackingParams":"CIQCENwwGAIiEwiY0sii9qSUAxU1eCoJHQsBNJo=","accessibility":{"accessibilityData":{"label":"Action menu"}}}},"channelThumbnailSupportedRenderers":{"channelThumbnailWithLinkRenderer":{"thumbnail":{"thumbnails":[{"url":"https://yt3.ggpht.com/ytc/AIdro_mLaBLXuU3ooN1SxS1Afmmy1rU6O3GaS_s9jBBsCm10uhY=s68-c-k-c0x00ffffff-no-rj","width":68,"height":68}]},"navigationEndpoint":{"clickTrackingParams":"CIQCENwwGAIiEwiY0sii9qSUAxU1eCoJHQsBNJrKAQRMH_Vj","commandMetadata":{"webCommandMetadata":{"url":"/@popchartbusters","webPageType":"WEB_PAGE_TYPE_CHANNEL","rootVe":3611,"apiUrl":"/youtubei/v1/browse"}},"browseEndpoint":{"brows
1778079488.785 10430   567   710 I OkHttp  : eId":"UCzL6rJhkoXkIt0fCv9T9_uA","canonicalBaseUrl":"/@popchartbusters"}},"accessibility":{"accessibilityData":{"label":"Go to channel Pop Chartbusters"}}}},"thumbnailOverlays":[{"thumbnailOverlayTimeStatusRenderer":{"text":{"accessibility":{"accessibilityData":{"label":"6 minutes, 33 seconds"}},"simpleText":"6:33"},"style":"DEFAULT","icon":{"iconType":"MUSIC"}}},{"thumbnailOverlayToggleButtonRenderer":{"isToggled":false,"untoggledIcon":{"iconType":"WATCH_LATER"},"toggledIcon":{"iconType":"CHECK"},"untoggledTooltip":"Watch Later","toggledTooltip":"Added","untoggledServiceEndpoint":{"clickTrackingParams":"CIYCEPnnAxgCIhMImNLIovaklAMVNXgqCR0LATSaygEETB_1Yw==","commandMetadata":{"webCommandMetadata":{"sendPost":true,"apiUrl":"/youtubei/v1/browse/edit_playlist"}},"playlistEditEndpoint":{"playlistId":"WL","actions":[{"addedVideoId":"zNUs54J3mKo","action":"ACTION_ADD_VIDEO"}]}},"toggledServiceEndpoint":{"clickTrackingParams":"CIYCEPnnAxgCIhMImNLIovaklAMVNXgqCR0LATSaygEETB_1Yw==","commandMetadata":{"webCommandMetadata":{"sendPost":true,"apiUrl":"/youtubei/v1/browse/edit_playlist"}},"playlistEditEndpoint":{"playlistId":"WL","actions":[{"action":"ACTION_REMOVE_VIDEO_BY_VIDEO_ID","removedVideoId":"zNUs54J3mKo"}]}},"untoggledAccessibility":{"accessibilityData":{"label":"Watch Later"}},"toggledAccessibility":{"accessibilityData":{"label":"Added"}},"trackingParams":"CIYCEPnnAxgCIhMImNLIovaklAMVNXgqCR0LATSa"}},{"thumbnailOverlayToggleButtonRenderer":{"untoggledIcon":{"iconType":"ADD_TO_QUEUE_TAIL"},"toggledIcon":{"iconType":"PLAYLIST_ADD_CHECK"},"untoggledTooltip":"Add to queue","toggledTooltip":"Added","untoggledServiceEndpoint":{"clickTrackingParams":"CIUCEMfsBBgDIhMImNLIovaklAMVNXgqCR0LATSaygEETB_1Yw==","commandMetadata":{"webCommandMetadata":{"sendPost":true}},"signalServiceEndpoint":{"signal":"CLIENT_SIGNAL","actions":[{"clickTrackingParams":"CIUCEMfsBBgDIhMImNLIovaklAMVNXgqCR0LATSaygEETB_1Yw==","addToPlaylistCommand":{"openMiniplayer":true,"videoId":"zNUs54J3mKo","listType":"PLAYLIST_EDIT_LIST_TYPE_QUEUE","onCreateListCommand":{"clickTrackingParams":"CIUCEMfsBBgDIhMImNLIovaklAMVNXgqCR0LATSaygEETB_1Yw==","commandMetadata":{"webCommandMetadata":{"sendPost":true,"apiUrl":"/youtubei/v1/playlist/create"}},"createPlaylistServiceEndpoint":{"videoIds":["zNUs54J3mKo"],"params":"CAQ%3D"}},"videoIds":["zNUs54J3mKo"]}}]}},"untoggledAccessibility":{"accessibilityData":{"label":"Add to queue"}},"toggledAccessibility":{"accessibilityData":{"label":"Added"}},"trackingParams":"CIUCEMfsBBgDIhMImNLIovaklAMVNXgqCR0LATSa"}},{"thumbnailOverlayNowPlayingRenderer":{"text":{"runs":[{"text":"Now playing"}]}}},{"thumbnailOverlayLoadingPreviewRenderer":{"text":{"runs":[{"text":"Keep hovering to play"}]}}}],"detailedMetadataSnippets":[{"snippetText":{"runs":[{"text":"Song: "},{"text":"Tera","bold":true},{"text":" Chehra Title Song Album: "},{"text":"Tera","bold":true},{"text":" Chehra Singer: Adnan Sami Music Director: Adnan Sami Lyricist: Sameer Music Label ..."}]},"snippetHoverText":{"runs":[{"text":"From the video description"}]},"maxOneLine":false}],"inlinePlaybackEndpoint":{"clickTrackingParams":"CIQCENwwGAIiEwiY0sii9qSUAxU1eCoJHQsBNJoyBnNlYXJjaFIEdGVyYZoBAxD0JMoBBEwf9WM=","commandMetadata":{"webCommandMetadata":{"url":"/watch?v=zNUs54J3mKo&pp=YAHIAQGiBhUBhL1308aFhA1UcrScsDhpT20c_OI%3D","webPageType":"WEB_PAGE_TYPE_WATCH","rootVe":3832}},"watchEndpoint":{"videoId":"zNUs54J3mKo","params":"qgMEdGVyYboDCwiyrszg0ZmKgt4BugMLCLbcvYfr7MHO0AG6AwoIwq3zlLyD_rEJugMKCOzDlYOyhMLWeLoDCwimjqXcgKrsna0BugMKCKzJvLrr1c-uBboDCwjTiMfr4q7x-IsBugMKCJjHua3ilrmfM7oDCgir36Pohafd6yq6AwsIuvi53u6u9tLcAboDCwjzqa_dobyVwfsBugMLCMLrkqap2ODxxAG6AwoI8L29nKmc46ggugMLCOKkqO3qubzQlQG6AwoI5q-d5KW91qo5ugMKCI_wzey9tKD8cLoDCwiQ1rHMscr_15kBugMKCIrK-671s77uQfIDBQ1fAR0_","playerParams":"YAHIAQGiBhUBhL1308aFhA1UcrScsDhpT20c_OI%3D","playerExtraUrlParams":[{"key":"inline","value":"1"}],"watchEndpointSupportedOnesieConfig":{"html5PlaybackOnesieConfig":{"commonConfig":{"url":"https://rr1---sn-h4upouxgoxu-gq2e.googlevideo.com/initplayba
1778079488.785 10430   567   710 I OkHttp  : ck?source=youtube&oeis=1&c=WEB&oad=3200&ovd=3200&oaad=11000&oavd=11000&ocs=700&oewis=1&oputc=1&ofpcc=1&msp=1&odepv=1&oreouc=1&id=ccd52ce7827798aa&ip=103.220.88.42&initcwndbps=947500&mt=1778078969&oweuc="}}}}},"searchVideoResultEntityKey":"Egt6TlVzNTRKM21LbyDnAigB","avatar":{"decoratedAvatarViewModel":{"avatar":{"avatarViewModel":{"image":{"sources":[{"url":"https://yt3.ggpht.com/ytc/AIdro_mLaBLXuU3ooN1SxS1Afmmy1rU6O3GaS_s9jBBsCm10uhY=s68-c-k-c0x00ffffff-no-rj","width":68,"height":68}]},"avatarImageSize":"AVATAR_SIZE_M"}},"a11yLabel":"Go to channel Pop Chartbusters","rendererContext":{"commandContext":{"onTap":{"innertubeCommand":{"clickTrackingParams":"CIQCENwwGAIiEwiY0sii9qSUAxU1eCoJHQsBNJrKAQRMH_Vj","commandMetadata":{"webCommandMetadata":{"url":"/@popchartbusters","webPageType":"WEB_PAGE_TYPE_CHANNEL","rootVe":3611,"apiUrl":"/youtubei/v1/browse"}},"browseEndpoint":{"browseId":"UCzL6rJhkoXkIt0fCv9T9_uA","canonicalBaseUrl":"/@popchartbusters"}}}}}}}}},{"videoRenderer":{"videoId":"CWP4G8Kc1sI","thumbnail":{"thumbnails":[{"url":"https://i.ytimg.com/vi/CWP4G8Kc1sI/hq720.jpg?sqp=-oaymwEjCOgCEMoBSFryq4qpAxUIARUAAAAAGAElAADIQj0AgKJDeAE=&rs=AOn4CLDS6mP90PSsKZ0KeBm_2imCaRSghA","width":360,"height":202},{"url":"https://i.ytimg.com/vi/CWP4G8Kc1sI/hq720.jpg?sqp=-oaymwEXCNAFEJQDSFryq4qpAwkIARUAAIhCGAE=&rs=AOn4CLBmB1mKBdq2Q6bZOylSiWbRzcSGTg","width":720,"height":404}]},"title":{"runs":[{"text":"Tera Mera Rishta (Lyrics) - Pritam, Mustafa Zahid"}],"accessibility":{"accessibilityData":{"label":"Tera Mera Rishta (Lyrics) - Pritam, Mustafa Zahid 5 minutes, 51 seconds"}}},"longBylineText":{"runs":[{"text":"Bollywood Drive","navigationEndpoint":{"clickTrackingParams":"CP8BENwwGAMiEwiY0sii9qSUAxU1eCoJHQsBNJrKAQRMH_Vj","commandMetadata":{"webCommandMetadata":{"url":"/@BollywoodDrive","webPageType":"WEB_PAGE_TYPE_CHANNEL","rootVe":3611,"apiUrl":"/youtubei/v1/browse"}},"browseEndpoint":{"browseId":"UCpjsQjCkklxp_ZrzeDu0cCw","canonicalBaseUrl":"/@BollywoodDrive"}}}]},"publishedTimeText":{"simpleText":"6 months ago"},"lengthText":{"accessibility":{"accessibilityData":{"label":"5 minutes, 51 seconds"}},"simpleText":"5:51"},"viewCountText":{"simpleText":"1,388,082 views"},"navigationEndpoint":{"clickTrackingParams":"CP8BENwwGAMiEwiY0sii9qSUAxU1eCoJHQsBNJoyBnNlYXJjaFIEdGVyYZoBAxD0JMoBBEwf9WM=","commandMetadata":{"webCommandMetadata":{"url":"/watch?v=CWP4G8Kc1sI&list=RDCWP4G8Kc1sI&start_radio=1&pp=ygUEdGVyYaAHAQ%3D%3D","webPageType":"WEB_PAGE_TYPE_WATCH","rootVe":3832}},"watchEndpoint":{"videoId":"CWP4G8Kc1sI","playlistId":"RDCWP4G8Kc1sI","params":"OAHAAQGqAwR0ZXJhugMLCLKuzODRmYqC3gG6AwsItty9h-vswc7QAboDCwiqsd6T-JzL6swBugMKCOzDlYOyhMLWeLoDCwimjqXcgKrsna0BugMKCKzJvLrr1c-uBboDCwjTiMfr4q7x-IsBugMKCJjHua3ilrmfM7oDCgir36Pohafd6yq6AwsIuvi53u6u9tLcAboDCwjzqa_dobyVwfsBugMLCMLrkqap2ODxxAG6AwoI8L29nKmc46ggugMLCOKkqO3qubzQlQG6AwoI5q-d5KW91qo5ugMKCI_wzey9tKD8cLoDCwiQ1rHMscr_15kBugMKCIrK-671s77uQfIDBQ1fAR0_uAUB","playerParams":"ygUEdGVyYaAHAQ%3D%3D","loggingContext":{"vssLoggingContext":{"serializedContextData":"Gg1SRENXUDRHOEtjMXNJ"}},"watchEndpointSupportedOnesieConfig":{"html5PlaybackOnesieConfig":{"commonConfig":{"url":"https://rr2---sn-h4upouxgoxu-gq2e.googlevideo.com/initplayback?source=youtube&oeis=1&c=WEB&oad=3200&ovd=3200&oaad=11000&oavd=11000&ocs=700&oewis=1&oputc=1&ofpcc=1&msp=1&odepv=1&oreouc=1&id=0963f81bc29cd6c2&ip=103.220.88.42&initcwndbps=947500&mt=1778078969&oweuc="}}}}},"ownerText":{"runs":[{"text":"Bollywood Drive","navigationEndpoint":{"clickTrackingParams":"CP8BENwwGAMiEwiY0sii9qSUAxU1eCoJHQsBNJrKAQRMH_Vj","commandMetadata":{"webCommandMetadata":{"url":"/@BollywoodDrive","webPageType":"WEB_PAGE_TYPE_CHANNEL","rootVe":3611,"apiUrl":"/youtubei/v1/browse"}},"browseEndpoint":{"browseId":"UCpjsQjCkklxp_ZrzeDu0cCw","canonicalBaseUrl":"/@BollywoodDrive"}}}]},"shortBylineText":{"runs":[{"text":"Bollywood Drive","navigationEndpoint":{"clickTrackingParams":"CP8BENwwGAMiEwiY0sii9qSUAxU1eCoJHQsBNJrKAQRMH_Vj","commandMetadata":{"webCommandMetadata":{"url":"/@BollywoodDrive","webPageType
1778079488.785 10430   567   710 I OkHttp  : ":"WEB_PAGE_TYPE_CHANNEL","rootVe":3611,"apiUrl":"/youtubei/v1/browse"}},"browseEndpoint":{"browseId":"UCpjsQjCkklxp_ZrzeDu0cCw","canonicalBaseUrl":"/@BollywoodDrive"}}}]},"trackingParams":"CP8BENwwGAMiEwiY0sii9qSUAxU1eCoJHQsBNJpAwq3zlLyD_rEJ","showActionMenu":false,"shortViewCountText":{"accessibility":{"accessibilityData":{"label":"1.3 million views"}},"simpleText":"1.3m views"},"menu":{"menuRenderer":{"items":[{"menuServiceItemRenderer":{"text":{"runs":[{"text":"Add to queue"}]},"icon":{"iconType":"ADD_TO_QUEUE_TAIL"},"serviceEndpoint":{"clickTrackingParams":"CIMCEP6YBBgNIhMImNLIovaklAMVNXgqCR0LATSaygEETB_1Yw==","commandMetadata":{"webCommandMetadata":{"sendPost":true}},"signalServiceEndpoint":{"signal":"CLIENT_SIGNAL","actions":[{"clickTrackingParams":"CIMCEP6YBBgNIhMImNLIovaklAMVNXgqCR0LATSaygEETB_1Yw==","addToPlaylistCommand":{"openMiniplayer":true,"videoId":"CWP4G8Kc1sI","listType":"PLAYLIST_EDIT_LIST_TYPE_QUEUE","onCreateListCommand":{"clickTrackingParams":"CIMCEP6YBBgNIhMImNLIovaklAMVNXgqCR0LATSaygEETB_1Yw==","commandMetadata":{"webCommandMetadata":{"sendPost":true,"apiUrl":"/youtubei/v1/playlist/create"}},"createPlaylistServiceEndpoint":{"videoIds":["CWP4G8Kc1sI"],"params":"CAQ%3D"}},"videoIds":["CWP4G8Kc1sI"],"videoCommand":{"clickTrackingParams":"CIMCEP6YBBgNIhMImNLIovaklAMVNXgqCR0LATSaygEETB_1Yw==","commandMetadata":{"webCommandMetadata":{"url":"/watch?v=CWP4G8Kc1sI","webPageType":"WEB_PAGE_TYPE_WATCH","rootVe":3832}},"watchEndpoint":{"videoId":"CWP4G8Kc1sI","watchEndpointSupportedOnesieConfig":{"html5PlaybackOnesieConfig":{"commonConfig":{"url":"https://rr2---sn-h4upouxgoxu-gq2e.googlevideo.com/initplayback?source=youtube&oeis=1&c=WEB&oad=3200&ovd=3200&oaad=11000&oavd=11000&ocs=700&oewis=1&oputc=1&ofpcc=1&msp=1&odepv=1&oreouc=1&id=0963f81bc29cd6c2&ip=103.220.88.42&initcwndbps=947500&mt=1778078969&oweuc="}}}}}}}]}},"trackingParams":"CIMCEP6YBBgNIhMImNLIovaklAMVNXgqCR0LATSa"}},{"menuServiceItemRenderer":{"text":{"runs":[{"text":"Share"}]},"icon":{"iconType":"SHARE"},"serviceEndpoint":{"clickTrackingParams":"CP8BENwwGAMiEwiY0sii9qSUAxU1eCoJHQsBNJrKAQRMH_Vj","commandMetadata":{"webCommandMetadata":{"sendPost":true,"apiUrl":"/youtubei/v1/share/get_share_panel"}},"shareEntityServiceEndpoint":{"serializedShareEntity":"CgtDV1A0RzhLYzFzSQ%3D%3D","commands":[{"clickTrackingParams":"CP8BENwwGAMiEwiY0sii9qSUAxU1eCoJHQsBNJrKAQRMH_Vj","openPopupAction":{"popup":{"unifiedSharePanelRenderer":{"trackingParams":"CIICEI5iIhMImNLIovaklAMVNXgqCR0LATSa","showLoadingSpinner":true}},"popupType":"DIALOG","beReused":true}}]}},"trackingParams":"CP8BENwwGAMiEwiY0sii9qSUAxU1eCoJHQsBNJo=","hasSeparator":true}}],"trackingParams":"CP8BENwwGAMiEwiY0sii9qSUAxU1eCoJHQsBNJo=","accessibility":{"accessibilityData":{"label":"Action menu"}}}},"channelThumbnailSupportedRenderers":{"channelThumbnailWithLinkRenderer":{"thumbnail":{"thumbnails":[{"url":"https://yt3.ggpht.com/ezOgelRH0OA1z_teWqk5-wjSw5bfpgUclIUPzOj5WWtjxUM4lHJExRPdbsKt6bWIVnGd0hGD=s68-c-k-c0x00ffffff-no-rj","width":68,"height":68}]},"navigationEndpoint":{"clickTrackingParams":"CP8BENwwGAMiEwiY0sii9qSUAxU1eCoJHQsBNJrKAQRMH_Vj","commandMetadata":{"webCommandMetadata":{"url":"/@BollywoodDrive","webPageType":"WEB_PAGE_TYPE_CHANNEL","rootVe":3611,"apiUrl":"/youtubei/v1/browse"}},"browseEndpoint":{"browseId":"UCpjsQjCkklxp_ZrzeDu0cCw","canonicalBaseUrl":"/@BollywoodDrive"}},"accessibility":{"accessibilityData":{"label":"Go to channel Bollywood Drive"}}}},"thumbnailOverlays":[{"thumbnailOverlayTimeStatusRenderer":{"text":{"accessibility":{"accessibilityData":{"label":"5 minutes, 51 seconds"}},"simpleText":"5:51"},"style":"DEFAULT","icon":{"iconType":"MUSIC"}}},{"thumbnailOverlayToggleButtonRenderer":{"isToggled":false,"untoggledIcon":{"iconType":"WATCH_LATER"},"toggledIcon":{"iconType":"CHECK"},"untoggledTooltip":"Watch Later","toggledTooltip":"Added","untoggledServiceEndpoint":{"clickTrackingParams":"CIECEPnnAxgBIhMImNLIovaklAMVNXgqCR0LATSaygEETB_1Yw==","commandMetadata":{"webCommandMetadata":{"sendPost":true,"apiUrl":"/you
1778079488.786 10430   567   710 I OkHttp  : tubei/v1/browse/edit_playlist"}},"playlistEditEndpoint":{"playlistId":"WL","actions":[{"addedVideoId":"CWP4G8Kc1sI","action":"ACTION_ADD_VIDEO"}]}},"toggledServiceEndpoint":{"clickTrackingParams":"CIECEPnnAxgBIhMImNLIovaklAMVNXgqCR0LATSaygEETB_1Yw==","commandMetadata":{"webCommandMetadata":{"sendPost":true,"apiUrl":"/youtubei/v1/browse/edit_playlist"}},"playlistEditEndpoint":{"playlistId":"WL","actions":[{"action":"ACTION_REMOVE_VIDEO_BY_VIDEO_ID","removedVideoId":"CWP4G8Kc1sI"}]}},"untoggledAccessibility":{"accessibilityData":{"label":"Watch Later"}},"toggledAccessibility":{"accessibilityData":{"label":"Added"}},"trackingParams":"CIECEPnnAxgBIhMImNLIovaklAMVNXgqCR0LATSa"}},{"thumbnailOverlayToggleButtonRenderer":{"untoggledIcon":{"iconType":"ADD_TO_QUEUE_TAIL"},"toggledIcon":{"iconType":"PLAYLIST_ADD_CHECK"},"untoggledTooltip":"Add to queue","toggledTooltip":"Added","untoggledServiceEndpoint":{"clickTrackingParams":"CIACEMfsBBgCIhMImNLIovaklAMVNXgqCR0LATSaygEETB_1Yw==","commandMetadata":{"webCommandMetadata":{"sendPost":true}},"signalServiceEndpoint":{"signal":"CLIENT_SIGNAL","actions":[{"clickTrackingParams":"CIACEMfsBBgCIhMImNLIovaklAMVNXgqCR0LATSaygEETB_1Yw==","addToPlaylistCommand":{"openMiniplayer":true,"videoId":"CWP4G8Kc1sI","listType":"PLAYLIST_EDIT_LIST_TYPE_QUEUE","onCreateListCommand":{"clickTrackingParams":"CIACEMfsBBgCIhMImNLIovaklAMVNXgqCR0LATSaygEETB_1Yw==","commandMetadata":{"webCommandMetadata":{"sendPost":true,"apiUrl":"/youtubei/v1/playlist/create"}},"createPlaylistServiceEndpoint":{"videoIds":["CWP4G8Kc1sI"],"params":"CAQ%3D"}},"videoIds":["CWP4G8Kc1sI"]}}]}},"untoggledAccessibility":{"accessibilityData":{"label":"Add to queue"}},"toggledAccessibility":{"accessibilityData":{"label":"Added"}},"trackingParams":"CIACEMfsBBgCIhMImNLIovaklAMVNXgqCR0LATSa"}},{"thumbnailOverlayNowPlayingRenderer":{"text":{"runs":[{"text":"Now playing"}]}}},{"thumbnailOverlayLoadingPreviewRenderer":{"text":{"runs":[{"text":"Keep hovering to play"}]}}}],"detailedMetadataSnippets":[{"snippetText":{"runs":[{"text":"Tera","bold":true},{"text":" Mera Rishta (Lyrics) - Pritam, Mustafa Zahid Follow Mustafa Zahid: https://www.instagram.com/mustafazahids ..."}]},"snippetHoverText":{"runs":[{"text":"From the video description"}]},"maxOneLine":false}],"inlinePlaybackEndpoint":{"clickTrackingParams":"CP8BENwwGAMiEwiY0sii9qSUAxU1eCoJHQsBNJoyBnNlYXJjaFIEdGVyYZoBAxD0JMoBBEwf9WM=","commandMetadata":{"webCommandMetadata":{"url":"/watch?v=CWP4G8Kc1sI&pp=YAHIAQGiBhUBhL1307dDM6kWbQ11XMUdL4k0WZs%3D","webPageType":"WEB_PAGE_TYPE_WATCH","rootVe":3832}},"watchEndpoint":{"videoId":"CWP4G8Kc1sI","params":"qgMEdGVyYboDCwiyrszg0ZmKgt4BugMLCLbcvYfr7MHO0AG6AwsIqrHek_icy-rMAboDCgjsw5WDsoTC1ni6AwsIpo6l3ICq7J2tAboDCgisyby669XPrgW6AwsI04jH6-Ku8fiLAboDCgiYx7mt4pa5nzO6AwoIq9-j6IWn3esqugMLCLr4ud7urvbS3AG6AwsI86mv3aG8lcH7AboDCwjC65Kmqdjg8cQBugMKCPC9vZypnOOoILoDCwjipKjt6rm80JUBugMKCOavneSlvdaqOboDCgiP8M3svbSg_HC6AwsIkNaxzLHK_9eZAboDCgiKyvuu9bO-7kHyAwUNXwEdPw%3D%3D","playerParams":"YAHIAQGiBhUBhL1307dDM6kWbQ11XMUdL4k0WZs%3D","playerExtraUrlParams":[{"key":"inline","value":"1"}],"watchEndpointSupportedOnesieConfig":{"html5PlaybackOnesieConfig":{"commonConfig":{"url":"https://rr2---sn-h4upouxgoxu-gq2e.googlevideo.com/initplayback?source=youtube&oeis=1&c=WEB&oad=3200&ovd=3200&oaad=11000&oavd=11000&ocs=700&oewis=1&oputc=1&ofpcc=1&msp=1&odepv=1&oreouc=1&id=0963f81bc29cd6c2&ip=103.220.88.42&initcwndbps=947500&mt=1778078969&oweuc="}}}}},"searchVideoResultEntityKey":"EgtDV1A0RzhLYzFzSSDnAigB","avatar":{"decoratedAvatarViewModel":{"avatar":{"avatarViewModel":{"image":{"sources":[{"url":"https://yt3.ggpht.com/ezOgelRH0OA1z_teWqk5-wjSw5bfpgUclIUPzOj5WWtjxUM4lHJExRPdbsKt6bWIVnGd0hGD=s68-c-k-c0x00ffffff-no-rj","width":68,"height":68}]},"avatarImageSize":"AVATAR_SIZE_M"}},"a11yLabel":"Go to channel Bollywood Drive","rendererContext":{"commandContext":{"onTap":{"innertubeCommand":{"clickTrackingParams":"CP8BENwwGAMiEwiY0sii9qSUAxU1eCoJHQsBNJrKAQRMH_Vj","commandMetadata":{"webCommandMetadata":{"url":"/@BollywoodD
1778079488.786 10430   567   710 I OkHttp  : rive","webPageType":"WEB_PAGE_TYPE_CHANNEL","rootVe":3611,"apiUrl":"/youtubei/v1/browse"}},"browseEndpoint":{"browseId":"UCpjsQjCkklxp_ZrzeDu0cCw","canonicalBaseUrl":"/@BollywoodDrive"}}}}}}}}},{"videoRenderer":{"videoId":"eK0IIyBlYew","thumbnail":{"thumbnails":[{"url":"https://i.ytimg.com/vi/eK0IIyBlYew/hq720.jpg?sqp=-oaymwEjCOgCEMoBSFryq4qpAxUIARUAAAAAGAElAADIQj0AgKJDeAE=&rs=AOn4CLAew5sirr5ptZ8Zj9HxSKBBTWUEkQ","width":360,"height":202},{"url":"https://i.ytimg.com/vi/eK0IIyBlYew/hq720.jpg?sqp=-oaymwEXCNAFEJQDSFryq4qpAwkIARUAAIhCGAE=&rs=AOn4CLCIZa7vq8geDFJi3H2RnU6Z8KbOKQ","width":720,"height":404}]},"title":{"runs":[{"text":"Tera Zikr - Darshan Raval | Official Video - Latest New Hit Song"}],"accessibility":{"accessibilityData":{"label":"Tera Zikr - Darshan Raval | Official Video - Latest New Hit Song 3 minutes, 44 seconds"}}},"longBylineText":{"runs":[{"text":"Sony Music India","navigationEndpoint":{"clickTrackingParams":"CPoBENwwGAQiEwiY0sii9qSUAxU1eCoJHQsBNJrKAQRMH_Vj","commandMetadata":{"webCommandMetadata":{"url":"/@SonyMusicIndia","webPageType":"WEB_PAGE_TYPE_CHANNEL","rootVe":3611,"apiUrl":"/youtubei/v1/browse"}},"browseEndpoint":{"browseId":"UC56gTxNs4f9xZ7Pa2i5xNzg","canonicalBaseUrl":"/@SonyMusicIndia"}}}]},"publishedTimeText":{"simpleText":"8 years ago"},"lengthText":{"accessibility":{"accessibilityData":{"label":"3 minutes, 44 seconds"}},"simpleText":"3:44"},"viewCountText":{"simpleText":"340,216,352 views"},"navigationEndpoint":{"clickTrackingParams":"CPoBENwwGAQiEwiY0sii9qSUAxU1eCoJHQsBNJoyBnNlYXJjaFIEdGVyYZoBAxD0JMoBBEwf9WM=","commandMetadata":{"webCommandMetadata":{"url":"/watch?v=eK0IIyBlYew&list=RDeK0IIyBlYew&start_radio=1&pp=ygUEdGVyYaAHAQ%3D%3D","webPageType":"WEB_PAGE_TYPE_WATCH","rootVe":3832}},"watchEndpoint":{"videoId":"eK0IIyBlYew","playlistId":"RDeK0IIyBlYew","params":"OAHAAQGqAwR0ZXJhugMLCLKuzODRmYqC3gG6AwsItty9h-vswc7QAboDCwiqsd6T-JzL6swBugMKCMKt85S8g_6xCboDCwimjqXcgKrsna0BugMKCKzJvLrr1c-uBboDCwjTiMfr4q7x-IsBugMKCJjHua3ilrmfM7oDCgir36Pohafd6yq6AwsIuvi53u6u9tLcAboDCwjzqa_dobyVwfsBugMLCMLrkqap2ODxxAG6AwoI8L29nKmc46ggugMLCOKkqO3qubzQlQG6AwoI5q-d5KW91qo5ugMKCI_wzey9tKD8cLoDCwiQ1rHMscr_15kBugMKCIrK-671s77uQfIDBQ1fAR0_uAUB","playerParams":"ygUEdGVyYaAHAQ%3D%3D","loggingContext":{"vssLoggingContext":{"serializedContextData":"Gg1SRGVLMElJeUJsWWV3"}},"watchEndpointSupportedOnesieConfig":{"html5PlaybackOnesieConfig":{"commonConfig":{"url":"https://rr1---sn-h4upouxgoxu-gq2e.googlevideo.com/initplayback?source=youtube&oeis=1&c=WEB&oad=3200&ovd=3200&oaad=11000&oavd=11000&ocs=700&oewis=1&oputc=1&ofpcc=1&msp=1&odepv=1&oreouc=1&id=78ad0823206561ec&ip=103.220.88.42&initcwndbps=947500&mt=1778078969&oweuc="}}}}},"badges":[{"metadataBadgeRenderer":{"style":"BADGE_STYLE_TYPE_SIMPLE","label":"Subtitles","trackingParams":"CPoBENwwGAQiEwiY0sii9qSUAxU1eCoJHQsBNJo=","accessibilityData":{"label":"Closed captions"}}}],"ownerBadges":[{"metadataBadgeRenderer":{"icon":{"iconType":"CHECK_CIRCLE_THICK"},"style":"BADGE_STYLE_TYPE_VERIFIED","tooltip":"Verified","trackingParams":"CPoBENwwGAQiEwiY0sii9qSUAxU1eCoJHQsBNJo=","accessibilityData":{"label":"Verified"}}}],"ownerText":{"runs":[{"text":"Sony Music India","navigationEndpoint":{"clickTrackingParams":"CPoBENwwGAQiEwiY0sii9qSUAxU1eCoJHQsBNJrKAQRMH_Vj","commandMetadata":{"webCommandMetadata":{"url":"/@SonyMusicIndia","webPageType":"WEB_PAGE_TYPE_CHANNEL","rootVe":3611,"apiUrl":"/youtubei/v1/browse"}},"browseEndpoint":{"browseId":"UC56gTxNs4f9xZ7Pa2i5xNzg","canonicalBaseUrl":"/@SonyMusicIndia"}}}]},"shortBylineText":{"runs":[{"text":"Sony Music India","navigationEndpoint":{"clickTrackingParams":"CPoBENwwGAQiEwiY0sii9qSUAxU1eCoJHQsBNJrKAQRMH_Vj","commandMetadata":{"webCommandMetadata":{"url":"/@SonyMusicIndia","webPageType":"WEB_PAGE_TYPE_CHANNEL","rootVe":3611,"apiUrl":"/youtubei/v1/browse"}},"browseEndpoint":{"browseId":"UC56gTxNs4f9xZ7Pa2i5xNzg","canonicalBaseUrl":"/@SonyMusicIndia"}}}]},"trackingParams":"CPoBENwwGAQiEwiY0sii9qSUAxU1eCoJHQsBNJpA7MOVg7KEwtZ4","showActionMenu":false,"shortViewCountText":{"acces
1778079488.786 10430   567   710 I OkHttp  : sibility":{"accessibilityData":{"label":"340 million views"}},"simpleText":"340m views"},"menu":{"menuRenderer":{"items":[{"menuServiceItemRenderer":{"text":{"runs":[{"text":"Add to queue"}]},"icon":{"iconType":"ADD_TO_QUEUE_TAIL"},"serviceEndpoint":{"clickTrackingParams":"CP4BEP6YBBgQIhMImNLIovaklAMVNXgqCR0LATSaygEETB_1Yw==","commandMetadata":{"webCommandMetadata":{"sendPost":true}},"signalServiceEndpoint":{"signal":"CLIENT_SIGNAL","actions":[{"clickTrackingParams":"CP4BEP6YBBgQIhMImNLIovaklAMVNXgqCR0LATSaygEETB_1Yw==","addToPlaylistCommand":{"openMiniplayer":true,"videoId":"eK0IIyBlYew","listType":"PLAYLIST_EDIT_LIST_TYPE_QUEUE","onCreateListCommand":{"clickTrackingParams":"CP4BEP6YBBgQIhMImNLIovaklAMVNXgqCR0LATSaygEETB_1Yw==","commandMetadata":{"webCommandMetadata":{"sendPost":true,"apiUrl":"/youtubei/v1/playlist/create"}},"createPlaylistServiceEndpoint":{"videoIds":["eK0IIyBlYew"],"params":"CAQ%3D"}},"videoIds":["eK0IIyBlYew"],"videoCommand":{"clickTrackingParams":"CP4BEP6YBBgQIhMImNLIovaklAMVNXgqCR0LATSaygEETB_1Yw==","commandMetadata":{"webCommandMetadata":{"url":"/watch?v=eK0IIyBlYew","webPageType":"WEB_PAGE_TYPE_WATCH","rootVe":3832}},"watchEndpoint":{"videoId":"eK0IIyBlYew","watchEndpointSupportedOnesieConfig":{"html5PlaybackOnesieConfig":{"commonConfig":{"url":"https://rr1---sn-h4upouxgoxu-gq2e.googlevideo.com/initplayback?source=youtube&oeis=1&c=WEB&oad=3200&ovd=3200&oaad=11000&oavd=11000&ocs=700&oewis=1&oputc=1&ofpcc=1&msp=1&odepv=1&oreouc=1&id=78ad0823206561ec&ip=103.220.88.42&initcwndbps=947500&mt=1778078969&oweuc="}}}}}}}]}},"trackingParams":"CP4BEP6YBBgQIhMImNLIovaklAMVNXgqCR0LATSa"}},{"menuServiceItemRenderer":{"text":{"runs":[{"text":"Share"}]},"icon":{"iconType":"SHARE"},"serviceEndpoint":{"clickTrackingParams":"CPoBENwwGAQiEwiY0sii9qSUAxU1eCoJHQsBNJrKAQRMH_Vj","commandMetadata":{"webCommandMetadata":{"sendPost":true,"apiUrl":"/youtubei/v1/share/get_share_panel"}},"shareEntityServiceEndpoint":{"serializedShareEntity":"CgtlSzBJSXlCbFlldw%3D%3D","commands":[{"clickTrackingParams":"CPoBENwwGAQiEwiY0sii9qSUAxU1eCoJHQsBNJrKAQRMH_Vj","openPopupAction":{"popup":{"unifiedSharePanelRenderer":{"trackingParams":"CP0BEI5iIhMImNLIovaklAMVNXgqCR0LATSa","showLoadingSpinner":true}},"popupType":"DIALOG","beReused":true}}]}},"trackingParams":"CPoBENwwGAQiEwiY0sii9qSUAxU1eCoJHQsBNJo=","hasSeparator":true}}],"trackingParams":"CPoBENwwGAQiEwiY0sii9qSUAxU1eCoJHQsBNJo=","accessibility":{"accessibilityData":{"label":"Action menu"}}}},"channelThumbnailSupportedRenderers":{"channelThumbnailWithLinkRenderer":{"thumbnail":{"thumbnails":[{"url":"https://yt3.ggpht.com/42o3XIW1j5zmzsFeZs3ND4QwaXXrnpK9vqftcEuEdbgNhPbltXRktcSmyJ12-gSRqKch93Ir=s68-c-k-c0x00ffffff-no-rj","width":68,"height":68}]},"navigationEndpoint":{"clickTrackingParams":"CPoBENwwGAQiEwiY0sii9qSUAxU1eCoJHQsBNJrKAQRMH_Vj","commandMetadata":{"webCommandMetadata":{"url":"/@SonyMusicIndia","webPageType":"WEB_PAGE_TYPE_CHANNEL","rootVe":3611,"apiUrl":"/youtubei/v1/browse"}},"browseEndpoint":{"browseId":"UC56gTxNs4f9xZ7Pa2i5xNzg","canonicalBaseUrl":"/@SonyMusicIndia"}},"accessibility":{"accessibilityData":{"label":"Go to channel Sony Music India"}}}},"thumbnailOverlays":[{"thumbnailOverlayTimeStatusRenderer":{"text":{"accessibility":{"accessibilityData":{"label":"3 minutes, 44 seconds"}},"simpleText":"3:44"},"style":"DEFAULT","icon":{"iconType":"MUSIC"}}},{"thumbnailOverlayToggleButtonRenderer":{"isToggled":false,"untoggledIcon":{"iconType":"WATCH_LATER"},"toggledIcon":{"iconType":"CHECK"},"untoggledTooltip":"Watch Later","toggledTooltip":"Added","untoggledServiceEndpoint":{"clickTrackingParams":"CPwBEPnnAxgDIhMImNLIovaklAMVNXgqCR0LATSaygEETB_1Yw==","commandMetadata":{"webCommandMetadata":{"sendPost":true,"apiUrl":"/youtubei/v1/browse/edit_playlist"}},"playlistEditEndpoint":{"playlistId":"WL","actions":[{"addedVideoId":"eK0IIyBlYew","action":"ACTION_ADD_VIDEO"}]}},"toggledServiceEndpoint":{"clickTrackingParams":"CPwBEPnnAxgDIhMImNLIovaklAMVNXgqCR0LATSaygEETB_1Yw==","commandMetadata":{"webCommandMetadata":{"s
1778079488.786 10430   567   710 I OkHttp  : endPost":true,"apiUrl":"/youtubei/v1/browse/edit_playlist"}},"playlistEditEndpoint":{"playlistId":"WL","actions":[{"action":"ACTION_REMOVE_VIDEO_BY_VIDEO_ID","removedVideoId":"eK0IIyBlYew"}]}},"untoggledAccessibility":{"accessibilityData":{"label":"Watch Later"}},"toggledAccessibility":{"accessibilityData":{"label":"Added"}},"trackingParams":"CPwBEPnnAxgDIhMImNLIovaklAMVNXgqCR0LATSa"}},{"thumbnailOverlayToggleButtonRenderer":{"untoggledIcon":{"iconType":"ADD_TO_QUEUE_TAIL"},"toggledIcon":{"iconType":"PLAYLIST_ADD_CHECK"},"untoggledTooltip":"Add to queue","toggledTooltip":"Added","untoggledServiceEndpoint":{"clickTrackingParams":"CPsBEMfsBBgEIhMImNLIovaklAMVNXgqCR0LATSaygEETB_1Yw==","commandMetadata":{"webCommandMetadata":{"sendPost":true}},"signalServiceEndpoint":{"signal":"CLIENT_SIGNAL","actions":[{"clickTrackingParams":"CPsBEMfsBBgEIhMImNLIovaklAMVNXgqCR0LATSaygEETB_1Yw==","addToPlaylistCommand":{"openMiniplayer":true,"videoId":"eK0IIyBlYew","listType":"PLAYLIST_EDIT_LIST_TYPE_QUEUE","onCreateListCommand":{"clickTrackingParams":"CPsBEMfsBBgEIhMImNLIovaklAMVNXgqCR0LATSaygEETB_1Yw==","commandMetadata":{"webCommandMetadata":{"sendPost":true,"apiUrl":"/youtubei/v1/playlist/create"}},"createPlaylistServiceEndpoint":{"videoIds":["eK0IIyBlYew"],"params":"CAQ%3D"}},"videoIds":["eK0IIyBlYew"]}}]}},"untoggledAccessibility":{"accessibilityData":{"label":"Add to queue"}},"toggledAccessibility":{"accessibilityData":{"label":"Added"}},"trackingParams":"CPsBEMfsBBgEIhMImNLIovaklAMVNXgqCR0LATSa"}},{"thumbnailOverlayNowPlayingRenderer":{"text":{"runs":[{"text":"Now playing"}]}}},{"thumbnailOverlayLoadingPreviewRenderer":{"text":{"runs":[{"text":"Keep hovering to play"}]}}}],"detailedMetadataSnippets":[{"snippetText":{"runs":[{"text":"Listen & Download \""},{"text":"Tera","bold":true},{"text":" Zikr\" : https://smi.lnk.to/TeraZikr With an infectious tune, captivating lyrics and beautiful visuals that stay ..."}]},"snippetHoverText":{"runs":[{"text":"From the video description"}]},"maxOneLine":false}],"inlinePlaybackEndpoint":{"clickTrackingParams":"CPoBENwwGAQiEwiY0sii9qSUAxU1eCoJHQsBNJoyBnNlYXJjaFIEdGVyYZoBAxD0JMoBBEwf9WM=","commandMetadata":{"webCommandMetadata":{"url":"/watch?v=eK0IIyBlYew&pp=YAHIAQGiBhUBhL13077Y3nsqAvkTcuWRMcRdgOY%3D","webPageType":"WEB_PAGE_TYPE_WATCH","rootVe":3832}},"watchEndpoint":{"videoId":"eK0IIyBlYew","params":"qgMEdGVyYboDCwiyrszg0ZmKgt4BugMLCLbcvYfr7MHO0AG6AwsIqrHek_icy-rMAboDCgjCrfOUvIP-sQm6AwsIpo6l3ICq7J2tAboDCgisyby669XPrgW6AwsI04jH6-Ku8fiLAboDCgiYx7mt4pa5nzO6AwoIq9-j6IWn3esqugMLCLr4ud7urvbS3AG6AwsI86mv3aG8lcH7AboDCwjC65Kmqdjg8cQBugMKCPC9vZypnOOoILoDCwjipKjt6rm80JUBugMKCOavneSlvdaqOboDCgiP8M3svbSg_HC6AwsIkNaxzLHK_9eZAboDCgiKyvuu9bO-7kHyAwUNXwEdPw%3D%3D","playerParams":"YAHIAQGiBhUBhL13077Y3nsqAvkTcuWRMcRdgOY%3D","playerExtraUrlParams":[{"key":"inline","value":"1"}],"watchEndpointSupportedOnesieConfig":{"html5PlaybackOnesieConfig":{"commonConfig":{"url":"https://rr1---sn-h4upouxgoxu-gq2e.googlevideo.com/initplayback?source=youtube&oeis=1&c=WEB&oad=3200&ovd=3200&oaad=11000&oavd=11000&ocs=700&oewis=1&oputc=1&ofpcc=1&msp=1&odepv=1&oreouc=1&id=78ad0823206561ec&ip=103.220.88.42&initcwndbps=947500&mt=1778078969&oweuc="}}}}},"searchVideoResultEntityKey":"EgtlSzBJSXlCbFlldyDnAigB","avatar":{"decoratedAvatarViewModel":{"avatar":{"avatarViewModel":{"image":{"sources":[{"url":"https://yt3.ggpht.com/42o3XIW1j5zmzsFeZs3ND4QwaXXrnpK9vqftcEuEdbgNhPbltXRktcSmyJ12-gSRqKch93Ir=s68-c-k-c0x00ffffff-no-rj","width":68,"height":68}]},"avatarImageSize":"AVATAR_SIZE_M"}},"a11yLabel":"Go to channel Sony Music India","rendererContext":{"commandContext":{"onTap":{"innertubeCommand":{"clickTrackingParams":"CPoBENwwGAQiEwiY0sii9qSUAxU1eCoJHQsBNJrKAQRMH_Vj","commandMetadata":{"webCommandMetadata":{"url":"/@SonyMusicIndia","webPageType":"WEB_PAGE_TYPE_CHANNEL","rootVe":3611,"apiUrl":"/youtubei/v1/browse"}},"browseEndpoint":{"browseId":"UC56gTxNs4f9xZ7Pa2i5xNzg","canonicalBaseUrl":"/@SonyMusicIndia"}}}}}}}}},{"gridShelfViewModel":{"contents":[{"shortsLockupViewModel":{
1778079488.786 10430   567   710 I OkHttp  : "entityId":"shorts-shelf-item-b_lbW_TXDVw","accessibilityText":"tera mera rishta hai kaisa #trending #viral #shorts #ytshorts, 4.7 million views – play Short","onTap":{"innertubeCommand":{"clickTrackingParams":"CPYBEIf2BBgAIhMImNLIovaklAMVNXgqCR0LATSaUgR0ZXJhmgEFCDIQ9CTKAQRMH_Vj","commandMetadata":{"webCommandMetadata":{"url":"/shorts/b_lbW_TXDVw","webPageType":"WEB_PAGE_TYPE_SHORTS","rootVe":37414}},"reelWatchEndpoint":{"videoId":"b_lbW_TXDVw","playerParams":"8AEByAMyuAQUogYVAYS9d9OjijtPEYOJjskBclu1L8_ikAcC","thumbnail":{"thumbnails":[{"url":"https://i.ytimg.com/vi/b_lbW_TXDVw/frame0.jpg","width":720,"height":1280}],"isOriginalAspectRatio":true},"overlay":{"reelPlayerOverlayRenderer":{"style":"REEL_PLAYER_OVERLAY_STYLE_SHORTS","trackingParams":"CPkBELC1BCITCJjSyKL2pJQDFTV4KgkdCwE0mg==","reelPlayerNavigationModel":"REEL_PLAYER_NAVIGATION_MODEL_UNSPECIFIED"}},"params":"CBQwAkoOCgYiBHRlcmESBHRlcmG6ARhVQ2xFUmRPSTBpNC1XUmd2OG9aanprelE%3D","sequenceProvider":"REEL_WATCH_SEQUENCE_PROVIDER_RPC","sequenceParams":"CgtiX2xiV19UWERWdyruBAoNCgtrTVdrLWViQ3BncwoNCgtVaHE1S0Itc3I2ZwoNCgtDTlR5SVNmLVpGMAoNCgtVT2E2bnVMUGswTQoNCgtXcWlIT1NzWWUxRQoNCgtLMmdyQjRNQzlDRQoNCgtobWM5Q0VYVjZkcwoNCgtXUmk4Vi1Gb1NXQQoNCgswVEFPajVYOXo3ZwoNCgs0SDhQRWc0c2tsRQoNCgtpOV9lSGJTd0RubwoNCgtTcEtIM0M1Uk9iUQoNCgs0c3VjTi1VRGV2UQoNCgs3VHJ0MHhOOHBQYwoNCgtKb3Q3eUJVRGw3cwoNCgs0dVZZNDRkeDhiZwoNCgtMbjdrZDVGd0FxZwoNCgtFdG5sMkhyOVNUawoNCgs3dXVxTTlucExHRQoNCgt3UG1ySzgtb2ZWOAoNCgtUQnVBSWlRc0FWYwoNCgtkTWw5Zld5NmUyVQoNCgtoQWdFa2QtQ3NjNAoNCgtkdm0weUZzZWgyUQoNCgt2UlhRdjFFNU5tcwoNCgtWZjdKcUVrRm82RQoNCgtLVUtReVo3LWhucwoNCgt5WmdkOWMyM2FqSQoNCgsyM1d6N3RBVzVDTQoNCgtiZ0ZTUDJHdVRIVQoNCgszUkt3c19nVGs4NAoNCgtXTDNuYXhmRVB4TQoNCgtzeFFMTExRQTMzawoNCgs5eXREZVJCMk1UZwoNCgtuejdlaGhHUE9fNAoNCgtGSEFfTlVLblBSTQoNCgstV2d0UktGSFQyMAoNCgtsWjNPa2J4X2tFMAoNCgswNHlhcHI4NVhIUQoNCgtSd3JrWVBvWEd0cxAAGBQiDgoGIgR0ZXJhEgR0ZXJhMAFwZIABAaoBBggKGgIYANoBoAQKBHRlcmESCGVuLUdCLUdCGo0ECoAEAACLPAAAW74AAKq9AADHvAAAdb4AAPi9AABLvgAA9zwAAI-9AAB4vgAA3D0AAHA9AAArPAAACT0AACK9AADTPAAAr7sAAPw8AACaPQAAiz0AAIg9AAAaPgAAqj0AAL69AACcPQAAQL4AAAi9AACtPQAAYr0AACy-AABLPgAAO70AABm8AAAaPQAAZzwAAJa9AACcvQAAwTwAAHy7AAAcvQAAXz0AAPo8AACXPAAAmrwAADS9AACIOgAAvz0AAAy9AAAwvQAAUj0AANW8AACQPQAALD0AALo9AAB-PQAAgrsAAH49AABAPgAAUD0AAFI9AAAOPAAAeL0AAMu7AADFPQAAor0AAHg8AABMPgAAbjwAAHC9AAD1PQAA870AAJA9AAC6uwAAGT4AAAI9AAC-vAAAND0AALg9AADOOwAA2T0AAPi9AADcuwAAyL0AANC7AACavQAAmD0AAJm9AAAQvgAAtTwAAKw8AAALvQAAvzsAAGW9AAC0vQAA3jwAABM9AAClvQAA0b0AABw9AAD-vAAAtr0AAD29AAADvQAAHr0AAKk9AACbPQAAvT0AAH69AADDPQAAJL4AAMg9AACtvQAAYj0AALI8AACGPQAAAbwAAGW-AABeugAAv70AAJ68AACpPQAAFD4AAFq9AADuvQAArL0AAOo9AAC_vQAAtz0YNiACQgQIABAB","loggingContext":{"vssLoggingContext":{"serializedContextData":"CgIIDA%3D%3D"},"qoeLoggingContext":{"serializedContextData":"CgIIDA%3D%3D"}},"ustreamerConfig":"CAw=","accessibilityRenderer":{"reelWatchAccessibilityRenderer":{"enablePlayPauseA11yButton":true,"loggingDirectives":{"trackingParams":"CPgBENjLDiITCJjSyKL2pJQDFTV4KgkdCwE0mg==","visibility":{"types":"4"}}}}}}},"inlinePlayerData":{"onVisible":{"innertubeCommand":{"clickTrackingParams":"CPYBEIf2BBgAIhMImNLIovaklAMVNXgqCR0LATSaMgZzZWFyY2hSBHRlcmGaAQUIMhD0JMoBBEwf9WM=","commandMetadata":{"webCommandMetadata":{"url":"/watch?v=b_lbW_TXDVw&pp=YAHIAQHwAQG6AwIYAugFAaIGFQGEvXfTLFpH-zXzh3lW2VXUJcos3JAHAg%3D%3D","webPageType":"WEB_PAGE_TYPE_WATCH","rootVe":3832}},"watchEndpoint":{"videoId":"b_lbW_TXDVw","playerParams":"YAHIAQHwAQG6AwIYAugFAaIGFQGEvXfTLFpH-zXzh3lW2VXUJcos3JAHAg%3D%3D","playerExtraUrlParams":[{"key":"inline","value":"1"}],"watchEndpointSupportedOnesieConfig":{"html5PlaybackOnesieConfig":{"commonConfig":{"url":"https://rr1---sn-h4upouxgoxu-gq2e.googlevideo.com/initplayback?source=youtube&oeis=1&c=WEB&oad=3200&ovd=3200&oaad=11000&oavd=11000&ocs=700&oewis=1&oputc=1&ofpcc=1&msp=1&odepv=1&oreouc=1&id=6ff95b5bf4d70d5c&ip=103.220.88.42&initcwndbps=947500&mt=1778078969&oweuc="}}}}}},"maxPlaybackLengthSec":0,"enableAudioControl":true},"menuOnTap":{"innertubeCommand":{"clickTrackingParams":"CPYBEIf2BBgAIhMImNLIovaklAMVNXgqCR0LATSa
1778079488.786 10430   567   710 I OkHttp  : ygEETB_1Yw==","showSheetCommand":{"panelLoadingStrategy":{"inlineContent":{"sheetViewModel":{"content":{"listViewModel":{"listItems":[{"listItemViewModel":{"title":{"content":"Add to queue"},"leadingImage":{"sources":[{"clientResource":{"imageName":"ADD_TO_QUEUE_TAIL"}}]},"rendererContext":{"loggingContext":{"loggingDirectives":{"trackingParams":"CPcBEP6YBBgCIhMImNLIovaklAMVNXgqCR0LATSa","visibility":{"types":"12"}}},"commandContext":{"onTap":{"innertubeCommand":{"clickTrackingParams":"CPcBEP6YBBgCIhMImNLIovaklAMVNXgqCR0LATSaygEETB_1Yw==","commandMetadata":{"webCommandMetadata":{"sendPost":true}},"signalServiceEndpoint":{"signal":"CLIENT_SIGNAL","actions":[{"clickTrackingParams":"CPcBEP6YBBgCIhMImNLIovaklAMVNXgqCR0LATSaygEETB_1Yw==","addToPlaylistCommand":{"openMiniplayer":true,"videoId":"b_lbW_TXDVw","listType":"PLAYLIST_EDIT_LIST_TYPE_QUEUE","onCreateListCommand":{"clickTrackingParams":"CPcBEP6YBBgCIhMImNLIovaklAMVNXgqCR0LATSaygEETB_1Yw==","commandMetadata":{"webCommandMetadata":{"sendPost":true,"apiUrl":"/youtubei/v1/playlist/create"}},"createPlaylistServiceEndpoint":{"videoIds":["b_lbW_TXDVw"],"params":"CAQ%3D"}},"videoIds":["b_lbW_TXDVw"],"videoCommand":{"clickTrackingParams":"CPcBEP6YBBgCIhMImNLIovaklAMVNXgqCR0LATSaygEETB_1Yw==","commandMetadata":{"webCommandMetadata":{"url":"/watch?v=b_lbW_TXDVw","webPageType":"WEB_PAGE_TYPE_WATCH","rootVe":3832}},"watchEndpoint":{"videoId":"b_lbW_TXDVw","watchEndpointSupportedOnesieConfig":{"html5PlaybackOnesieConfig":{"commonConfig":{"url":"https://rr1---sn-h4upouxgoxu-gq2e.googlevideo.com/initplayback?source=youtube&oeis=1&c=WEB&oad=3200&ovd=3200&oaad=11000&oavd=11000&ocs=700&oewis=1&oputc=1&ofpcc=1&msp=1&odepv=1&oreouc=1&id=6ff95b5bf4d70d5c&ip=103.220.88.42&initcwndbps=947500&mt=1778078969&oweuc="}}}}}}}]}}}}}}},{"listItemViewModel":{"title":{"content":"Send feedback"},"leadingImage":{"sources":[{"clientResource":{"imageName":"FEEDBACK"}}]},"rendererContext":{"commandContext":{"onTap":{"innertubeCommand":{"clickTrackingParams":"CPYBEIf2BBgAIhMImNLIovaklAMVNXgqCR0LATSaygEETB_1Yw==","commandMetadata":{"webCommandMetadata":{"ignoreNavigation":true}},"userFeedbackEndpoint":{"additionalDatas":[{"userFeedbackEndpointProductSpecificValueData":{"key":"video_id","value":"b_lbW_TXDVw"}},{"userFeedbackEndpointProductSpecificValueData":{"key":"lockup","value":"shelf"}}]}}}}}}}]}}}}}}}},"indexInCollection":0,"menuOnTapA11yLabel":"More actions","overlayMetadata":{"primaryText":{"content":"tera mera rishta hai kaisa #trending #viral #shorts #ytshorts"},"secondaryText":{"content":"4.7m views"}},"thumbnailViewModel":{"thumbnailViewModel":{"image":{"sources":[{"url":"https://i.ytimg.com/vi/b_lbW_TXDVw/oar2.jpg?sqp=-oaymwEkCJUDENAFSFqQAgHyq4qpAxMIARUAAAAAJQAAyEI9AICiQ3gB&rs=AOn4CLB4Ojq-WLFH2LpsNxtGtEXDw7bgtg&usqp=CCk","width":405,"height":720},{"url":"https://i.ytimg.com/vi/b_lbW_TXDVw/oar2.jpg?sqp=-oaymwEnCJUDEOAESFqQAgHyq4qpAxYIARUAAAAAJQAAyEI9AICiQ3gByAEB&rs=AOn4CLCudQF2EgUuaw-7LZR-JolPcSZaqA&usqp=CCk","width":405,"height":608}]}}},"stackedFrameData":{},"titleTruncationStyle":"SHORTS_LOCKUP_TITLE_TRUNCATION_STYLE_UNKNOWN","loggingDirectives":{"trackingParams":"CPYBEIf2BBgAIhMImNLIovaklAMVNXgqCR0LATSa","visibility":{"types":"12"}}}},{"shortsLockupViewModel":{"entityId":"shorts-shelf-item-kMWk-ebCpgs","accessibilityText":"Tera Chehra (Full Audio Song) | Sanam Teri Kasam | Harshvardhan, Mawra Himesh New Love Song ❣️❣️, 5.6 million views – play Short","onTap":{"innertubeCommand":{"clickTrackingParams":"CPIBEIf2BBgBIhMImNLIovaklAMVNXgqCR0LATSaUgR0ZXJhmgEFCDIQ9CTKAQRMH_Vj","commandMetadata":{"webCommandMetadata":{"url":"/shorts/kMWk-ebCpgs","webPageType":"WEB_PAGE_TYPE_SHORTS","rootVe":37414}},"reelWatchEndpoint":{"videoId":"kMWk-ebCpgs","playerParams":"8AEByAMyuAQUogYVAYS9d9PvnQiMBYSj36MPeS7-7lNDkAcC","thumbnail":{"thumbnails":[{"url":"https://i.ytimg.com/vi/kMWk-ebCpgs/frame0.jpg","width":1080,"height":1920}],"isOriginalAspectRatio":true},"overlay":{"reelPlayerOverlayRenderer":{"style":"REEL_PLAYER_OVERLAY_STYLE_SHORTS","tracking
1778079488.786 10430   567   710 I OkHttp  : Params":"CPUBELC1BCITCJjSyKL2pJQDFTV4KgkdCwE0mg==","reelPlayerNavigationModel":"REEL_PLAYER_NAVIGATION_MODEL_UNSPECIFIED"}},"params":"CBQwAkoOCgYiBHRlcmESBHRlcmG6ARhVQ2xqdjVpbXJja0tCSGhaMC1zUkxUMEE%3D","sequenceProvider":"REEL_WATCH_SEQUENCE_PROVIDER_RPC","sequenceParams":"CgtrTVdrLWViQ3BncyruBAoNCgtVaHE1S0Itc3I2ZwoNCgtDTlR5SVNmLVpGMAoNCgtVT2E2bnVMUGswTQoNCgtXcWlIT1NzWWUxRQoNCgtLMmdyQjRNQzlDRQoNCgtobWM5Q0VYVjZkcwoNCgtXUmk4Vi1Gb1NXQQoNCgswVEFPajVYOXo3ZwoNCgs0SDhQRWc0c2tsRQoNCgtpOV9lSGJTd0RubwoNCgtTcEtIM0M1Uk9iUQoNCgs0c3VjTi1VRGV2UQoNCgs3VHJ0MHhOOHBQYwoNCgtKb3Q3eUJVRGw3cwoNCgs0dVZZNDRkeDhiZwoNCgtMbjdrZDVGd0FxZwoNCgtFdG5sMkhyOVNUawoNCgs3dXVxTTlucExHRQoNCgt3UG1ySzgtb2ZWOAoNCgtUQnVBSWlRc0FWYwoNCgtkTWw5Zld5NmUyVQoNCgtoQWdFa2QtQ3NjNAoNCgtkdm0weUZzZWgyUQoNCgt2UlhRdjFFNU5tcwoNCgtWZjdKcUVrRm82RQoNCgtLVUtReVo3LWhucwoNCgt5WmdkOWMyM2FqSQoNCgsyM1d6N3RBVzVDTQoNCgtiZ0ZTUDJHdVRIVQoNCgszUkt3c19nVGs4NAoNCgtXTDNuYXhmRVB4TQoNCgtzeFFMTExRQTMzawoNCgs5eXREZVJCMk1UZwoNCgtuejdlaGhHUE9fNAoNCgtGSEFfTlVLblBSTQoNCgstV2d0UktGSFQyMAoNCgtsWjNPa2J4X2tFMAoNCgswNHlhcHI4NVhIUQoNCgtSd3JrWVBvWEd0cwoNCgtDdlpJbXZ6Y0JScxABGBQiDgoGIgR0ZXJhEgR0ZXJhMAFwZIABAaoBBggJGgIYANoBoAQKBHRlcmESCGVuLUdCLUdCGo0ECoAEAACLPAAAW74AAKq9AADHvAAAdb4AAPi9AABLvgAA9zwAAI-9AAB4vgAA3D0AAHA9AAArPAAACT0AACK9AADTPAAAr7sAAPw8AACaPQAAiz0AAIg9AAAaPgAAqj0AAL69AACcPQAAQL4AAAi9AACtPQAAYr0AACy-AABLPgAAO70AABm8AAAaPQAAZzwAAJa9AACcvQAAwTwAAHy7AAAcvQAAXz0AAPo8AACXPAAAmrwAADS9AACIOgAAvz0AAAy9AAAwvQAAUj0AANW8AACQPQAALD0AALo9AAB-PQAAgrsAAH49AABAPgAAUD0AAFI9AAAOPAAAeL0AAMu7AADFPQAAor0AAHg8AABMPgAAbjwAAHC9AAD1PQAA870AAJA9AAC6uwAAGT4AAAI9AAC-vAAAND0AALg9AADOOwAA2T0AAPi9AADcuwAAyL0AANC7AACavQAAmD0AAJm9AAAQvgAAtTwAAKw8AAALvQAAvzsAAGW9AAC0vQAA3jwAABM9AAClvQAA0b0AABw9AAD-vAAAtr0AAD29AAADvQAAHr0AAKk9AACbPQAAvT0AAH69AADDPQAAJL4AAMg9AACtvQAAYj0AALI8AACGPQAAAbwAAGW-AABeugAAv70AAJ68AACpPQAAFD4AAFq9AADuvQAArL0AAOo9AAC_vQAAtz0YNiACQgQIABAB","loggingContext":{"vssLoggingContext":{"serializedContextData":"CgIIDA%3D%3D"},"qoeLoggingContext":{"serializedContextData":"CgIIDA%3D%3D"}},"ustreamerConfig":"CAw=","accessibilityRenderer":{"reelWatchAccessibilityRenderer":{"enablePlayPauseA11yButton":true,"loggingDirectives":{"trackingParams":"CPQBENjLDiITCJjSyKL2pJQDFTV4KgkdCwE0mg==","visibility":{"types":"4"}}}}}}},"inlinePlayerData":{"onVisible":{"innertubeCommand":{"clickTrackingParams":"CPIBEIf2BBgBIhMImNLIovaklAMVNXgqCR0LATSaMgZzZWFyY2hSBHRlcmGaAQUIMhD0JMoBBEwf9WM=","commandMetadata":{"webCommandMetadata":{"url":"/watch?v=kMWk-ebCpgs&pp=YAHIAQHwAQG6AwIYAugFAaIGFQGEvXfTEa6icBIyUAL8wYgtRrjwxpAHAg%3D%3D","webPageType":"WEB_PAGE_TYPE_WATCH","rootVe":3832}},"watchEndpoint":{"videoId":"kMWk-ebCpgs","playerParams":"YAHIAQHwAQG6AwIYAugFAaIGFQGEvXfTEa6icBIyUAL8wYgtRrjwxpAHAg%3D%3D","playerExtraUrlParams":[{"key":"inline","value":"1"}],"watchEndpointSupportedOnesieConfig":{"html5PlaybackOnesieConfig":{"commonConfig":{"url":"https://rr2---sn-h4upouxgoxu-gq2e.googlevideo.com/initplayback?source=youtube&oeis=1&c=WEB&oad=3200&ovd=3200&oaad=11000&oavd=11000&ocs=700&oewis=1&oputc=1&ofpcc=1&msp=1&odepv=1&oreouc=1&id=90c5a4f9e6c2a60b&ip=103.220.88.42&initcwndbps=947500&mt=1778078969&oweuc="}}}}}},"maxPlaybackLengthSec":0,"enableAudioControl":true},"menuOnTap":{"innertubeCommand":{"clickTrackingParams":"CPIBEIf2BBgBIhMImNLIovaklAMVNXgqCR0LATSaygEETB_1Yw==","showSheetCommand":{"panelLoadingStrategy":{"inlineContent":{"sheetViewModel":{"content":{"listViewModel":{"listItems":[{"listItemViewModel":{"title":{"content":"Add to queue"},"leadingImage":{"sources":[{"clientResource":{"imageName":"ADD_TO_QUEUE_TAIL"}}]},"rendererContext":{"loggingContext":{"loggingDirectives":{"trackingParams":"CPMBEP6YBBgCIhMImNLIovaklAMVNXgqCR0LATSa","visibility":{"types":"12"}}},"commandContext":{"onTap":{"innertubeCommand":{"clickTrackingParams":"CPMBEP6YBBgCIhMImNLIovaklAMVNXgqCR0LATSaygEETB_1Yw==","commandMetadata":{"webCommandMetadata":{"sendPost":true}},"signalServiceEndpoint":{"signal":"CLIENT_SIGNAL","actions":[{"clickTrackingParams":"CPMBEP6YBBgCIhMImNLIovaklAMVNXgqCR0LATSaygEETB_1Yw==","add
1778079488.787 10430   567   710 I OkHttp  : ToPlaylistCommand":{"openMiniplayer":true,"videoId":"kMWk-ebCpgs","listType":"PLAYLIST_EDIT_LIST_TYPE_QUEUE","onCreateListCommand":{"clickTrackingParams":"CPMBEP6YBBgCIhMImNLIovaklAMVNXgqCR0LATSaygEETB_1Yw==","commandMetadata":{"webCommandMetadata":{"sendPost":true,"apiUrl":"/youtubei/v1/playlist/create"}},"createPlaylistServiceEndpoint":{"videoIds":["kMWk-ebCpgs"],"params":"CAQ%3D"}},"videoIds":["kMWk-ebCpgs"],"videoCommand":{"clickTrackingParams":"CPMBEP6YBBgCIhMImNLIovaklAMVNXgqCR0LATSaygEETB_1Yw==","commandMetadata":{"webCommandMetadata":{"url":"/watch?v=kMWk-ebCpgs","webPageType":"WEB_PAGE_TYPE_WATCH","rootVe":3832}},"watchEndpoint":{"videoId":"kMWk-ebCpgs","watchEndpointSupportedOnesieConfig":{"html5PlaybackOnesieConfig":{"commonConfig":{"url":"https://rr2---sn-h4upouxgoxu-gq2e.googlevideo.com/initplayback?source=youtube&oeis=1&c=WEB&oad=3200&ovd=3200&oaad=11000&oavd=11000&ocs=700&oewis=1&oputc=1&ofpcc=1&msp=1&odepv=1&oreouc=1&id=90c5a4f9e6c2a60b&ip=103.220.88.42&initcwndbps=947500&mt=1778078969&oweuc="}}}}}}}]}}}}}}},{"listItemViewModel":{"title":{"content":"Send feedback"},"leadingImage":{"sources":[{"clientResource":{"imageName":"FEEDBACK"}}]},"rendererContext":{"commandContext":{"onTap":{"innertubeCommand":{"clickTrackingParams":"CPIBEIf2BBgBIhMImNLIovaklAMVNXgqCR0LATSaygEETB_1Yw==","commandMetadata":{"webCommandMetadata":{"ignoreNavigation":true}},"userFeedbackEndpoint":{"additionalDatas":[{"userFeedbackEndpointProductSpecificValueData":{"key":"video_id","value":"kMWk-ebCpgs"}},{"userFeedbackEndpointProductSpecificValueData":{"key":"lockup","value":"shelf"}}]}}}}}}}]}}}}}}}},"indexInCollection":0,"menuOnTapA11yLabel":"More actions","overlayMetadata":{"primaryText":{"content":"Tera Chehra (Full Audio Song) | Sanam Teri Kasam | Harshvardhan, Mawra Himesh New Love Song ❣️❣️"},"secondaryText":{"content":"5.6m views"}},"thumbnailViewModel":{"thumbnailViewModel":{"image":{"sources":[{"url":"https://i.ytimg.com/vi/kMWk-ebCpgs/oardefault.jpg?sqp=-oaymwEkCJUDENAFSFqQAgHyq4qpAxMIARUAAAAAJQAAyEI9AICiQ3gB&rs=AOn4CLAxhvPlJe5zVdUtn8VdAaqmhu-WLA&usqp=CCk","width":405,"height":720},{"url":"https://i.ytimg.com/vi/kMWk-ebCpgs/oardefault.jpg?sqp=-oaymwEnCJUDEOAESFqQAgHyq4qpAxYIARUAAAAAJQAAyEI9AICiQ3gByAEB&rs=AOn4CLB2XmILPUXjto0LfTCIg0-_EqqO3A&usqp=CCk","width":405,"height":608}]}}},"stackedFrameData":{},"titleTruncationStyle":"SHORTS_LOCKUP_TITLE_TRUNCATION_STYLE_UNKNOWN","loggingDirectives":{"trackingParams":"CPIBEIf2BBgBIhMImNLIovaklAMVNXgqCR0LATSa","visibility":{"types":"12"}}}},{"shortsLockupViewModel":{"entityId":"shorts-shelf-item-Uhq5KB-sr6g","accessibilityText":"Mere Hothon Par naam Tera #haryanvisong #punjabimusic #song #punjabisong #love #newsong 😱😱😱, 3 million views – play Short","onTap":{"innertubeCommand":{"clickTrackingParams":"CO4BEIf2BBgCIhMImNLIovaklAMVNXgqCR0LATSaUgR0ZXJhmgEFCDIQ9CTKAQRMH_Vj","commandMetadata":{"webCommandMetadata":{"url":"/shorts/Uhq5KB-sr6g","webPageType":"WEB_PAGE_TYPE_SHORTS","rootVe":37414}},"reelWatchEndpoint":{"videoId":"Uhq5KB-sr6g","playerParams":"8AEByAMyuAQUogYVAYS9d9PmNDdbJGVJDJg9W5NfXxT4kAcC","thumbnail":{"thumbnails":[{"url":"https://i.ytimg.com/vi/Uhq5KB-sr6g/frame0.jpg","width":1080,"height":1920}],"isOriginalAspectRatio":true},"overlay":{"reelPlayerOverlayRenderer":{"style":"REEL_PLAYER_OVERLAY_STYLE_SHORTS","trackingParams":"CPEBELC1BCITCJjSyKL2pJQDFTV4KgkdCwE0mg==","reelPlayerNavigationModel":"REEL_PLAYER_NAVIGATION_MODEL_UNSPECIFIED"}},"params":"CBQwAkoOCgYiBHRlcmESBHRlcmG6ARhVQ1FHbG1yRGdhLVhvN3RqWi11RmNXM3c%3D","sequenceProvider":"REEL_WATCH_SEQUENCE_PROVIDER_RPC","sequenceParams":"CgtVaHE1S0Itc3I2ZyruBAoNCgtDTlR5SVNmLVpGMAoNCgtVT2E2bnVMUGswTQoNCgtXcWlIT1NzWWUxRQoNCgtLMmdyQjRNQzlDRQoNCgtobWM5Q0VYVjZkcwoNCgtXUmk4Vi1Gb1NXQQoNCgswVEFPajVYOXo3ZwoNCgs0SDhQRWc0c2tsRQoNCgtpOV9lSGJTd0RubwoNCgtTcEtIM0M1Uk9iUQoNCgs0c3VjTi1VRGV2UQoNCgs3VHJ0MHhOOHBQYwoNCgtKb3Q3eUJVRGw3cwoNCgs0dVZZNDRkeDhiZwoNCgtMbjdrZDVGd0FxZwoNCgtFdG5sMkhyOVNUawoNCgs3dXVxTTlucExHRQoNCgt3UG1ySzgtb2ZWOAoNCgtUQnVBSWlRc0FWYwoNCgtkTWw5Zld5NmUyVQoNCgtoQW
1778079488.787 10430   567   710 I OkHttp  : dFa2QtQ3NjNAoNCgtkdm0weUZzZWgyUQoNCgt2UlhRdjFFNU5tcwoNCgtWZjdKcUVrRm82RQoNCgtLVUtReVo3LWhucwoNCgt5WmdkOWMyM2FqSQoNCgsyM1d6N3RBVzVDTQoNCgtiZ0ZTUDJHdVRIVQoNCgszUkt3c19nVGs4NAoNCgtXTDNuYXhmRVB4TQoNCgtzeFFMTExRQTMzawoNCgs5eXREZVJCMk1UZwoNCgtuejdlaGhHUE9fNAoNCgtGSEFfTlVLblBSTQoNCgstV2d0UktGSFQyMAoNCgtsWjNPa2J4X2tFMAoNCgswNHlhcHI4NVhIUQoNCgtSd3JrWVBvWEd0cwoNCgtDdlpJbXZ6Y0JScwoNCgtiQnhocENiOVpHRRACGBQiDgoGIgR0ZXJhEgR0ZXJhMAFwZIABAaoBBggIGgIYANoBoAQKBHRlcmESCGVuLUdCLUdCGo0ECoAEAACLPAAAW74AAKq9AADHvAAAdb4AAPi9AABLvgAA9zwAAI-9AAB4vgAA3D0AAHA9AAArPAAACT0AACK9AADTPAAAr7sAAPw8AACaPQAAiz0AAIg9AAAaPgAAqj0AAL69AACcPQAAQL4AAAi9AACtPQAAYr0AACy-AABLPgAAO70AABm8AAAaPQAAZzwAAJa9AACcvQAAwTwAAHy7AAAcvQAAXz0AAPo8AACXPAAAmrwAADS9AACIOgAAvz0AAAy9AAAwvQAAUj0AANW8AACQPQAALD0AALo9AAB-PQAAgrsAAH49AABAPgAAUD0AAFI9AAAOPAAAeL0AAMu7AADFPQAAor0AAHg8AABMPgAAbjwAAHC9AAD1PQAA870AAJA9AAC6uwAAGT4AAAI9AAC-vAAAND0AALg9AADOOwAA2T0AAPi9AADcuwAAyL0AANC7AACavQAAmD0AAJm9AAAQvgAAtTwAAKw8AAALvQAAvzsAAGW9AAC0vQAA3jwAABM9AAClvQAA0b0AABw9AAD-vAAAtr0AAD29AAADvQAAHr0AAKk9AACbPQAAvT0AAH69AADDPQAAJL4AAMg9AACtvQAAYj0AALI8AACGPQAAAbwAAGW-AABeugAAv70AAJ68AACpPQAAFD4AAFq9AADuvQAArL0AAOo9AAC_vQAAtz0YNiACQgQIABAB","loggingContext":{"vssLoggingContext":{"serializedContextData":"CgIIDA%3D%3D"},"qoeLoggingContext":{"serializedContextData":"CgIIDA%3D%3D"}},"ustreamerConfig":"CAw=","accessibilityRenderer":{"reelWatchAccessibilityRenderer":{"enablePlayPauseA11yButton":true,"loggingDirectives":{"trackingParams":"CPABENjLDiITCJjSyKL2pJQDFTV4KgkdCwE0mg==","visibility":{"types":"4"}}}}}}},"inlinePlayerData":{"onVisible":{"innertubeCommand":{"clickTrackingParams":"CO4BEIf2BBgCIhMImNLIovaklAMVNXgqCR0LATSaMgZzZWFyY2hSBHRlcmGaAQUIMhD0JMoBBEwf9WM=","commandMetadata":{"webCommandMetadata":{"url":"/watch?v=Uhq5KB-sr6g&pp=YAHIAQHwAQG6AwIYAugFAaIGFQGEvXfTe8EznDP0nnG8q5rENsd3lJAHAg%3D%3D","webPageType":"WEB_PAGE_TYPE_WATCH","rootVe":3832}},"watchEndpoint":{"videoId":"Uhq5KB-sr6g","playerParams":"YAHIAQHwAQG6AwIYAugFAaIGFQGEvXfTe8EznDP0nnG8q5rENsd3lJAHAg%3D%3D","playerExtraUrlParams":[{"key":"inline","value":"1"}],"watchEndpointSupportedOnesieConfig":{"html5PlaybackOnesieConfig":{"commonConfig":{"url":"https://rr2---sn-h4upouxgoxu-gq2e.googlevideo.com/initplayback?source=youtube&oeis=1&c=WEB&oad=3200&ovd=3200&oaad=11000&oavd=11000&ocs=700&oewis=1&oputc=1&ofpcc=1&msp=1&odepv=1&oreouc=1&id=521ab9281facafa8&ip=103.220.88.42&initcwndbps=947500&mt=1778078969&oweuc="}}}}}},"maxPlaybackLengthSec":0,"enableAudioControl":true},"menuOnTap":{"innertubeCommand":{"clickTrackingParams":"CO4BEIf2BBgCIhMImNLIovaklAMVNXgqCR0LATSaygEETB_1Yw==","showSheetCommand":{"panelLoadingStrategy":{"inlineContent":{"sheetViewModel":{"content":{"listViewModel":{"listItems":[{"listItemViewModel":{"title":{"content":"Add to queue"},"leadingImage":{"sources":[{"clientResource":{"imageName":"ADD_TO_QUEUE_TAIL"}}]},"rendererContext":{"loggingContext":{"loggingDirectives":{"trackingParams":"CO8BEP6YBBgCIhMImNLIovaklAMVNXgqCR0LATSa","visibility":{"types":"12"}}},"commandContext":{"onTap":{"innertubeCommand":{"clickTrackingParams":"CO8BEP6YBBgCIhMImNLIovaklAMVNXgqCR0LATSaygEETB_1Yw==","commandMetadata":{"webCommandMetadata":{"sendPost":true}},"signalServiceEndpoint":{"signal":"CLIENT_SIGNAL","actions":[{"clickTrackingParams":"CO8BEP6YBBgCIhMImNLIovaklAMVNXgqCR0LATSaygEETB_1Yw==","addToPlaylistCommand":{"openMiniplayer":true,"videoId":"Uhq5KB-sr6g","listType":"PLAYLIST_EDIT_LIST_TYPE_QUEUE","onCreateListCommand":{"clickTrackingParams":"CO8BEP6YBBgCIhMImNLIovaklAMVNXgqCR0LATSaygEETB_1Yw==","commandMetadata":{"webCommandMetadata":{"sendPost":true,"apiUrl":"/youtubei/v1/playlist/create"}},"createPlaylistServiceEndpoint":{"videoIds":["Uhq5KB-sr6g"],"params":"CAQ%3D"}},"videoIds":["Uhq5KB-sr6g"],"videoCommand":{"clickTrackingParams":"CO8BEP6YBBgCIhMImNLIovaklAMVNXgqCR0LATSaygEETB_1Yw==","commandMetadata":{"webCommandMetadata":{"url":"/watch?v=Uhq5KB-sr6g&pp=0gcJCXEFdf6zKzOD","webPageType":"WEB_PAGE_TYPE_WATCH","rootVe":3832}},"watchEndpoint":{"videoId":"Uhq5KB-sr6g","playerParams
1778079488.787 10430   567   710 I OkHttp  : ":"0gcJCXEFdf6zKzOD","watchEndpointSupportedOnesieConfig":{"html5PlaybackOnesieConfig":{"commonConfig":{"url":"https://rr2---sn-h4upouxgoxu-gq2e.googlevideo.com/initplayback?source=youtube&oeis=1&c=WEB&oad=3200&ovd=3200&oaad=11000&oavd=11000&ocs=700&oewis=1&oputc=1&ofpcc=1&msp=1&odepv=1&oreouc=1&id=521ab9281facafa8&ip=103.220.88.42&initcwndbps=947500&mt=1778078969&oweuc="}}}}}}}]}}}}}}},{"listItemViewModel":{"title":{"content":"Send feedback"},"leadingImage":{"sources":[{"clientResource":{"imageName":"FEEDBACK"}}]},"rendererContext":{"commandContext":{"onTap":{"innertubeCommand":{"clickTrackingParams":"CO4BEIf2BBgCIhMImNLIovaklAMVNXgqCR0LATSaygEETB_1Yw==","commandMetadata":{"webCommandMetadata":{"ignoreNavigation":true}},"userFeedbackEndpoint":{"additionalDatas":[{"userFeedbackEndpointProductSpecificValueData":{"key":"video_id","value":"Uhq5KB-sr6g"}},{"userFeedbackEndpointProductSpecificValueData":{"key":"lockup","value":"shelf"}}]}}}}}}}]}}}}}}}},"indexInCollection":0,"menuOnTapA11yLabel":"More actions","overlayMetadata":{"primaryText":{"content":"Mere Hothon Par naam Tera #haryanvisong #punjabimusic #song #punjabisong #love #newsong 😱😱😱"},"secondaryText":{"content":"3m views"}},"thumbnailViewModel":{"thumbnailViewModel":{"image":{"sources":[{"url":"https://i.ytimg.com/vi/Uhq5KB-sr6g/oardefault.jpg?sqp=-oaymwEkCJUDENAFSFqQAgHyq4qpAxMIARUAAAAAJQAAyEI9AICiQ3gB&rs=AOn4CLDfkXKSXGvo87buhIvVH1nQ9hxq0w&usqp=CCk","width":405,"height":720},{"url":"https://i.ytimg.com/vi/Uhq5KB-sr6g/oardefault.jpg?sqp=-oaymwEnCJUDEOAESFqQAgHyq4qpAxYIARUAAAAAJQAAyEI9AICiQ3gByAEB&rs=AOn4CLC2XVEnJ0wHK-HuN1Vm_WgRNU4g2Q&usqp=CCk","width":405,"height":608}]}}},"stackedFrameData":{},"titleTruncationStyle":"SHORTS_LOCKUP_TITLE_TRUNCATION_STYLE_UNKNOWN","loggingDirectives":{"trackingParams":"CO4BEIf2BBgCIhMImNLIovaklAMVNXgqCR0LATSa","visibility":{"types":"12"}}}},{"shortsLockupViewModel":{"entityId":"shorts-shelf-item-CNTyISf-ZF0","accessibilityText":"jab tere khayalon mein 😍❤️ #comedy #funny #shorts #viralshorts #trending, 5.6 million views – play Short","onTap":{"innertubeCommand":{"clickTrackingParams":"COoBEIf2BBgDIhMImNLIovaklAMVNXgqCR0LATSaUgR0ZXJhmgEFCDIQ9CTKAQRMH_Vj","commandMetadata":{"webCommandMetadata":{"url":"/shorts/CNTyISf-ZF0","webPageType":"WEB_PAGE_TYPE_SHORTS","rootVe":37414}},"reelWatchEndpoint":{"videoId":"CNTyISf-ZF0","playerParams":"8AEByAMyuAQUogYVAYS9d9PsMmARyJyhGtdQ5BR2iqiIkAcC","thumbnail":{"thumbnails":[{"url":"https://i.ytimg.com/vi/CNTyISf-ZF0/frame0.jpg","width":1080,"height":1920}],"isOriginalAspectRatio":true},"overlay":{"reelPlayerOverlayRenderer":{"style":"REEL_PLAYER_OVERLAY_STYLE_SHORTS","trackingParams":"CO0BELC1BCITCJjSyKL2pJQDFTV4KgkdCwE0mg==","reelPlayerNavigationModel":"REEL_PLAYER_NAVIGATION_MODEL_UNSPECIFIED"}},"params":"CBQwAkoOCgYiBHRlcmESBHRlcmG6ARhVQzZRUmtCUFVBaHhJcm8xZkg5d0x0Z2c%3D","sequenceProvider":"REEL_WATCH_SEQUENCE_PROVIDER_RPC","sequenceParams":"CgtDTlR5SVNmLVpGMCruBAoNCgtVT2E2bnVMUGswTQoNCgtXcWlIT1NzWWUxRQoNCgtLMmdyQjRNQzlDRQoNCgtobWM5Q0VYVjZkcwoNCgtXUmk4Vi1Gb1NXQQoNCgswVEFPajVYOXo3ZwoNCgs0SDhQRWc0c2tsRQoNCgtpOV9lSGJTd0RubwoNCgtTcEtIM0M1Uk9iUQoNCgs0c3VjTi1VRGV2UQoNCgs3VHJ0MHhOOHBQYwoNCgtKb3Q3eUJVRGw3cwoNCgs0dVZZNDRkeDhiZwoNCgtMbjdrZDVGd0FxZwoNCgtFdG5sMkhyOVNUawoNCgs3dXVxTTlucExHRQoNCgt3UG1ySzgtb2ZWOAoNCgtUQnVBSWlRc0FWYwoNCgtkTWw5Zld5NmUyVQoNCgtoQWdFa2QtQ3NjNAoNCgtkdm0weUZzZWgyUQoNCgt2UlhRdjFFNU5tcwoNCgtWZjdKcUVrRm82RQoNCgtLVUtReVo3LWhucwoNCgt5WmdkOWMyM2FqSQoNCgsyM1d6N3RBVzVDTQoNCgtiZ0ZTUDJHdVRIVQoNCgszUkt3c19nVGs4NAoNCgtXTDNuYXhmRVB4TQoNCgtzeFFMTExRQTMzawoNCgs5eXREZVJCMk1UZwoNCgtuejdlaGhHUE9fNAoNCgtGSEFfTlVLblBSTQoNCgstV2d0UktGSFQyMAoNCgtsWjNPa2J4X2tFMAoNCgswNHlhcHI4NVhIUQoNCgtSd3JrWVBvWEd0cwoNCgtDdlpJbXZ6Y0JScwoNCgtiQnhocENiOVpHRQoNCgtpc21IcFZ4elhOdxADGBQiDgoGIgR0ZXJhEgR0ZXJhMAFwZIABAaoBBggHGgIYANoBoAQKBHRlcmESCGVuLUdCLUdCGo0ECoAEAACLPAAAW74AAKq9AADHvAAAdb4AAPi9AABLvgAA9zwAAI-9AAB4vgAA3D0AAHA9AAArPAAACT0AACK9AADTPAAAr7sAAPw8AACaPQAAiz0AAIg9AAAaPgAAqj0AAL69AACcPQAAQL4AAAi9AACtPQAAYr0AACy-AABLPgAAO70AABm8AAAaPQAAZzwAAJa9AACcvQA
1778079488.787 10430   567   710 I OkHttp  : AwTwAAHy7AAAcvQAAXz0AAPo8AACXPAAAmrwAADS9AACIOgAAvz0AAAy9AAAwvQAAUj0AANW8AACQPQAALD0AALo9AAB-PQAAgrsAAH49AABAPgAAUD0AAFI9AAAOPAAAeL0AAMu7AADFPQAAor0AAHg8AABMPgAAbjwAAHC9AAD1PQAA870AAJA9AAC6uwAAGT4AAAI9AAC-vAAAND0AALg9AADOOwAA2T0AAPi9AADcuwAAyL0AANC7AACavQAAmD0AAJm9AAAQvgAAtTwAAKw8AAALvQAAvzsAAGW9AAC0vQAA3jwAABM9AAClvQAA0b0AABw9AAD-vAAAtr0AAD29AAADvQAAHr0AAKk9AACbPQAAvT0AAH69AADDPQAAJL4AAMg9AACtvQAAYj0AALI8AACGPQAAAbwAAGW-AABeugAAv70AAJ68AACpPQAAFD4AAFq9AADuvQAArL0AAOo9AAC_vQAAtz0YNiACQgQIABAB","loggingContext":{"vssLoggingContext":{"serializedContextData":"CgIIDA%3D%3D"},"qoeLoggingContext":{"serializedContextData":"CgIIDA%3D%3D"}},"ustreamerConfig":"CAw=","accessibilityRenderer":{"reelWatchAccessibilityRenderer":{"enablePlayPauseA11yButton":true,"loggingDirectives":{"trackingParams":"COwBENjLDiITCJjSyKL2pJQDFTV4KgkdCwE0mg==","visibility":{"types":"4"}}}}}}},"inlinePlayerData":{"onVisible":{"innertubeCommand":{"clickTrackingParams":"COoBEIf2BBgDIhMImNLIovaklAMVNXgqCR0LATSaMgZzZWFyY2hSBHRlcmGaAQUIMhD0JMoBBEwf9WM=","commandMetadata":{"webCommandMetadata":{"url":"/watch?v=CNTyISf-ZF0&pp=YAHIAQHwAQG6AwIYAugFAaIGFQGEvXfTjZHngN_RfRA0JGUnnaMjHpAHAg%3D%3D","webPageType":"WEB_PAGE_TYPE_WATCH","rootVe":3832}},"watchEndpoint":{"videoId":"CNTyISf-ZF0","playerParams":"YAHIAQHwAQG6AwIYAugFAaIGFQGEvXfTjZHngN_RfRA0JGUnnaMjHpAHAg%3D%3D","playerExtraUrlParams":[{"key":"inline","value":"1"}],"watchEndpointSupportedOnesieConfig":{"html5PlaybackOnesieConfig":{"commonConfig":{"url":"https://rr1---sn-h4upouxgoxu-gq2e.googlevideo.com/initplayback?source=youtube&oeis=1&c=WEB&oad=3200&ovd=3200&oaad=11000&oavd=11000&ocs=700&oewis=1&oputc=1&ofpcc=1&msp=1&odepv=1&oreouc=1&id=08d4f22127fe645d&ip=103.220.88.42&initcwndbps=947500&mt=1778078969&oweuc="}}}}}},"maxPlaybackLengthSec":0,"enableAudioControl":true},"menuOnTap":{"innertubeCommand":{"clickTrackingParams":"COoBEIf2BBgDIhMImNLIovaklAMVNXgqCR0LATSaygEETB_1Yw==","showSheetCommand":{"panelLoadingStrategy":{"inlineContent":{"sheetViewModel":{"content":{"listViewModel":{"listItems":[{"listItemViewModel":{"title":{"content":"Add to queue"},"leadingImage":{"sources":[{"clientResource":{"imageName":"ADD_TO_QUEUE_TAIL"}}]},"rendererContext":{"loggingContext":{"loggingDirectives":{"trackingParams":"COsBEP6YBBgCIhMImNLIovaklAMVNXgqCR0LATSa","visibility":{"types":"12"}}},"commandContext":{"onTap":{"innertubeCommand":{"clickTrackingParams":"COsBEP6YBBgCIhMImNLIovaklAMVNXgqCR0LATSaygEETB_1Yw==","commandMetadata":{"webCommandMetadata":{"sendPost":true}},"signalServiceEndpoint":{"signal":"CLIENT_SIGNAL","actions":[{"clickTrackingParams":"COsBEP6YBBgCIhMImNLIovaklAMVNXgqCR0LATSaygEETB_1Yw==","addToPlaylistCommand":{"openMiniplayer":true,"videoId":"CNTyISf-ZF0","listType":"PLAYLIST_EDIT_LIST_TYPE_QUEUE","onCreateListCommand":{"clickTrackingParams":"COsBEP6YBBgCIhMImNLIovaklAMVNXgqCR0LATSaygEETB_1Yw==","commandMetadata":{"webCommandMetadata":{"sendPost":true,"apiUrl":"/youtubei/v1/playlist/create"}},"createPlaylistServiceEndpoint":{"videoIds":["CNTyISf-ZF0"],"params":"CAQ%3D"}},"videoIds":["CNTyISf-ZF0"],"videoCommand":{"clickTrackingParams":"COsBEP6YBBgCIhMImNLIovaklAMVNXgqCR0LATSaygEETB_1Yw==","commandMetadata":{"webCommandMetadata":{"url":"/watch?v=CNTyISf-ZF0","webPageType":"WEB_PAGE_TYPE_WATCH","rootVe":3832}},"watchEndpoint":{"videoId":"CNTyISf-ZF0","watchEndpointSupportedOnesieConfig":{"html5PlaybackOnesieConfig":{"commonConfig":{"url":"https://rr1---sn-h4upouxgoxu-gq2e.googlevideo.com/initplayback?source=youtube&oeis=1&c=WEB&oad=3200&ovd=3200&oaad=11000&oavd=11000&ocs=700&oewis=1&oputc=1&ofpcc=1&msp=1&odepv=1&oreouc=1&id=08d4f22127fe645d&ip=103.220.88.42&initcwndbps=947500&mt=1778078969&oweuc="}}}}}}}]}}}}}}},{"listItemViewModel":{"title":{"content":"Send feedback"},"leadingImage":{"sources":[{"clientResource":{"imageName":"FEEDBACK"}}]},"rendererContext":{"commandContext":{"onTap":{"innertubeCommand":{"clickTrackingParams":"COoBEIf2BBgDIhMImNLIovaklAMVNXgqCR0LATSaygEETB_1Yw==","commandMetadata":{"webCommandMetadata":{"ignoreNavigation":tru
1778079488.787 10430   567   710 I OkHttp  : e}},"userFeedbackEndpoint":{"additionalDatas":[{"userFeedbackEndpointProductSpecificValueData":{"key":"video_id","value":"CNTyISf-ZF0"}},{"userFeedbackEndpointProductSpecificValueData":{"key":"lockup","value":"shelf"}}]}}}}}}}]}}}}}}}},"indexInCollection":0,"menuOnTapA11yLabel":"More actions","overlayMetadata":{"primaryText":{"content":"jab tere khayalon mein 😍❤️ #comedy #funny #shorts #viralshorts #trending"},"secondaryText":{"content":"5.6m views"}},"thumbnailViewModel":{"thumbnailViewModel":{"image":{"sources":[{"url":"https://i.ytimg.com/vi/CNTyISf-ZF0/oar2.jpg?sqp=-oaymwEkCJUDENAFSFqQAgHyq4qpAxMIARUAAAAAJQAAyEI9AICiQ3gB&rs=AOn4CLCczW2YBMtHRqJR1pprdIB-wwi-mw&usqp=CCk","width":405,"height":720},{"url":"https://i.ytimg.com/vi/CNTyISf-ZF0/oar2.jpg?sqp=-oaymwEnCJUDEOAESFqQAgHyq4qpAxYIARUAAAAAJQAAyEI9AICiQ3gByAEB&rs=AOn4CLBQwO0rW6bPZzxnFVR2j7pqC2qd7w&usqp=CCk","width":405,"height":608}]}}},"stackedFrameData":{},"titleTruncationStyle":"SHORTS_LOCKUP_TITLE_TRUNCATION_STYLE_UNKNOWN","loggingDirectives":{"trackingParams":"COoBEIf2BBgDIhMImNLIovaklAMVNXgqCR0LATSa","visibility":{"types":"12"}}}},{"shortsLockupViewModel":{"entityId":"shorts-shelf-item-UOa6nuLPk0M","accessibilityText":"Rich Girlfriend vs Middle Class Boyfriend🤣 #shorts #ytshorts #teratrigun #richgirlfriend, 17 million views – play Short","onTap":{"innertubeCommand":{"clickTrackingParams":"COYBEIf2BBgEIhMImNLIovaklAMVNXgqCR0LATSaUgR0ZXJhmgEFCDIQ9CTKAQRMH_Vj","commandMetadata":{"webCommandMetadata":{"url":"/shorts/UOa6nuLPk0M","webPageType":"WEB_PAGE_TYPE_SHORTS","rootVe":37414}},"reelWatchEndpoint":{"videoId":"UOa6nuLPk0M","playerParams":"8AEByAMyuAQUogYVAYS9d9M9PimS492JxpzmjAgwZsO9kAcC","thumbnail":{"thumbnails":[{"url":"https://i.ytimg.com/vi/UOa6nuLPk0M/frame0.jpg","width":1080,"height":1920}],"isOriginalAspectRatio":true},"overlay":{"reelPlayerOverlayRenderer":{"style":"REEL_PLAYER_OVERLAY_STYLE_SHORTS","trackingParams":"COkBELC1BCITCJjSyKL2pJQDFTV4KgkdCwE0mg==","reelPlayerNavigationModel":"REEL_PLAYER_NAVIGATION_MODEL_UNSPECIFIED"}},"params":"CBQwAkoOCgYiBHRlcmESBHRlcmG6ARhVQ1d1QlpKSXVjQnBlLVNDV1VCdUtVbGc%3D","sequenceProvider":"REEL_WATCH_SEQUENCE_PROVIDER_RPC","sequenceParams":"CgtVT2E2bnVMUGswTSruBAoNCgtXcWlIT1NzWWUxRQoNCgtLMmdyQjRNQzlDRQoNCgtobWM5Q0VYVjZkcwoNCgtXUmk4Vi1Gb1NXQQoNCgswVEFPajVYOXo3ZwoNCgs0SDhQRWc0c2tsRQoNCgtpOV9lSGJTd0RubwoNCgtTcEtIM0M1Uk9iUQoNCgs0c3VjTi1VRGV2UQoNCgs3VHJ0MHhOOHBQYwoNCgtKb3Q3eUJVRGw3cwoNCgs0dVZZNDRkeDhiZwoNCgtMbjdrZDVGd0FxZwoNCgtFdG5sMkhyOVNUawoNCgs3dXVxTTlucExHRQoNCgt3UG1ySzgtb2ZWOAoNCgtUQnVBSWlRc0FWYwoNCgtkTWw5Zld5NmUyVQoNCgtoQWdFa2QtQ3NjNAoNCgtkdm0weUZzZWgyUQoNCgt2UlhRdjFFNU5tcwoNCgtWZjdKcUVrRm82RQoNCgtLVUtReVo3LWhucwoNCgt5WmdkOWMyM2FqSQoNCgsyM1d6N3RBVzVDTQoNCgtiZ0ZTUDJHdVRIVQoNCgszUkt3c19nVGs4NAoNCgtXTDNuYXhmRVB4TQoNCgtzeFFMTExRQTMzawoNCgs5eXREZVJCMk1UZwoNCgtuejdlaGhHUE9fNAoNCgtGSEFfTlVLblBSTQoNCgstV2d0UktGSFQyMAoNCgtsWjNPa2J4X2tFMAoNCgswNHlhcHI4NVhIUQoNCgtSd3JrWVBvWEd0cwoNCgtDdlpJbXZ6Y0JScwoNCgtiQnhocENiOVpHRQoNCgtpc21IcFZ4elhOdwoNCgtHVjJEcDBFcWVjQRAEGBQiDgoGIgR0ZXJhEgR0ZXJhMAFwZIABAaoBBggGGgIYANoBoAQKBHRlcmESCGVuLUdCLUdCGo0ECoAEAACLPAAAW74AAKq9AADHvAAAdb4AAPi9AABLvgAA9zwAAI-9AAB4vgAA3D0AAHA9AAArPAAACT0AACK9AADTPAAAr7sAAPw8AACaPQAAiz0AAIg9AAAaPgAAqj0AAL69AACcPQAAQL4AAAi9AACtPQAAYr0AACy-AABLPgAAO70AABm8AAAaPQAAZzwAAJa9AACcvQAAwTwAAHy7AAAcvQAAXz0AAPo8AACXPAAAmrwAADS9AACIOgAAvz0AAAy9AAAwvQAAUj0AANW8AACQPQAALD0AALo9AAB-PQAAgrsAAH49AABAPgAAUD0AAFI9AAAOPAAAeL0AAMu7AADFPQAAor0AAHg8AABMPgAAbjwAAHC9AAD1PQAA870AAJA9AAC6uwAAGT4AAAI9AAC-vAAAND0AALg9AADOOwAA2T0AAPi9AADcuwAAyL0AANC7AACavQAAmD0AAJm9AAAQvgAAtTwAAKw8AAALvQAAvzsAAGW9AAC0vQAA3jwAABM9AAClvQAA0b0AABw9AAD-vAAAtr0AAD29AAADvQAAHr0AAKk9AACbPQAAvT0AAH69AADDPQAAJL4AAMg9AACtvQAAYj0AALI8AACGPQAAAbwAAGW-AABeugAAv70AAJ68AACpPQAAFD4AAFq9AADuvQAArL0AAOo9AAC_vQAAtz0YNiACQgQIABAB","loggingContext":{"vssLoggingContext":{"serializedContextData":"CgIIDA%3D%3D"},"qoeLoggingContext":{"serializedContextData":"CgIIDA%3D%3D"}},"ustreamerConfig":"CAw=","accessibilityRenderer":{"reelWatchAccessibilityRenderer":{"enablePlayPauseA11
1778079488.787 10430   567   710 I OkHttp  : yButton":true,"loggingDirectives":{"trackingParams":"COgBENjLDiITCJjSyKL2pJQDFTV4KgkdCwE0mg==","visibility":{"types":"4"}}}}}}},"inlinePlayerData":{"onVisible":{"innertubeCommand":{"clickTrackingParams":"COYBEIf2BBgEIhMImNLIovaklAMVNXgqCR0LATSaMgZzZWFyY2hSBHRlcmGaAQUIMhD0JMoBBEwf9WM=","commandMetadata":{"webCommandMetadata":{"url":"/watch?v=UOa6nuLPk0M&pp=YAHIAQHwAQG6AwIYAugFAaIGFQGEvXfTw3DXeaYV_cI8PJeuTqUuHpAHAg%3D%3D","webPageType":"WEB_PAGE_TYPE_WATCH","rootVe":3832}},"watchEndpoint":{"videoId":"UOa6nuLPk0M","playerParams":"YAHIAQHwAQG6AwIYAugFAaIGFQGEvXfTw3DXeaYV_cI8PJeuTqUuHpAHAg%3D%3D","playerExtraUrlParams":[{"key":"inline","value":"1"}],"watchEndpointSupportedOnesieConfig":{"html5PlaybackOnesieConfig":{"commonConfig":{"url":"https://rr2---sn-h4upouxgoxu-gq2e.googlevideo.com/initplayback?source=youtube&oeis=1&c=WEB&oad=3200&ovd=3200&oaad=11000&oavd=11000&ocs=700&oewis=1&oputc=1&ofpcc=1&msp=1&odepv=1&oreouc=1&id=50e6ba9ee2cf9343&ip=103.220.88.42&initcwndbps=947500&mt=1778078969&oweuc="}}}}}},"maxPlaybackLengthSec":0,"enableAudioControl":true},"menuOnTap":{"innertubeCommand":{"clickTrackingParams":"COYBEIf2BBgEIhMImNLIovaklAMVNXgqCR0LATSaygEETB_1Yw==","showSheetCommand":{"panelLoadingStrategy":{"inlineContent":{"sheetViewModel":{"content":{"listViewModel":{"listItems":[{"listItemViewModel":{"title":{"content":"Add to queue"},"leadingImage":{"sources":[{"clientResource":{"imageName":"ADD_TO_QUEUE_TAIL"}}]},"rendererContext":{"loggingContext":{"loggingDirectives":{"trackingParams":"COcBEP6YBBgCIhMImNLIovaklAMVNXgqCR0LATSa","visibility":{"types":"12"}}},"commandContext":{"onTap":{"innertubeCommand":{"clickTrackingParams":"COcBEP6YBBgCIhMImNLIovaklAMVNXgqCR0LATSaygEETB_1Yw==","commandMetadata":{"webCommandMetadata":{"sendPost":true}},"signalServiceEndpoint":{"signal":"CLIENT_SIGNAL","actions":[{"clickTrackingParams":"COcBEP6YBBgCIhMImNLIovaklAMVNXgqCR0LATSaygEETB_1Yw==","addToPlaylistCommand":{"openMiniplayer":true,"videoId":"UOa6nuLPk0M","listType":"PLAYLIST_EDIT_LIST_TYPE_QUEUE","onCreateListCommand":{"clickTrackingParams":"COcBEP6YBBgCIhMImNLIovaklAMVNXgqCR0LATSaygEETB_1Yw==","commandMetadata":{"webCommandMetadata":{"sendPost":true,"apiUrl":"/youtubei/v1/playlist/create"}},"createPlaylistServiceEndpoint":{"videoIds":["UOa6nuLPk0M"],"params":"CAQ%3D"}},"videoIds":["UOa6nuLPk0M"],"videoCommand":{"clickTrackingParams":"COcBEP6YBBgCIhMImNLIovaklAMVNXgqCR0LATSaygEETB_1Yw==","commandMetadata":{"webCommandMetadata":{"url":"/watch?v=UOa6nuLPk0M","webPageType":"WEB_PAGE_TYPE_WATCH","rootVe":3832}},"watchEndpoint":{"videoId":"UOa6nuLPk0M","watchEndpointSupportedOnesieConfig":{"html5PlaybackOnesieConfig":{"commonConfig":{"url":"https://rr2---sn-h4upouxgoxu-gq2e.googlevideo.com/initplayback?source=youtube&oeis=1&c=WEB&oad=3200&ovd=3200&oaad=11000&oavd=11000&ocs=700&oewis=1&oputc=1&ofpcc=1&msp=1&odepv=1&oreouc=1&id=50e6ba9ee2cf9343&ip=103.220.88.42&initcwndbps=947500&mt=1778078969&oweuc="}}}}}}}]}}}}}}},{"listItemViewModel":{"title":{"content":"Send feedback"},"leadingImage":{"sources":[{"clientResource":{"imageName":"FEEDBACK"}}]},"rendererContext":{"commandContext":{"onTap":{"innertubeCommand":{"clickTrackingParams":"COYBEIf2BBgEIhMImNLIovaklAMVNXgqCR0LATSaygEETB_1Yw==","commandMetadata":{"webCommandMetadata":{"ignoreNavigation":true}},"userFeedbackEndpoint":{"additionalDatas":[{"userFeedbackEndpointProductSpecificValueData":{"key":"video_id","value":"UOa6nuLPk0M"}},{"userFeedbackEndpointProductSpecificValueData":{"key":"lockup","value":"shelf"}}]}}}}}}}]}}}}}}}},"indexInCollection":0,"menuOnTapA11yLabel":"More actions","overlayMetadata":{"primaryText":{"content":"Rich Girlfriend vs Middle Class Boyfriend🤣 #shorts #ytshorts #teratrigun #richgirlfriend"},"secondaryText":{"content":"17m views"}},"thumbnailViewModel":{"thumbnailViewModel":{"image":{"sources":[{"url":"https://i.ytimg.com/vi/UOa6nuLPk0M/oardefault.jpg?sqp=-oaymwEkCJUDENAFSFqQAgHyq4qpAxMIARUAAAAAJQAAyEI9AICiQ3gB&rs=AOn4CLD_QNCpgbEbSsD74Yc-IbVcjQ8MCA&usqp=CCk","width":405,"height":720},{"url":"https:
1778079488.787 10430   567   710 I OkHttp  : //i.ytimg.com/vi/UOa6nuLPk0M/oardefault.jpg?sqp=-oaymwEnCJUDEOAESFqQAgHyq4qpAxYIARUAAAAAJQAAyEI9AICiQ3gByAEB&rs=AOn4CLDLfzSGIznpHxuaRf613G1ly_n_pg&usqp=CCk","width":405,"height":608}]}}},"stackedFrameData":{},"titleTruncationStyle":"SHORTS_LOCKUP_TITLE_TRUNCATION_STYLE_UNKNOWN","loggingDirectives":{"trackingParams":"COYBEIf2BBgEIhMImNLIovaklAMVNXgqCR0LATSa","visibility":{"types":"12"}}}},{"shortsLockupViewModel":{"entityId":"shorts-shelf-item-WqiHOSsYe1E","accessibilityText":"#tera bhai ZB❤️ tylent boy video 👑👑, 819 thousand views – play Short","onTap":{"innertubeCommand":{"clickTrackingParams":"COIBEIf2BBgFIhMImNLIovaklAMVNXgqCR0LATSaUgR0ZXJhmgEFCDIQ9CTKAQRMH_Vj","commandMetadata":{"webCommandMetadata":{"url":"/shorts/WqiHOSsYe1E","webPageType":"WEB_PAGE_TYPE_SHORTS","rootVe":37414}},"reelWatchEndpoint":{"videoId":"WqiHOSsYe1E","playerParams":"8AEByAMyuAQUogYVAYS9d9N7bjmKFdCxjuapHpypcPvjkAcC","thumbnail":{"thumbnails":[{"url":"https://i.ytimg.com/vi/WqiHOSsYe1E/frame0.jpg","width":1080,"height":1920}],"isOriginalAspectRatio":true},"overlay":{"reelPlayerOverlayRenderer":{"style":"REEL_PLAYER_OVERLAY_STYLE_SHORTS","trackingParams":"COUBELC1BCITCJjSyKL2pJQDFTV4KgkdCwE0mg==","reelPlayerNavigationModel":"REEL_PLAYER_NAVIGATION_MODEL_UNSPECIFIED"}},"params":"CBQwAkoOCgYiBHRlcmESBHRlcmG6ARhVQ0NCbTRacUpRYUhhbXhJNmNTSThfY2c%3D","sequenceProvider":"REEL_WATCH_SEQUENCE_PROVIDER_RPC","sequenceParams":"CgtXcWlIT1NzWWUxRSruBAoNCgtLMmdyQjRNQzlDRQoNCgtobWM5Q0VYVjZkcwoNCgtXUmk4Vi1Gb1NXQQoNCgswVEFPajVYOXo3ZwoNCgs0SDhQRWc0c2tsRQoNCgtpOV9lSGJTd0RubwoNCgtTcEtIM0M1Uk9iUQoNCgs0c3VjTi1VRGV2UQoNCgs3VHJ0MHhOOHBQYwoNCgtKb3Q3eUJVRGw3cwoNCgs0dVZZNDRkeDhiZwoNCgtMbjdrZDVGd0FxZwoNCgtFdG5sMkhyOVNUawoNCgs3dXVxTTlucExHRQoNCgt3UG1ySzgtb2ZWOAoNCgtUQnVBSWlRc0FWYwoNCgtkTWw5Zld5NmUyVQoNCgtoQWdFa2QtQ3NjNAoNCgtkdm0weUZzZWgyUQoNCgt2UlhRdjFFNU5tcwoNCgtWZjdKcUVrRm82RQoNCgtLVUtReVo3LWhucwoNCgt5WmdkOWMyM2FqSQoNCgsyM1d6N3RBVzVDTQoNCgtiZ0ZTUDJHdVRIVQoNCgszUkt3c19nVGs4NAoNCgtXTDNuYXhmRVB4TQoNCgtzeFFMTExRQTMzawoNCgs5eXREZVJCMk1UZwoNCgtuejdlaGhHUE9fNAoNCgtGSEFfTlVLblBSTQoNCgstV2d0UktGSFQyMAoNCgtsWjNPa2J4X2tFMAoNCgswNHlhcHI4NVhIUQoNCgtSd3JrWVBvWEd0cwoNCgtDdlpJbXZ6Y0JScwoNCgtiQnhocENiOVpHRQoNCgtpc21IcFZ4elhOdwoNCgtHVjJEcDBFcWVjQQoNCgtxd3A2MnZ4cTVHWRAFGBQiDgoGIgR0ZXJhEgR0ZXJhMAFwZIABAaoBBggFGgIYANoBoAQKBHRlcmESCGVuLUdCLUdCGo0ECoAEAACLPAAAW74AAKq9AADHvAAAdb4AAPi9AABLvgAA9zwAAI-9AAB4vgAA3D0AAHA9AAArPAAACT0AACK9AADTPAAAr7sAAPw8AACaPQAAiz0AAIg9AAAaPgAAqj0AAL69AACcPQAAQL4AAAi9AACtPQAAYr0AACy-AABLPgAAO70AABm8AAAaPQAAZzwAAJa9AACcvQAAwTwAAHy7AAAcvQAAXz0AAPo8AACXPAAAmrwAADS9AACIOgAAvz0AAAy9AAAwvQAAUj0AANW8AACQPQAALD0AALo9AAB-PQAAgrsAAH49AABAPgAAUD0AAFI9AAAOPAAAeL0AAMu7AADFPQAAor0AAHg8AABMPgAAbjwAAHC9AAD1PQAA870AAJA9AAC6uwAAGT4AAAI9AAC-vAAAND0AALg9AADOOwAA2T0AAPi9AADcuwAAyL0AANC7AACavQAAmD0AAJm9AAAQvgAAtTwAAKw8AAALvQAAvzsAAGW9AAC0vQAA3jwAABM9AAClvQAA0b0AABw9AAD-vAAAtr0AAD29AAADvQAAHr0AAKk9AACbPQAAvT0AAH69AADDPQAAJL4AAMg9AACtvQAAYj0AALI8AACGPQAAAbwAAGW-AABeugAAv70AAJ68AACpPQAAFD4AAFq9AADuvQAArL0AAOo9AAC_vQAAtz0YNiACQgQIABAB","loggingContext":{"vssLoggingContext":{"serializedContextData":"CgIIDA%3D%3D"},"qoeLoggingContext":{"serializedContextData":"CgIIDA%3D%3D"}},"ustreamerConfig":"CAw=","accessibilityRenderer":{"reelWatchAccessibilityRenderer":{"enablePlayPauseA11yButton":true,"loggingDirectives":{"trackingParams":"COQBENjLDiITCJjSyKL2pJQDFTV4KgkdCwE0mg==","visibility":{"types":"4"}}}}}}},"inlinePlayerData":{"onVisible":{"innertubeCommand":{"clickTrackingParams":"COIBEIf2BBgFIhMImNLIovaklAMVNXgqCR0LATSaMgZzZWFyY2hSBHRlcmGaAQUIMhD0JMoBBEwf9WM=","commandMetadata":{"webCommandMetadata":{"url":"/watch?v=WqiHOSsYe1E&pp=YAHIAQHwAQG6AwIYAugFAaIGFQGEvXfTkaOzAitr7Pm0ifBRjxqT3ZAHAg%3D%3D","webPageType":"WEB_PAGE_TYPE_WATCH","rootVe":3832}},"watchEndpoint":{"videoId":"WqiHOSsYe1E","playerParams":"YAHIAQHwAQG6AwIYAugFAaIGFQGEvXfTkaOzAitr7Pm0ifBRjxqT3ZAHAg%3D%3D","playerExtraUrlParams":[{"key":"inline","value":"1"}],"watchEndpointSupportedOnesieConfig":{"html5PlaybackOnesieConfig":{"commonConfig":{"url":"https://rr1---sn-h4upou
1778079488.787 10430   567   710 I OkHttp  : xgoxu-gq2e.googlevideo.com/initplayback?source=youtube&oeis=1&c=WEB&oad=3200&ovd=3200&oaad=11000&oavd=11000&ocs=700&oewis=1&oputc=1&ofpcc=1&msp=1&odepv=1&oreouc=1&id=5aa887392b187b51&ip=103.220.88.42&initcwndbps=947500&mt=1778078969&oweuc="}}}}}},"maxPlaybackLengthSec":0,"enableAudioControl":true},"menuOnTap":{"innertubeCommand":{"clickTrackingParams":"COIBEIf2BBgFIhMImNLIovaklAMVNXgqCR0LATSaygEETB_1Yw==","showSheetCommand":{"panelLoadingStrategy":{"inlineContent":{"sheetViewModel":{"content":{"listViewModel":{"listItems":[{"listItemViewModel":{"title":{"content":"Add to queue"},"leadingImage":{"sources":[{"clientResource":{"imageName":"ADD_TO_QUEUE_TAIL"}}]},"rendererContext":{"loggingContext":{"loggingDirectives":{"trackingParams":"COMBEP6YBBgCIhMImNLIovaklAMVNXgqCR0LATSa","visibility":{"types":"12"}}},"commandContext":{"onTap":{"innertubeCommand":{"clickTrackingParams":"COMBEP6YBBgCIhMImNLIovaklAMVNXgqCR0LATSaygEETB_1Yw==","commandMetadata":{"webCommandMetadata":{"sendPost":true}},"signalServiceEndpoint":{"signal":"CLIENT_SIGNAL","actions":[{"clickTrackingParams":"COMBEP6YBBgCIhMImNLIovaklAMVNXgqCR0LATSaygEETB_1Yw==","addToPlaylistCommand":{"openMiniplayer":true,"videoId":"WqiHOSsYe1E","listType":"PLAYLIST_EDIT_LIST_TYPE_QUEUE","onCreateListCommand":{"clickTrackingParams":"COMBEP6YBBgCIhMImNLIovaklAMVNXgqCR0LATSaygEETB_1Yw==","commandMetadata":{"webCommandMetadata":{"sendPost":true,"apiUrl":"/youtubei/v1/playlist/create"}},"createPlaylistServiceEndpoint":{"videoIds":["WqiHOSsYe1E"],"params":"CAQ%3D"}},"videoIds":["WqiHOSsYe1E"],"videoCommand":{"clickTrackingParams":"COMBEP6YBBgCIhMImNLIovaklAMVNXgqCR0LATSaygEETB_1Yw==","commandMetadata":{"webCommandMetadata":{"url":"/watch?v=WqiHOSsYe1E","webPageType":"WEB_PAGE_TYPE_WATCH","rootVe":3832}},"watchEndpoint":{"videoId":"WqiHOSsYe1E","watchEndpointSupportedOnesieConfig":{"html5PlaybackOnesieConfig":{"commonConfig":{"url":"https://rr1---sn-h4upouxgoxu-gq2e.googlevideo.com/initplayback?source=youtube&oeis=1&c=WEB&oad=3200&ovd=3200&oaad=11000&oavd=11000&ocs=700&oewis=1&oputc=1&ofpcc=1&msp=1&odepv=1&oreouc=1&id=5aa887392b187b51&ip=103.220.88.42&initcwndbps=947500&mt=1778078969&oweuc="}}}}}}}]}}}}}}},{"listItemViewModel":{"title":{"content":"Send feedback"},"leadingImage":{"sources":[{"clientResource":{"imageName":"FEEDBACK"}}]},"rendererContext":{"commandContext":{"onTap":{"innertubeCommand":{"clickTrackingParams":"COIBEIf2BBgFIhMImNLIovaklAMVNXgqCR0LATSaygEETB_1Yw==","commandMetadata":{"webCommandMetadata":{"ignoreNavigation":true}},"userFeedbackEndpoint":{"additionalDatas":[{"userFeedbackEndpointProductSpecificValueData":{"key":"video_id","value":"WqiHOSsYe1E"}},{"userFeedbackEndpointProductSpecificValueData":{"key":"lockup","value":"shelf"}}]}}}}}}}]}}}}}}}},"indexInCollection":0,"menuOnTapA11yLabel":"More actions","overlayMetadata":{"primaryText":{"content":"#tera bhai ZB❤️ tylent boy video 👑👑"},"secondaryText":{"content":"819k views"}},"thumbnailViewModel":{"thumbnailViewModel":{"image":{"sources":[{"url":"https://i.ytimg.com/vi/WqiHOSsYe1E/oar2.jpg?sqp=-oaymwEkCJUDENAFSFqQAgHyq4qpAxMIARUAAAAAJQAAyEI9AICiQ3gB&rs=AOn4CLBF7xMTTBUR91Hm7THbOVGPaoWTdg&usqp=CCk","width":405,"height":720},{"url":"https://i.ytimg.com/vi/WqiHOSsYe1E/oar2.jpg?sqp=-oaymwEnCJUDEOAESFqQAgHyq4qpAxYIARUAAAAAJQAAyEI9AICiQ3gByAEB&rs=AOn4CLCXEBsbHBglPBLLckj5YoWVhhSyiQ&usqp=CCk","width":405,"height":608}]}}},"stackedFrameData":{},"titleTruncationStyle":"SHORTS_LOCKUP_TITLE_TRUNCATION_STYLE_UNKNOWN","loggingDirectives":{"trackingParams":"COIBEIf2BBgFIhMImNLIovaklAMVNXgqCR0LATSa","visibility":{"types":"12"}}}},{"shortsLockupViewModel":{"entityId":"shorts-shelf-item-K2grB4MC9CE","accessibilityText":"Tera Chehra Jab Nazar aaye 🥺#sanamterikasam #terachehra #ytshorts, 562 thousand views – play Short","onTap":{"innertubeCommand":{"clickTrackingParams":"CN4BEIf2BBgGIhMImNLIovaklAMVNXgqCR0LATSaUgR0ZXJhmgEFCDIQ9CTKAQRMH_Vj","commandMetadata":{"webCommandMetadata":{"url":"/shorts/K2grB4MC9CE","webPageType":"WEB_PAGE_TYPE_SHORTS","rootVe":37414}},"r
1778079488.787 10430   567   710 I OkHttp  : eelWatchEndpoint":{"videoId":"K2grB4MC9CE","playerParams":"8AEByAMyuAQUogYVAYS9d9MOLpTWXmEwSBYSFVqsQJ3ekAcC","thumbnail":{"thumbnails":[{"url":"https://i.ytimg.com/vi/K2grB4MC9CE/frame0.jpg","width":720,"height":1280}],"isOriginalAspectRatio":true},"overlay":{"reelPlayerOverlayRenderer":{"style":"REEL_PLAYER_OVERLAY_STYLE_SHORTS","trackingParams":"COEBELC1BCITCJjSyKL2pJQDFTV4KgkdCwE0mg==","reelPlayerNavigationModel":"REEL_PLAYER_NAVIGATION_MODEL_UNSPECIFIED"}},"params":"CBQwAkoOCgYiBHRlcmESBHRlcmG6ARhVQ2xuQndDS0ZYY0diRkhMbGFJLU9sZmc%3D","sequenceProvider":"REEL_WATCH_SEQUENCE_PROVIDER_RPC","sequenceParams":"CgtLMmdyQjRNQzlDRSruBAoNCgtobWM5Q0VYVjZkcwoNCgtXUmk4Vi1Gb1NXQQoNCgswVEFPajVYOXo3ZwoNCgs0SDhQRWc0c2tsRQoNCgtpOV9lSGJTd0RubwoNCgtTcEtIM0M1Uk9iUQoNCgs0c3VjTi1VRGV2UQoNCgs3VHJ0MHhOOHBQYwoNCgtKb3Q3eUJVRGw3cwoNCgs0dVZZNDRkeDhiZwoNCgtMbjdrZDVGd0FxZwoNCgtFdG5sMkhyOVNUawoNCgs3dXVxTTlucExHRQoNCgt3UG1ySzgtb2ZWOAoNCgtUQnVBSWlRc0FWYwoNCgtkTWw5Zld5NmUyVQoNCgtoQWdFa2QtQ3NjNAoNCgtkdm0weUZzZWgyUQoNCgt2UlhRdjFFNU5tcwoNCgtWZjdKcUVrRm82RQoNCgtLVUtReVo3LWhucwoNCgt5WmdkOWMyM2FqSQoNCgsyM1d6N3RBVzVDTQoNCgtiZ0ZTUDJHdVRIVQoNCgszUkt3c19nVGs4NAoNCgtXTDNuYXhmRVB4TQoNCgtzeFFMTExRQTMzawoNCgs5eXREZVJCMk1UZwoNCgtuejdlaGhHUE9fNAoNCgtGSEFfTlVLblBSTQoNCgstV2d0UktGSFQyMAoNCgtsWjNPa2J4X2tFMAoNCgswNHlhcHI4NVhIUQoNCgtSd3JrWVBvWEd0cwoNCgtDdlpJbXZ6Y0JScwoNCgtiQnhocENiOVpHRQoNCgtpc21IcFZ4elhOdwoNCgtHVjJEcDBFcWVjQQoNCgtxd3A2MnZ4cTVHWQoNCgtna1BLcG95ckRFZxAGGBQiDgoGIgR0ZXJhEgR0ZXJhMAFwZIABAaoBBggEGgIYANoBoAQKBHRlcmESCGVuLUdCLUdCGo0ECoAEAACLPAAAW74AAKq9AADHvAAAdb4AAPi9AABLvgAA9zwAAI-9AAB4vgAA3D0AAHA9AAArPAAACT0AACK9AADTPAAAr7sAAPw8AACaPQAAiz0AAIg9AAAaPgAAqj0AAL69AACcPQAAQL4AAAi9AACtPQAAYr0AACy-AABLPgAAO70AABm8AAAaPQAAZzwAAJa9AACcvQAAwTwAAHy7AAAcvQAAXz0AAPo8AACXPAAAmrwAADS9AACIOgAAvz0AAAy9AAAwvQAAUj0AANW8AACQPQAALD0AALo9AAB-PQAAgrsAAH49AABAPgAAUD0AAFI9AAAOPAAAeL0AAMu7AADFPQAAor0AAHg8AABMPgAAbjwAAHC9AAD1PQAA870AAJA9AAC6uwAAGT4AAAI9AAC-vAAAND0AALg9AADOOwAA2T0AAPi9AADcuwAAyL0AANC7AACavQAAmD0AAJm9AAAQvgAAtTwAAKw8AAALvQAAvzsAAGW9AAC0vQAA3jwAABM9AAClvQAA0b0AABw9AAD-vAAAtr0AAD29AAADvQAAHr0AAKk9AACbPQAAvT0AAH69AADDPQAAJL4AAMg9AACtvQAAYj0AALI8AACGPQAAAbwAAGW-AABeugAAv70AAJ68AACpPQAAFD4AAFq9AADuvQAArL0AAOo9AAC_vQAAtz0YNiACQgQIABAB","loggingContext":{"vssLoggingContext":{"serializedContextData":"CgIIDA%3D%3D"},"qoeLoggingContext":{"serializedContextData":"CgIIDA%3D%3D"}},"ustreamerConfig":"CAw=","accessibilityRenderer":{"reelWatchAccessibilityRenderer":{"enablePlayPauseA11yButton":true,"loggingDirectives":{"trackingParams":"COABENjLDiITCJjSyKL2pJQDFTV4KgkdCwE0mg==","visibility":{"types":"4"}}}}}}},"inlinePlayerData":{"onVisible":{"innertubeCommand":{"clickTrackingParams":"CN4BEIf2BBgGIhMImNLIovaklAMVNXgqCR0LATSaMgZzZWFyY2hSBHRlcmGaAQUIMhD0JMoBBEwf9WM=","commandMetadata":{"webCommandMetadata":{"url":"/watch?v=K2grB4MC9CE&pp=YAHIAQHwAQG6AwIYAugFAaIGFQGEvXfT_qgNP92V0LiDI7Tp7JEezpAHAtIHCQnZGQGHKiGM7w%3D%3D","webPageType":"WEB_PAGE_TYPE_WATCH","rootVe":3832}},"watchEndpoint":{"videoId":"K2grB4MC9CE","playerParams":"YAHIAQHwAQG6AwIYAugFAaIGFQGEvXfT_qgNP92V0LiDI7Tp7JEezpAHAtIHCQnZGQGHKiGM7w%3D%3D","playerExtraUrlParams":[{"key":"inline","value":"1"}],"watchEndpointSupportedOnesieConfig":{"html5PlaybackOnesieConfig":{"commonConfig":{"url":"https://rr1---sn-h4upouxgoxu-gq2e.googlevideo.com/initplayback?source=youtube&oeis=1&c=WEB&oad=3200&ovd=3200&oaad=11000&oavd=11000&ocs=700&oewis=1&oputc=1&ofpcc=1&msp=1&odepv=1&oreouc=1&id=2b682b078302f421&ip=103.220.88.42&initcwndbps=947500&mt=1778078969&oweuc="}}}}}},"maxPlaybackLengthSec":0,"enableAudioControl":true},"menuOnTap":{"innertubeCommand":{"clickTrackingParams":"CN4BEIf2BBgGIhMImNLIovaklAMVNXgqCR0LATSaygEETB_1Yw==","showSheetCommand":{"panelLoadingStrategy":{"inlineContent":{"sheetViewModel":{"content":{"listViewModel":{"listItems":[{"listItemViewModel":{"title":{"content":"Add to queue"},"leadingImage":{"sources":[{"clientResource":{"imageName":"ADD_TO_QUEUE_TAIL"}}]},"rendererContext":{"loggingContext":{"loggingDirectives":{"trackingParams":"CN8BEP6YBBgCIhMImNLIovakl
1778079488.788 10430   567   710 I OkHttp  : AMVNXgqCR0LATSa","visibility":{"types":"12"}}},"commandContext":{"onTap":{"innertubeCommand":{"clickTrackingParams":"CN8BEP6YBBgCIhMImNLIovaklAMVNXgqCR0LATSaygEETB_1Yw==","commandMetadata":{"webCommandMetadata":{"sendPost":true}},"signalServiceEndpoint":{"signal":"CLIENT_SIGNAL","actions":[{"clickTrackingParams":"CN8BEP6YBBgCIhMImNLIovaklAMVNXgqCR0LATSaygEETB_1Yw==","addToPlaylistCommand":{"openMiniplayer":true,"videoId":"K2grB4MC9CE","listType":"PLAYLIST_EDIT_LIST_TYPE_QUEUE","onCreateListCommand":{"clickTrackingParams":"CN8BEP6YBBgCIhMImNLIovaklAMVNXgqCR0LATSaygEETB_1Yw==","commandMetadata":{"webCommandMetadata":{"sendPost":true,"apiUrl":"/youtubei/v1/playlist/create"}},"createPlaylistServiceEndpoint":{"videoIds":["K2grB4MC9CE"],"params":"CAQ%3D"}},"videoIds":["K2grB4MC9CE"],"videoCommand":{"clickTrackingParams":"CN8BEP6YBBgCIhMImNLIovaklAMVNXgqCR0LATSaygEETB_1Yw==","commandMetadata":{"webCommandMetadata":{"url":"/watch?v=K2grB4MC9CE","webPageType":"WEB_PAGE_TYPE_WATCH","rootVe":3832}},"watchEndpoint":{"videoId":"K2grB4MC9CE","watchEndpointSupportedOnesieConfig":{"html5PlaybackOnesieConfig":{"commonConfig":{"url":"https://rr1---sn-h4upouxgoxu-gq2e.googlevideo.com/initplayback?source=youtube&oeis=1&c=WEB&oad=3200&ovd=3200&oaad=11000&oavd=11000&ocs=700&oewis=1&oputc=1&ofpcc=1&msp=1&odepv=1&oreouc=1&id=2b682b078302f421&ip=103.220.88.42&initcwndbps=947500&mt=1778078969&oweuc="}}}}}}}]}}}}}}},{"listItemViewModel":{"title":{"content":"Send feedback"},"leadingImage":{"sources":[{"clientResource":{"imageName":"FEEDBACK"}}]},"rendererContext":{"commandContext":{"onTap":{"innertubeCommand":{"clickTrackingParams":"CN4BEIf2BBgGIhMImNLIovaklAMVNXgqCR0LATSaygEETB_1Yw==","commandMetadata":{"webCommandMetadata":{"ignoreNavigation":true}},"userFeedbackEndpoint":{"additionalDatas":[{"userFeedbackEndpointProductSpecificValueData":{"key":"video_id","value":"K2grB4MC9CE"}},{"userFeedbackEndpointProductSpecificValueData":{"key":"lockup","value":"shelf"}}]}}}}}}}]}}}}}}}},"indexInCollection":0,"menuOnTapA11yLabel":"More actions","overlayMetadata":{"primaryText":{"content":"Tera Chehra Jab Nazar aaye 🥺#sanamterikasam #terachehra #ytshorts"},"secondaryText":{"content":"562k views"}},"thumbnailViewModel":{"thumbnailViewModel":{"image":{"sources":[{"url":"https://i.ytimg.com/vi/K2grB4MC9CE/oardefault.jpg?sqp=-oaymwEkCJUDENAFSFqQAgHyq4qpAxMIARUAAAAAJQAAyEI9AICiQ3gB&rs=AOn4CLDp_tgTUaq2fwqazn7UBVb3HP001g&usqp=CCk","width":405,"height":720},{"url":"https://i.ytimg.com/vi/K2grB4MC9CE/oardefault.jpg?sqp=-oaymwEnCJUDEOAESFqQAgHyq4qpAxYIARUAAAAAJQAAyEI9AICiQ3gByAEB&rs=AOn4CLAdKgvkpH8h4uUgzSl3eRZbmBg6JA&usqp=CCk","width":405,"height":608}]}}},"stackedFrameData":{},"titleTruncationStyle":"SHORTS_LOCKUP_TITLE_TRUNCATION_STYLE_UNKNOWN","loggingDirectives":{"trackingParams":"CN4BEIf2BBgGIhMImNLIovaklAMVNXgqCR0LATSa","visibility":{"types":"12"}}}},{"shortsLockupViewModel":{"entityId":"shorts-shelf-item-hmc9CEXV6ds","accessibilityText":"Main Tera Song | Status Video | Lyrics Video |#shorts #ytshorts #trending #songs, 661 thousand views – play Short","onTap":{"innertubeCommand":{"clickTrackingParams":"CNoBEIf2BBgHIhMImNLIovaklAMVNXgqCR0LATSaUgR0ZXJhmgEFCDIQ9CTKAQRMH_Vj","commandMetadata":{"webCommandMetadata":{"url":"/shorts/hmc9CEXV6ds","webPageType":"WEB_PAGE_TYPE_SHORTS","rootVe":37414}},"reelWatchEndpoint":{"videoId":"hmc9CEXV6ds","playerParams":"8AEByAMyuAQUogYVAYS9d9Px1KGKYX9OlWhyrt2xpDVHkAcC","thumbnail":{"thumbnails":[{"url":"https://i.ytimg.com/vi/hmc9CEXV6ds/frame0.jpg","width":1080,"height":1920}],"isOriginalAspectRatio":true},"overlay":{"reelPlayerOverlayRenderer":{"style":"REEL_PLAYER_OVERLAY_STYLE_SHORTS","trackingParams":"CN0BELC1BCITCJjSyKL2pJQDFTV4KgkdCwE0mg==","reelPlayerNavigationModel":"REEL_PLAYER_NAVIGATION_MODEL_UNSPECIFIED"}},"params":"CBQwAkoOCgYiBHRlcmESBHRlcmG6ARhVQ1NWclNhV0tpd1F1eTRJcGVkaUF2MEE%3D","sequenceProvider":"REEL_WATCH_SEQUENCE_PROVIDER_RPC","sequenceParams":"CgtobWM5Q0VYVjZkcyruBAoNCgtXUmk4Vi1Gb1NXQQoNCgswVEFPajVYOXo3ZwoNCgs0SDhQRWc0c2tsRQoNCgtpOV9lSGJTd0
1778079488.788 10430   567   710 I OkHttp  : RubwoNCgtTcEtIM0M1Uk9iUQoNCgs0c3VjTi1VRGV2UQoNCgs3VHJ0MHhOOHBQYwoNCgtKb3Q3eUJVRGw3cwoNCgs0dVZZNDRkeDhiZwoNCgtMbjdrZDVGd0FxZwoNCgtFdG5sMkhyOVNUawoNCgs3dXVxTTlucExHRQoNCgt3UG1ySzgtb2ZWOAoNCgtUQnVBSWlRc0FWYwoNCgtkTWw5Zld5NmUyVQoNCgtoQWdFa2QtQ3NjNAoNCgtkdm0weUZzZWgyUQoNCgt2UlhRdjFFNU5tcwoNCgtWZjdKcUVrRm82RQoNCgtLVUtReVo3LWhucwoNCgt5WmdkOWMyM2FqSQoNCgsyM1d6N3RBVzVDTQoNCgtiZ0ZTUDJHdVRIVQoNCgszUkt3c19nVGs4NAoNCgtXTDNuYXhmRVB4TQoNCgtzeFFMTExRQTMzawoNCgs5eXREZVJCMk1UZwoNCgtuejdlaGhHUE9fNAoNCgtGSEFfTlVLblBSTQoNCgstV2d0UktGSFQyMAoNCgtsWjNPa2J4X2tFMAoNCgswNHlhcHI4NVhIUQoNCgtSd3JrWVBvWEd0cwoNCgtDdlpJbXZ6Y0JScwoNCgtiQnhocENiOVpHRQoNCgtpc21IcFZ4elhOdwoNCgtHVjJEcDBFcWVjQQoNCgtxd3A2MnZ4cTVHWQoNCgtna1BLcG95ckRFZwoNCgtINTYtNElEMXc5NBAHGBQiDgoGIgR0ZXJhEgR0ZXJhMAFwZIABAaoBBggDGgIYANoBoAQKBHRlcmESCGVuLUdCLUdCGo0ECoAEAACLPAAAW74AAKq9AADHvAAAdb4AAPi9AABLvgAA9zwAAI-9AAB4vgAA3D0AAHA9AAArPAAACT0AACK9AADTPAAAr7sAAPw8AACaPQAAiz0AAIg9AAAaPgAAqj0AAL69AACcPQAAQL4AAAi9AACtPQAAYr0AACy-AABLPgAAO70AABm8AAAaPQAAZzwAAJa9AACcvQAAwTwAAHy7AAAcvQAAXz0AAPo8AACXPAAAmrwAADS9AACIOgAAvz0AAAy9AAAwvQAAUj0AANW8AACQPQAALD0AALo9AAB-PQAAgrsAAH49AABAPgAAUD0AAFI9AAAOPAAAeL0AAMu7AADFPQAAor0AAHg8AABMPgAAbjwAAHC9AAD1PQAA870AAJA9AAC6uwAAGT4AAAI9AAC-vAAAND0AALg9AADOOwAA2T0AAPi9AADcuwAAyL0AANC7AACavQAAmD0AAJm9AAAQvgAAtTwAAKw8AAALvQAAvzsAAGW9AAC0vQAA3jwAABM9AAClvQAA0b0AABw9AAD-vAAAtr0AAD29AAADvQAAHr0AAKk9AACbPQAAvT0AAH69AADDPQAAJL4AAMg9AACtvQAAYj0AALI8AACGPQAAAbwAAGW-AABeugAAv70AAJ68AACpPQAAFD4AAFq9AADuvQAArL0AAOo9AAC_vQAAtz0YNiACQgQIABAB","loggingContext":{"vssLoggingContext":{"serializedContextData":"CgIIDA%3D%3D"},"qoeLoggingContext":{"serializedContextData":"CgIIDA%3D%3D"}},"ustreamerConfig":"CAw=","accessibilityRenderer":{"reelWatchAccessibilityRenderer":{"enablePlayPauseA11yButton":true,"loggingDirectives":{"trackingParams":"CNwBENjLDiITCJjSyKL2pJQDFTV4KgkdCwE0mg==","visibility":{"types":"4"}}}}}}},"inlinePlayerData":{"onVisible":{"innertubeCommand":{"clickTrackingParams":"CNoBEIf2BBgHIhMImNLIovaklAMVNXgqCR0LATSaMgZzZWFyY2hSBHRlcmGaAQUIMhD0JMoBBEwf9WM=","commandMetadata":{"webCommandMetadata":{"url":"/watch?v=hmc9CEXV6ds&pp=YAHIAQHwAQG6AwIYAugFAaIGFQGEvXfTUkyQPWjaWfpG8V2wDjRfL5AHAg%3D%3D","webPageType":"WEB_PAGE_TYPE_WATCH","rootVe":3832}},"watchEndpoint":{"videoId":"hmc9CEXV6ds","playerParams":"YAHIAQHwAQG6AwIYAugFAaIGFQGEvXfTUkyQPWjaWfpG8V2wDjRfL5AHAg%3D%3D","playerExtraUrlParams":[{"key":"inline","value":"1"}],"watchEndpointSupportedOnesieConfig":{"html5PlaybackOnesieConfig":{"commonConfig":{"url":"https://rr2---sn-h4upouxgoxu-gq2e.googlevideo.com/initplayback?source=youtube&oeis=1&c=WEB&oad=3200&ovd=3200&oaad=11000&oavd=11000&ocs=700&oewis=1&oputc=1&ofpcc=1&msp=1&odepv=1&oreouc=1&id=86673d0845d5e9db&ip=103.220.88.42&initcwndbps=947500&mt=1778078969&oweuc="}}}}}},"maxPlaybackLengthSec":0,"enableAudioControl":true},"menuOnTap":{"innertubeCommand":{"clickTrackingParams":"CNoBEIf2BBgHIhMImNLIovaklAMVNXgqCR0LATSaygEETB_1Yw==","showSheetCommand":{"panelLoadingStrategy":{"inlineContent":{"sheetViewModel":{"content":{"listViewModel":{"listItems":[{"listItemViewModel":{"title":{"content":"Add to queue"},"leadingImage":{"sources":[{"clientResource":{"imageName":"ADD_TO_QUEUE_TAIL"}}]},"rendererContext":{"loggingContext":{"loggingDirectives":{"trackingParams":"CNsBEP6YBBgCIhMImNLIovaklAMVNXgqCR0LATSa","visibility":{"types":"12"}}},"commandContext":{"onTap":{"innertubeCommand":{"clickTrackingParams":"CNsBEP6YBBgCIhMImNLIovaklAMVNXgqCR0LATSaygEETB_1Yw==","commandMetadata":{"webCommandMetadata":{"sendPost":true}},"signalServiceEndpoint":{"signal":"CLIENT_SIGNAL","actions":[{"clickTrackingParams":"CNsBEP6YBBgCIhMImNLIovaklAMVNXgqCR0LATSaygEETB_1Yw==","addToPlaylistCommand":{"openMiniplayer":true,"videoId":"hmc9CEXV6ds","listType":"PLAYLIST_EDIT_LIST_TYPE_QUEUE","onCreateListCommand":{"clickTrackingParams":"CNsBEP6YBBgCIhMImNLIovaklAMVNXgqCR0LATSaygEETB_1Yw==","commandMetadata":{"webCommandMetadata":{"sendPost":true,"apiUrl":"/youtubei/v1/playlist/create"}},"createPlaylistServiceEndpoint":{"videoIds":["hmc9CEXV6ds"],"par
1778079488.788 10430   567   710 I OkHttp  : ams":"CAQ%3D"}},"videoIds":["hmc9CEXV6ds"],"videoCommand":{"clickTrackingParams":"CNsBEP6YBBgCIhMImNLIovaklAMVNXgqCR0LATSaygEETB_1Yw==","commandMetadata":{"webCommandMetadata":{"url":"/watch?v=hmc9CEXV6ds","webPageType":"WEB_PAGE_TYPE_WATCH","rootVe":3832}},"watchEndpoint":{"videoId":"hmc9CEXV6ds","watchEndpointSupportedOnesieConfig":{"html5PlaybackOnesieConfig":{"commonConfig":{"url":"https://rr2---sn-h4upouxgoxu-gq2e.googlevideo.com/initplayback?source=youtube&oeis=1&c=WEB&oad=3200&ovd=3200&oaad=11000&oavd=11000&ocs=700&oewis=1&oputc=1&ofpcc=1&msp=1&odepv=1&oreouc=1&id=86673d0845d5e9db&ip=103.220.88.42&initcwndbps=947500&mt=1778078969&oweuc="}}}}}}}]}}}}}}},{"listItemViewModel":{"title":{"content":"Send feedback"},"leadingImage":{"sources":[{"clientResource":{"imageName":"FEEDBACK"}}]},"rendererContext":{"commandContext":{"onTap":{"innertubeCommand":{"clickTrackingParams":"CNoBEIf2BBgHIhMImNLIovaklAMVNXgqCR0LATSaygEETB_1Yw==","commandMetadata":{"webCommandMetadata":{"ignoreNavigation":true}},"userFeedbackEndpoint":{"additionalDatas":[{"userFeedbackEndpointProductSpecificValueData":{"key":"video_id","value":"hmc9CEXV6ds"}},{"userFeedbackEndpointProductSpecificValueData":{"key":"lockup","value":"shelf"}}]}}}}}}}]}}}}}}}},"indexInCollection":0,"menuOnTapA11yLabel":"More actions","overlayMetadata":{"primaryText":{"content":"Main Tera Song | Status Video | Lyrics Video |#shorts #ytshorts #trending #songs"},"secondaryText":{"content":"661k views"}},"thumbnailViewModel":{"thumbnailViewModel":{"image":{"sources":[{"url":"https://i.ytimg.com/vi/hmc9CEXV6ds/oardefault.jpg?sqp=-oaymwEkCJUDENAFSFqQAgHyq4qpAxMIARUAAAAAJQAAyEI9AICiQ3gB&rs=AOn4CLBaXl5tfPaviup1cqrfjPCax2KqmQ&usqp=CCk","width":405,"height":720},{"url":"https://i.ytimg.com/vi/hmc9CEXV6ds/oardefault.jpg?sqp=-oaymwEnCJUDEOAESFqQAgHyq4qpAxYIARUAAAAAJQAAyEI9AICiQ3gByAEB&rs=AOn4CLC1hIeqyBPGGN5gv2PcpW14wS9wOQ&usqp=CCk","width":405,"height":608}]}}},"stackedFrameData":{},"titleTruncationStyle":"SHORTS_LOCKUP_TITLE_TRUNCATION_STYLE_UNKNOWN","loggingDirectives":{"trackingParams":"CNoBEIf2BBgHIhMImNLIovaklAMVNXgqCR0LATSa","visibility":{"types":"12"}}}},{"shortsLockupViewModel":{"entityId":"shorts-shelf-item-WRi8V-FoSWA","accessibilityText":"Tera chehra jab Nazar aaye 😭❤️//Who did the best Simpal kharel 🆚 Daizy aizy #comparekaro86 #shorts, 5 million views – play Short","onTap":{"innertubeCommand":{"clickTrackingParams":"CNYBEIf2BBgIIhMImNLIovaklAMVNXgqCR0LATSaUgR0ZXJhmgEFCDIQ9CTKAQRMH_Vj","commandMetadata":{"webCommandMetadata":{"url":"/shorts/WRi8V-FoSWA","webPageType":"WEB_PAGE_TYPE_SHORTS","rootVe":37414}},"reelWatchEndpoint":{"videoId":"WRi8V-FoSWA","playerParams":"8AEByAMyuAQUogYVAYS9d9NQsL6l_ihmOWaGxvs2vyZvkAcC","thumbnail":{"thumbnails":[{"url":"https://i.ytimg.com/vi/WRi8V-FoSWA/frame0.jpg","width":1080,"height":1920}],"isOriginalAspectRatio":true},"overlay":{"reelPlayerOverlayRenderer":{"style":"REEL_PLAYER_OVERLAY_STYLE_SHORTS","trackingParams":"CNkBELC1BCITCJjSyKL2pJQDFTV4KgkdCwE0mg==","reelPlayerNavigationModel":"REEL_PLAYER_NAVIGATION_MODEL_UNSPECIFIED"}},"params":"CBQwAkoOCgYiBHRlcmESBHRlcmG6ARhVQ3lpMjQyQzBlR1ZJUFUwbTc1RnEzVUE%3D","sequenceProvider":"REEL_WATCH_SEQUENCE_PROVIDER_RPC","sequenceParams":"CgtXUmk4Vi1Gb1NXQSruBAoNCgswVEFPajVYOXo3ZwoNCgs0SDhQRWc0c2tsRQoNCgtpOV9lSGJTd0RubwoNCgtTcEtIM0M1Uk9iUQoNCgs0c3VjTi1VRGV2UQoNCgs3VHJ0MHhOOHBQYwoNCgtKb3Q3eUJVRGw3cwoNCgs0dVZZNDRkeDhiZwoNCgtMbjdrZDVGd0FxZwoNCgtFdG5sMkhyOVNUawoNCgs3dXVxTTlucExHRQoNCgt3UG1ySzgtb2ZWOAoNCgtUQnVBSWlRc0FWYwoNCgtkTWw5Zld5NmUyVQoNCgtoQWdFa2QtQ3NjNAoNCgtkdm0weUZzZWgyUQoNCgt2UlhRdjFFNU5tcwoNCgtWZjdKcUVrRm82RQoNCgtLVUtReVo3LWhucwoNCgt5WmdkOWMyM2FqSQoNCgsyM1d6N3RBVzVDTQoNCgtiZ0ZTUDJHdVRIVQoNCgszUkt3c19nVGs4NAoNCgtXTDNuYXhmRVB4TQoNCgtzeFFMTExRQTMzawoNCgs5eXREZVJCMk1UZwoNCgtuejdlaGhHUE9fNAoNCgtGSEFfTlVLblBSTQoNCgstV2d0UktGSFQyMAoNCgtsWjNPa2J4X2tFMAoNCgswNHlhcHI4NVhIUQoNCgtSd3JrWVBvWEd0cwoNCgtDdlpJbXZ6Y0JScwoNCgtiQnhocENiOVpHRQoNCgtpc21IcFZ4elhOdwoNCgtHVjJEcDBFcWVjQQoNCgtxd3A2MnZ4cTVHWQoNCgtna1BLcG95ckRFZwoNCgtINTYtNElEMXc5NAoNCgtUVWJT
1778079488.788 10430   567   710 I OkHttp  : cW1YUTkzdxAIGBQiDgoGIgR0ZXJhEgR0ZXJhMAFwZIABAaoBBggCGgIYANoBoAQKBHRlcmESCGVuLUdCLUdCGo0ECoAEAACLPAAAW74AAKq9AADHvAAAdb4AAPi9AABLvgAA9zwAAI-9AAB4vgAA3D0AAHA9AAArPAAACT0AACK9AADTPAAAr7sAAPw8AACaPQAAiz0AAIg9AAAaPgAAqj0AAL69AACcPQAAQL4AAAi9AACtPQAAYr0AACy-AABLPgAAO70AABm8AAAaPQAAZzwAAJa9AACcvQAAwTwAAHy7AAAcvQAAXz0AAPo8AACXPAAAmrwAADS9AACIOgAAvz0AAAy9AAAwvQAAUj0AANW8AACQPQAALD0AALo9AAB-PQAAgrsAAH49AABAPgAAUD0AAFI9AAAOPAAAeL0AAMu7AADFPQAAor0AAHg8AABMPgAAbjwAAHC9AAD1PQAA870AAJA9AAC6uwAAGT4AAAI9AAC-vAAAND0AALg9AADOOwAA2T0AAPi9AADcuwAAyL0AANC7AACavQAAmD0AAJm9AAAQvgAAtTwAAKw8AAALvQAAvzsAAGW9AAC0vQAA3jwAABM9AAClvQAA0b0AABw9AAD-vAAAtr0AAD29AAADvQAAHr0AAKk9AACbPQAAvT0AAH69AADDPQAAJL4AAMg9AACtvQAAYj0AALI8AACGPQAAAbwAAGW-AABeugAAv70AAJ68AACpPQAAFD4AAFq9AADuvQAArL0AAOo9AAC_vQAAtz0YNiACQgQIABAB","loggingContext":{"vssLoggingContext":{"serializedContextData":"CgIIDA%3D%3D"},"qoeLoggingContext":{"serializedContextData":"CgIIDA%3D%3D"}},"ustreamerConfig":"CAw=","accessibilityRenderer":{"reelWatchAccessibilityRenderer":{"enablePlayPauseA11yButton":true,"loggingDirectives":{"trackingParams":"CNgBENjLDiITCJjSyKL2pJQDFTV4KgkdCwE0mg==","visibility":{"types":"4"}}}}}}},"inlinePlayerData":{"onVisible":{"innertubeCommand":{"clickTrackingParams":"CNYBEIf2BBgIIhMImNLIovaklAMVNXgqCR0LATSaMgZzZWFyY2hSBHRlcmGaAQUIMhD0JMoBBEwf9WM=","commandMetadata":{"webCommandMetadata":{"url":"/watch?v=WRi8V-FoSWA&pp=YAHIAQHwAQG6AwIYAugFAaIGFQGEvXfTTPx56Ffp6CEUjXhW5gL3ypAHAg%3D%3D","webPageType":"WEB_PAGE_TYPE_WATCH","rootVe":3832}},"watchEndpoint":{"videoId":"WRi8V-FoSWA","playerParams":"YAHIAQHwAQG6AwIYAugFAaIGFQGEvXfTTPx56Ffp6CEUjXhW5gL3ypAHAg%3D%3D","playerExtraUrlParams":[{"key":"inline","value":"1"}],"watchEndpointSupportedOnesieConfig":{"html5PlaybackOnesieConfig":{"commonConfig":{"url":"https://rr1---sn-h4upouxgoxu-gq2e.googlevideo.com/initplayback?source=youtube&oeis=1&c=WEB&oad=3200&ovd=3200&oaad=11000&oavd=11000&ocs=700&oewis=1&oputc=1&ofpcc=1&msp=1&odepv=1&oreouc=1&id=5918bc57e1684960&ip=103.220.88.42&initcwndbps=947500&mt=1778078969&oweuc="}}}}}},"maxPlaybackLengthSec":0,"enableAudioControl":true},"menuOnTap":{"innertubeCommand":{"clickTrackingParams":"CNYBEIf2BBgIIhMImNLIovaklAMVNXgqCR0LATSaygEETB_1Yw==","showSheetCommand":{"panelLoadingStrategy":{"inlineContent":{"sheetViewModel":{"content":{"listViewModel":{"listItems":[{"listItemViewModel":{"title":{"content":"Add to queue"},"leadingImage":{"sources":[{"clientResource":{"imageName":"ADD_TO_QUEUE_TAIL"}}]},"rendererContext":{"loggingContext":{"loggingDirectives":{"trackingParams":"CNcBEP6YBBgCIhMImNLIovaklAMVNXgqCR0LATSa","visibility":{"types":"12"}}},"commandContext":{"onTap":{"innertubeCommand":{"clickTrackingParams":"CNcBEP6YBBgCIhMImNLIovaklAMVNXgqCR0LATSaygEETB_1Yw==","commandMetadata":{"webCommandMetadata":{"sendPost":true}},"signalServiceEndpoint":{"signal":"CLIENT_SIGNAL","actions":[{"clickTrackingParams":"CNcBEP6YBBgCIhMImNLIovaklAMVNXgqCR0LATSaygEETB_1Yw==","addToPlaylistCommand":{"openMiniplayer":true,"videoId":"WRi8V-FoSWA","listType":"PLAYLIST_EDIT_LIST_TYPE_QUEUE","onCreateListCommand":{"clickTrackingParams":"CNcBEP6YBBgCIhMImNLIovaklAMVNXgqCR0LATSaygEETB_1Yw==","commandMetadata":{"webCommandMetadata":{"sendPost":true,"apiUrl":"/youtubei/v1/playlist/create"}},"createPlaylistServiceEndpoint":{"videoIds":["WRi8V-FoSWA"],"params":"CAQ%3D"}},"videoIds":["WRi8V-FoSWA"],"videoCommand":{"clickTrackingParams":"CNcBEP6YBBgCIhMImNLIovaklAMVNXgqCR0LATSaygEETB_1Yw==","commandMetadata":{"webCommandMetadata":{"url":"/watch?v=WRi8V-FoSWA","webPageType":"WEB_PAGE_TYPE_WATCH","rootVe":3832}},"watchEndpoint":{"videoId":"WRi8V-FoSWA","watchEndpointSupportedOnesieConfig":{"html5PlaybackOnesieConfig":{"commonConfig":{"url":"https://rr1---sn-h4upouxgoxu-gq2e.googlevideo.com/initplayback?source=youtube&oeis=1&c=WEB&oad=3200&ovd=3200&oaad=11000&oavd=11000&ocs=700&oewis=1&oputc=1&ofpcc=1&msp=1&odepv=1&oreouc=1&id=5918bc57e1684960&ip=103.220.88.42&initcwndbps=947500&mt=1778078969&oweuc="}}}}}}}]}}}}}}},{"listItemViewModel":{"title":{"content":"Send
1778079488.788 10430   567   710 I OkHttp  :  feedback"},"leadingImage":{"sources":[{"clientResource":{"imageName":"FEEDBACK"}}]},"rendererContext":{"commandContext":{"onTap":{"innertubeCommand":{"clickTrackingParams":"CNYBEIf2BBgIIhMImNLIovaklAMVNXgqCR0LATSaygEETB_1Yw==","commandMetadata":{"webCommandMetadata":{"ignoreNavigation":true}},"userFeedbackEndpoint":{"additionalDatas":[{"userFeedbackEndpointProductSpecificValueData":{"key":"video_id","value":"WRi8V-FoSWA"}},{"userFeedbackEndpointProductSpecificValueData":{"key":"lockup","value":"shelf"}}]}}}}}}}]}}}}}}}},"indexInCollection":0,"menuOnTapA11yLabel":"More actions","overlayMetadata":{"primaryText":{"content":"Tera chehra jab Nazar aaye 😭❤️//Who did the best Simpal kharel 🆚 Daizy aizy #comparekaro86 #shorts"},"secondaryText":{"content":"5m views"}},"thumbnailViewModel":{"thumbnailViewModel":{"image":{"sources":[{"url":"https://i.ytimg.com/vi/WRi8V-FoSWA/oardefault.jpg?sqp=-oaymwEkCJUDENAFSFqQAgHyq4qpAxMIARUAAAAAJQAAyEI9AICiQ3gB&rs=AOn4CLDzHHKqx9Ir8KevtQnNgtX9U3h2IA&usqp=CCk","width":405,"height":720},{"url":"https://i.ytimg.com/vi/WRi8V-FoSWA/oardefault.jpg?sqp=-oaymwEnCJUDEOAESFqQAgHyq4qpAxYIARUAAAAAJQAAyEI9AICiQ3gByAEB&rs=AOn4CLDYGuKIg-hvyKpLM5WRpoqb-P29xg&usqp=CCk","width":405,"height":608}]}}},"stackedFrameData":{},"titleTruncationStyle":"SHORTS_LOCKUP_TITLE_TRUNCATION_STYLE_UNKNOWN","loggingDirectives":{"trackingParams":"CNYBEIf2BBgIIhMImNLIovaklAMVNXgqCR0LATSa","visibility":{"types":"12"}}}},{"shortsLockupViewModel":{"entityId":"shorts-shelf-item-0TAOj5X9z7g","accessibilityText":"I am yours yesterday and today I am yours #emotional #hindi #short #popular #trending #love #shee..., 5.1 million views – play Short","onTap":{"innertubeCommand":{"clickTrackingParams":"CNIBEIf2BBgJIhMImNLIovaklAMVNXgqCR0LATSaUgR0ZXJhmgEFCDIQ9CTKAQRMH_Vj","commandMetadata":{"webCommandMetadata":{"url":"/shorts/0TAOj5X9z7g","webPageType":"WEB_PAGE_TYPE_SHORTS","rootVe":37414}},"reelWatchEndpoint":{"videoId":"0TAOj5X9z7g","playerParams":"8AEByAMyuAQUogYVAYS9d9N9x1kW_mzfl-68S-YDROpNkAcC","thumbnail":{"thumbnails":[{"url":"https://i.ytimg.com/vi/0TAOj5X9z7g/frame0.jpg","width":1080,"height":1920}],"isOriginalAspectRatio":true},"overlay":{"reelPlayerOverlayRenderer":{"style":"REEL_PLAYER_OVERLAY_STYLE_SHORTS","trackingParams":"CNUBELC1BCITCJjSyKL2pJQDFTV4KgkdCwE0mg==","reelPlayerNavigationModel":"REEL_PLAYER_NAVIGATION_MODEL_UNSPECIFIED"}},"params":"CBQwAkoOCgYiBHRlcmESBHRlcmG6ARhVQ1ZzZGxRMmJlZHRHVjFnTERiWng5NVE%3D","sequenceProvider":"REEL_WATCH_SEQUENCE_PROVIDER_RPC","sequenceParams":"CgswVEFPajVYOXo3ZyruBAoNCgs0SDhQRWc0c2tsRQoNCgtpOV9lSGJTd0RubwoNCgtTcEtIM0M1Uk9iUQoNCgs0c3VjTi1VRGV2UQoNCgs3VHJ0MHhOOHBQYwoNCgtKb3Q3eUJVRGw3cwoNCgs0dVZZNDRkeDhiZwoNCgtMbjdrZDVGd0FxZwoNCgtFdG5sMkhyOVNUawoNCgs3dXVxTTlucExHRQoNCgt3UG1ySzgtb2ZWOAoNCgtUQnVBSWlRc0FWYwoNCgtkTWw5Zld5NmUyVQoNCgtoQWdFa2QtQ3NjNAoNCgtkdm0weUZzZWgyUQoNCgt2UlhRdjFFNU5tcwoNCgtWZjdKcUVrRm82RQoNCgtLVUtReVo3LWhucwoNCgt5WmdkOWMyM2FqSQoNCgsyM1d6N3RBVzVDTQoNCgtiZ0ZTUDJHdVRIVQoNCgszUkt3c19nVGs4NAoNCgtXTDNuYXhmRVB4TQoNCgtzeFFMTExRQTMzawoNCgs5eXREZVJCMk1UZwoNCgtuejdlaGhHUE9fNAoNCgtGSEFfTlVLblBSTQoNCgstV2d0UktGSFQyMAoNCgtsWjNPa2J4X2tFMAoNCgswNHlhcHI4NVhIUQoNCgtSd3JrWVBvWEd0cwoNCgtDdlpJbXZ6Y0JScwoNCgtiQnhocENiOVpHRQoNCgtpc21IcFZ4elhOdwoNCgtHVjJEcDBFcWVjQQoNCgtxd3A2MnZ4cTVHWQoNCgtna1BLcG95ckRFZwoNCgtINTYtNElEMXc5NAoNCgtUVWJTcW1YUTkzdwoNCgtzcXVwaGtKS2NSYxAJGBQiDgoGIgR0ZXJhEgR0ZXJhMAFwZIABAaoBBggBGgIYANoBoAQKBHRlcmESCGVuLUdCLUdCGo0ECoAEAACLPAAAW74AAKq9AADHvAAAdb4AAPi9AABLvgAA9zwAAI-9AAB4vgAA3D0AAHA9AAArPAAACT0AACK9AADTPAAAr7sAAPw8AACaPQAAiz0AAIg9AAAaPgAAqj0AAL69AACcPQAAQL4AAAi9AACtPQAAYr0AACy-AABLPgAAO70AABm8AAAaPQAAZzwAAJa9AACcvQAAwTwAAHy7AAAcvQAAXz0AAPo8AACXPAAAmrwAADS9AACIOgAAvz0AAAy9AAAwvQAAUj0AANW8AACQPQAALD0AALo9AAB-PQAAgrsAAH49AABAPgAAUD0AAFI9AAAOPAAAeL0AAMu7AADFPQAAor0AAHg8AABMPgAAbjwAAHC9AAD1PQAA870AAJA9AAC6uwAAGT4AAAI9AAC-vAAAND0AALg9AADOOwAA2T0AAPi9AADcuwAAyL0AANC7AACavQAAmD0AAJm9AAAQvgAAtTwAAKw8AAALvQAAvzsAAGW9AAC0vQAA3jwAABM9AAClvQAA0b0AABw9AAD-vAAAtr0AAD29AAADvQAAHr0AAKk9AACbPQAAvT0AAH69AADDPQAAJL4AAMg9AACtvQAAYj
1778079488.788 10430   567   710 I OkHttp  : 0AALI8AACGPQAAAbwAAGW-AABeugAAv70AAJ68AACpPQAAFD4AAFq9AADuvQAArL0AAOo9AAC_vQAAtz0YNiACQgQIABAB","loggingContext":{"vssLoggingContext":{"serializedContextData":"CgIIDA%3D%3D"},"qoeLoggingContext":{"serializedContextData":"CgIIDA%3D%3D"}},"ustreamerConfig":"CAw=","accessibilityRenderer":{"reelWatchAccessibilityRenderer":{"enablePlayPauseA11yButton":true,"loggingDirectives":{"trackingParams":"CNQBENjLDiITCJjSyKL2pJQDFTV4KgkdCwE0mg==","visibility":{"types":"4"}}}}}}},"inlinePlayerData":{"onVisible":{"innertubeCommand":{"clickTrackingParams":"CNIBEIf2BBgJIhMImNLIovaklAMVNXgqCR0LATSaMgZzZWFyY2hSBHRlcmGaAQUIMhD0JMoBBEwf9WM=","commandMetadata":{"webCommandMetadata":{"url":"/watch?v=0TAOj5X9z7g&pp=YAHIAQHwAQG6AwIYAugFAaIGFQGEvXfTG_NPZ75RKFADVJGFIOoBRZAHAg%3D%3D","webPageType":"WEB_PAGE_TYPE_WATCH","rootVe":3832}},"watchEndpoint":{"videoId":"0TAOj5X9z7g","playerParams":"YAHIAQHwAQG6AwIYAugFAaIGFQGEvXfTG_NPZ75RKFADVJGFIOoBRZAHAg%3D%3D","playerExtraUrlParams":[{"key":"inline","value":"1"}],"watchEndpointSupportedOnesieConfig":{"html5PlaybackOnesieConfig":{"commonConfig":{"url":"https://rr1---sn-h4upouxgoxu-gq2e.googlevideo.com/initplayback?source=youtube&oeis=1&c=WEB&oad=3200&ovd=3200&oaad=11000&oavd=11000&ocs=700&oewis=1&oputc=1&ofpcc=1&msp=1&odepv=1&oreouc=1&id=d1300e8f95fdcfb8&ip=103.220.88.42&initcwndbps=947500&mt=1778078969&oweuc="}}}}}},"maxPlaybackLengthSec":0,"enableAudioControl":true},"menuOnTap":{"innertubeCommand":{"clickTrackingParams":"CNIBEIf2BBgJIhMImNLIovaklAMVNXgqCR0LATSaygEETB_1Yw==","showSheetCommand":{"panelLoadingStrategy":{"inlineContent":{"sheetViewModel":{"content":{"listViewModel":{"listItems":[{"listItemViewModel":{"title":{"content":"Add to queue"},"leadingImage":{"sources":[{"clientResource":{"imageName":"ADD_TO_QUEUE_TAIL"}}]},"rendererContext":{"loggingContext":{"loggingDirectives":{"trackingParams":"CNMBEP6YBBgCIhMImNLIovaklAMVNXgqCR0LATSa","visibility":{"types":"12"}}},"commandContext":{"onTap":{"innertubeCommand":{"clickTrackingParams":"CNMBEP6YBBgCIhMImNLIovaklAMVNXgqCR0LATSaygEETB_1Yw==","commandMetadata":{"webCommandMetadata":{"sendPost":true}},"signalServiceEndpoint":{"signal":"CLIENT_SIGNAL","actions":[{"clickTrackingParams":"CNMBEP6YBBgCIhMImNLIovaklAMVNXgqCR0LATSaygEETB_1Yw==","addToPlaylistCommand":{"openMiniplayer":true,"videoId":"0TAOj5X9z7g","listType":"PLAYLIST_EDIT_LIST_TYPE_QUEUE","onCreateListCommand":{"clickTrackingParams":"CNMBEP6YBBgCIhMImNLIovaklAMVNXgqCR0LATSaygEETB_1Yw==","commandMetadata":{"webCommandMetadata":{"sendPost":true,"apiUrl":"/youtubei/v1/playlist/create"}},"createPlaylistServiceEndpoint":{"videoIds":["0TAOj5X9z7g"],"params":"CAQ%3D"}},"videoIds":["0TAOj5X9z7g"],"videoCommand":{"clickTrackingParams":"CNMBEP6YBBgCIhMImNLIovaklAMVNXgqCR0LATSaygEETB_1Yw==","commandMetadata":{"webCommandMetadata":{"url":"/watch?v=0TAOj5X9z7g&pp=0gcJCXEFdf6zKzOD","webPageType":"WEB_PAGE_TYPE_WATCH","rootVe":3832}},"watchEndpoint":{"videoId":"0TAOj5X9z7g","playerParams":"0gcJCXEFdf6zKzOD","watchEndpointSupportedOnesieConfig":{"html5PlaybackOnesieConfig":{"commonConfig":{"url":"https://rr1---sn-h4upouxgoxu-gq2e.googlevideo.com/initplayback?source=youtube&oeis=1&c=WEB&oad=3200&ovd=3200&oaad=11000&oavd=11000&ocs=700&oewis=1&oputc=1&ofpcc=1&msp=1&odepv=1&oreouc=1&id=d1300e8f95fdcfb8&ip=103.220.88.42&initcwndbps=947500&mt=1778078969&oweuc="}}}}}}}]}}}}}}},{"listItemViewModel":{"title":{"content":"Send feedback"},"leadingImage":{"sources":[{"clientResource":{"imageName":"FEEDBACK"}}]},"rendererContext":{"commandContext":{"onTap":{"innertubeCommand":{"clickTrackingParams":"CNIBEIf2BBgJIhMImNLIovaklAMVNXgqCR0LATSaygEETB_1Yw==","commandMetadata":{"webCommandMetadata":{"ignoreNavigation":true}},"userFeedbackEndpoint":{"additionalDatas":[{"userFeedbackEndpointProductSpecificValueData":{"key":"video_id","value":"0TAOj5X9z7g"}},{"userFeedbackEndpointProductSpecificValueData":{"key":"lockup","value":"shelf"}}]}}}}}}}]}}}}}}}},"indexInCollection":0,"menuOnTapA11yLabel":"More actions","overlayMetadata":{"primaryText":{"content":"I am yours
1778079488.788 10430   567   710 I OkHttp  :  yesterday and today I am yours #emotional #hindi #short #popular #trending #love #shee..."},"secondaryText":{"content":"5.1m views"}},"thumbnailViewModel":{"thumbnailViewModel":{"image":{"sources":[{"url":"https://i.ytimg.com/vi/0TAOj5X9z7g/oardefault.jpg?sqp=-oaymwEkCJUDENAFSFqQAgHyq4qpAxMIARUAAAAAJQAAyEI9AICiQ3gB&rs=AOn4CLDYq6m7mZxZzgG8mNxLrhdA0VD9Dw&usqp=CCk","width":405,"height":720},{"url":"https://i.ytimg.com/vi/0TAOj5X9z7g/oardefault.jpg?sqp=-oaymwEnCJUDEOAESFqQAgHyq4qpAxYIARUAAAAAJQAAyEI9AICiQ3gByAEB&rs=AOn4CLDBk5yZopNUHJT4rlWBKUz5iqeCeA&usqp=CCk","width":405,"height":608}]}}},"stackedFrameData":{},"titleTruncationStyle":"SHORTS_LOCKUP_TITLE_TRUNCATION_STYLE_UNKNOWN","loggingDirectives":{"trackingParams":"CNIBEIf2BBgJIhMImNLIovaklAMVNXgqCR0LATSa","visibility":{"types":"12"}}}}],"header":{"sectionHeaderViewModel":{"headline":{"content":"Shorts"},"leadingAccessory":{"image":{"sources":[{"clientResource":{"imageName":"YOUTUBE_SHORTS_BRAND_24"}}]}}}},"contentAspectRatio":"GRID_SHELF_CONTENT_ASPECT_RATIO_TWO_BY_THREE","enableVerticalExpansion":true,"showMoreButton":{"buttonViewModel":{"iconName":"EXPAND","title":"Show more","style":"BUTTON_VIEW_MODEL_STYLE_MONO","trackingParams":"CNEBEPBbIhMImNLIovaklAMVNXgqCR0LATSa","type":"BUTTON_VIEW_MODEL_TYPE_OUTLINE","buttonSize":"BUTTON_VIEW_MODEL_SIZE_DEFAULT","state":"BUTTON_VIEW_MODEL_STATE_ACTIVE","iconPosition":"BUTTON_VIEW_MODEL_ICON_POSITION_TRAILING"}},"showLessButton":{"buttonViewModel":{"iconName":"COLLAPSE","title":"Show less","style":"BUTTON_VIEW_MODEL_STYLE_MONO","trackingParams":"CNABEPBbIhMImNLIovaklAMVNXgqCR0LATSa","type":"BUTTON_VIEW_MODEL_TYPE_OUTLINE","buttonSize":"BUTTON_VIEW_MODEL_SIZE_DEFAULT","state":"BUTTON_VIEW_MODEL_STATE_ACTIVE","iconPosition":"BUTTON_VIEW_MODEL_ICON_POSITION_TRAILING"}},"minCollapsedItemCount":3,"loggingDirectives":{"trackingParams":"CM8BEJSUChgFIhMImNLIovaklAMVNXgqCR0LATSa","visibility":{"types":"12"}}}},{"videoRenderer":{"videoId":"rTuxUAuJRyY","thumbnail":{"thumbnails":[{"url":"https://i.ytimg.com/vi/rTuxUAuJRyY/hq720.jpg?sqp=-oaymwEjCOgCEMoBSFryq4qpAxUIARUAAAAAGAElAADIQj0AgKJDeAE=&rs=AOn4CLD3RgeQ9-L7QJtlQJN2EhNNkCkMKQ","width":360,"height":202},{"url":"https://i.ytimg.com/vi/rTuxUAuJRyY/hq720.jpg?sqp=-oaymwEXCNAFEJQDSFryq4qpAwkIARUAAIhCGAE=&rs=AOn4CLALxesWLGnRGxKcGljQnIm4ZkqscQ","width":720,"height":404}]},"title":{"runs":[{"text":"Tera Hone Laga Hoon Lyrical - Ajab Prem Ki Ghazab Kahani | Atif Aslam | Ranbir, Katrina K | Pritam"}],"accessibility":{"accessibilityData":{"label":"Tera Hone Laga Hoon Lyrical - Ajab Prem Ki Ghazab Kahani | Atif Aslam | Ranbir, Katrina K | Pritam 4 minutes, 59 seconds"}}},"longBylineText":{"runs":[{"text":"Tips Official","navigationEndpoint":{"clickTrackingParams":"CMoBENwwGAYiEwiY0sii9qSUAxU1eCoJHQsBNJrKAQRMH_Vj","commandMetadata":{"webCommandMetadata":{"url":"/@tipsofficial","webPageType":"WEB_PAGE_TYPE_CHANNEL","rootVe":3611,"apiUrl":"/youtubei/v1/browse"}},"browseEndpoint":{"browseId":"UCJrDMFOdv1I2k8n9oK_V21w","canonicalBaseUrl":"/@tipsofficial"}}}]},"publishedTimeText":{"simpleText":"13 years ago"},"lengthText":{"accessibility":{"accessibilityData":{"label":"4 minutes, 59 seconds"}},"simpleText":"4:59"},"viewCountText":{"simpleText":"558,161,226 views"},"navigationEndpoint":{"clickTrackingParams":"CMoBENwwGAYiEwiY0sii9qSUAxU1eCoJHQsBNJoyBnNlYXJjaFIEdGVyYZoBAxD0JMoBBEwf9WM=","commandMetadata":{"webCommandMetadata":{"url":"/watch?v=rTuxUAuJRyY&list=RDrTuxUAuJRyY&start_radio=1&pp=ygUEdGVyYaAHAQ%3D%3D","webPageType":"WEB_PAGE_TYPE_WATCH","rootVe":3832}},"watchEndpoint":{"videoId":"rTuxUAuJRyY","playlistId":"RDrTuxUAuJRyY","params":"OAHAAQGqAwR0ZXJhugMLCLKuzODRmYqC3gG6AwsItty9h-vswc7QAboDCwiqsd6T-JzL6swBugMKCMKt85S8g_6xCboDCgjsw5WDsoTC1ni6AwoIrMm8uuvVz64FugMLCNOIx-virvH4iwG6AwoImMe5reKWuZ8zugMKCKvfo-iFp93rKroDCwi6-Lne7q720twBugMLCPOpr92hvJXB-wG6AwsIwuuSpqnY4PHEAboDCgjwvb2cqZzjqCC6AwsI4qSo7eq5vNCVAboDCgjmr53kpb3Wqjm6AwoIj_DN7L20oPxwugMLCJDWscyxyv_XmQG6AwoIisr7rvWzvu5B8gMFDV8BHT-4BQE%3D","playerParams":"ygUEdGVyYaAHAQ%3D%3D","loggingC
1778079488.788 10430   567   710 I OkHttp  : ontext":{"vssLoggingContext":{"serializedContextData":"Gg1SRHJUdXhVQXVKUnlZ"}},"watchEndpointSupportedOnesieConfig":{"html5PlaybackOnesieConfig":{"commonConfig":{"url":"https://rr1---sn-h4upouxgoxu-gq2e.googlevideo.com/initplayback?source=youtube&oeis=1&c=WEB&oad=3200&ovd=3200&oaad=11000&oavd=11000&ocs=700&oewis=1&oputc=1&ofpcc=1&msp=1&odepv=1&oreouc=1&id=ad3bb1500b894726&ip=103.220.88.42&initcwndbps=947500&mt=1778078969&oweuc="}}}}},"badges":[{"metadataBadgeRenderer":{"style":"BADGE_STYLE_TYPE_SIMPLE","label":"4K","trackingParams":"CMoBENwwGAYiEwiY0sii9qSUAxU1eCoJHQsBNJo="}}],"ownerBadges":[{"metadataBadgeRenderer":{"icon":{"iconType":"CHECK_CIRCLE_THICK"},"style":"BADGE_STYLE_TYPE_VERIFIED","tooltip":"Verified","trackingParams":"CMoBENwwGAYiEwiY0sii9qSUAxU1eCoJHQsBNJo=","accessibilityData":{"label":"Verified"}}}],"ownerText":{"runs":[{"text":"Tips Official","navigationEndpoint":{"clickTrackingParams":"CMoBENwwGAYiEwiY0sii9qSUAxU1eCoJHQsBNJrKAQRMH_Vj","commandMetadata":{"webCommandMetadata":{"url":"/@tipsofficial","webPageType":"WEB_PAGE_TYPE_CHANNEL","rootVe":3611,"apiUrl":"/youtubei/v1/browse"}},"browseEndpoint":{"browseId":"UCJrDMFOdv1I2k8n9oK_V21w","canonicalBaseUrl":"/@tipsofficial"}}}]},"shortBylineText":{"runs":[{"text":"Tips Official","navigationEndpoint":{"clickTrackingParams":"CMoBENwwGAYiEwiY0sii9qSUAxU1eCoJHQsBNJrKAQRMH_Vj","commandMetadata":{"webCommandMetadata":{"url":"/@tipsofficial","webPageType":"WEB_PAGE_TYPE_CHANNEL","rootVe":3611,"apiUrl":"/youtubei/v1/browse"}},"browseEndpoint":{"browseId":"UCJrDMFOdv1I2k8n9oK_V21w","canonicalBaseUrl":"/@tipsofficial"}}}]},"trackingParams":"CMoBENwwGAYiEwiY0sii9qSUAxU1eCoJHQsBNJpApo6l3ICq7J2tAQ==","showActionMenu":false,"shortViewCountText":{"accessibility":{"accessibilityData":{"label":"558 million views"}},"simpleText":"558m views"},"menu":{"menuRenderer":{"items":[{"menuServiceItemRenderer":{"text":{"runs":[{"text":"Add to queue"}]},"icon":{"iconType":"ADD_TO_QUEUE_TAIL"},"serviceEndpoint":{"clickTrackingParams":"CM4BEP6YBBgQIhMImNLIovaklAMVNXgqCR0LATSaygEETB_1Yw==","commandMetadata":{"webCommandMetadata":{"sendPost":true}},"signalServiceEndpoint":{"signal":"CLIENT_SIGNAL","actions":[{"clickTrackingParams":"CM4BEP6YBBgQIhMImNLIovaklAMVNXgqCR0LATSaygEETB_1Yw==","addToPlaylistCommand":{"openMiniplayer":true,"videoId":"rTuxUAuJRyY","listType":"PLAYLIST_EDIT_LIST_TYPE_QUEUE","onCreateListCommand":{"clickTrackingParams":"CM4BEP6YBBgQIhMImNLIovaklAMVNXgqCR0LATSaygEETB_1Yw==","commandMetadata":{"webCommandMetadata":{"sendPost":true,"apiUrl":"/youtubei/v1/playlist/create"}},"createPlaylistServiceEndpoint":{"videoIds":["rTuxUAuJRyY"],"params":"CAQ%3D"}},"videoIds":["rTuxUAuJRyY"],"videoCommand":{"clickTrackingParams":"CM4BEP6YBBgQIhMImNLIovaklAMVNXgqCR0LATSaygEETB_1Yw==","commandMetadata":{"webCommandMetadata":{"url":"/watch?v=rTuxUAuJRyY","webPageType":"WEB_PAGE_TYPE_WATCH","rootVe":3832}},"watchEndpoint":{"videoId":"rTuxUAuJRyY","watchEndpointSupportedOnesieConfig":{"html5PlaybackOnesieConfig":{"commonConfig":{"url":"https://rr1---sn-h4upouxgoxu-gq2e.googlevideo.com/initplayback?source=youtube&oeis=1&c=WEB&oad=3200&ovd=3200&oaad=11000&oavd=11000&ocs=700&oewis=1&oputc=1&ofpcc=1&msp=1&odepv=1&oreouc=1&id=ad3bb1500b894726&ip=103.220.88.42&initcwndbps=947500&mt=1778078969&oweuc="}}}}}}}]}},"trackingParams":"CM4BEP6YBBgQIhMImNLIovaklAMVNXgqCR0LATSa"}},{"menuServiceItemRenderer":{"text":{"runs":[{"text":"Share"}]},"icon":{"iconType":"SHARE"},"serviceEndpoint":{"clickTrackingParams":"CMoBENwwGAYiEwiY0sii9qSUAxU1eCoJHQsBNJrKAQRMH_Vj","commandMetadata":{"webCommandMetadata":{"sendPost":true,"apiUrl":"/youtubei/v1/share/get_share_panel"}},"shareEntityServiceEndpoint":{"serializedShareEntity":"CgtyVHV4VUF1SlJ5WQ%3D%3D","commands":[{"clickTrackingParams":"CMoBENwwGAYiEwiY0sii9qSUAxU1eCoJHQsBNJrKAQRMH_Vj","openPopupAction":{"popup":{"unifiedSharePanelRenderer":{"trackingParams":"CM0BEI5iIhMImNLIovaklAMVNXgqCR0LATSa","showLoadingSpinner":true}},"popupType":"DIALOG","beReused":true}}]}},"trackingParams":"CMoBENwwGAYiE
1778079488.788 10430   567   710 I OkHttp  : wiY0sii9qSUAxU1eCoJHQsBNJo=","hasSeparator":true}}],"trackingParams":"CMoBENwwGAYiEwiY0sii9qSUAxU1eCoJHQsBNJo=","accessibility":{"accessibilityData":{"label":"Action menu"}}}},"channelThumbnailSupportedRenderers":{"channelThumbnailWithLinkRenderer":{"thumbnail":{"thumbnails":[{"url":"https://yt3.ggpht.com/zSQrmF-U4JwDv9QalTMOuEEWjGDjM9LvNgahKGGks6WKhe6XEOFf2C4ErQ-1-J9o2wFrHtIw5A=s68-c-k-c0x00ffffff-no-rj","width":68,"height":68}]},"navigationEndpoint":{"clickTrackingParams":"CMoBENwwGAYiEwiY0sii9qSUAxU1eCoJHQsBNJrKAQRMH_Vj","commandMetadata":{"webCommandMetadata":{"url":"/@tipsofficial","webPageType":"WEB_PAGE_TYPE_CHANNEL","rootVe":3611,"apiUrl":"/youtubei/v1/browse"}},"browseEndpoint":{"browseId":"UCJrDMFOdv1I2k8n9oK_V21w","canonicalBaseUrl":"/@tipsofficial"}},"accessibility":{"accessibilityData":{"label":"Go to channel Tips Official"}}}},"thumbnailOverlays":[{"thumbnailOverlayTimeStatusRenderer":{"text":{"accessibility":{"accessibilityData":{"label":"4 minutes, 59 seconds"}},"simpleText":"4:59"},"style":"DEFAULT","icon":{"iconType":"MUSIC"}}},{"thumbnailOverlayToggleButtonRenderer":{"isToggled":false,"untoggledIcon":{"iconType":"WATCH_LATER"},"toggledIcon":{"iconType":"CHECK"},"untoggledTooltip":"Watch Later","toggledTooltip":"Added","untoggledServiceEndpoint":{"clickTrackingParams":"CMwBEPnnAxgDIhMImNLIovaklAMVNXgqCR0LATSaygEETB_1Yw==","commandMetadata":{"webCommandMetadata":{"sendPost":true,"apiUrl":"/youtubei/v1/browse/edit_playlist"}},"playlistEditEndpoint":{"playlistId":"WL","actions":[{"addedVideoId":"rTuxUAuJRyY","action":"ACTION_ADD_VIDEO"}]}},"toggledServiceEndpoint":{"clickTrackingParams":"CMwBEPnnAxgDIhMImNLIovaklAMVNXgqCR0LATSaygEETB_1Yw==","commandMetadata":{"webCommandMetadata":{"sendPost":true,"apiUrl":"/youtubei/v1/browse/edit_playlist"}},"playlistEditEndpoint":{"playlistId":"WL","actions":[{"action":"ACTION_REMOVE_VIDEO_BY_VIDEO_ID","removedVideoId":"rTuxUAuJRyY"}]}},"untoggledAccessibility":{"accessibilityData":{"label":"Watch Later"}},"toggledAccessibility":{"accessibilityData":{"label":"Added"}},"trackingParams":"CMwBEPnnAxgDIhMImNLIovaklAMVNXgqCR0LATSa"}},{"thumbnailOverlayToggleButtonRenderer":{"untoggledIcon":{"iconType":"ADD_TO_QUEUE_TAIL"},"toggledIcon":{"iconType":"PLAYLIST_ADD_CHECK"},"untoggledTooltip":"Add to queue","toggledTooltip":"Added","untoggledServiceEndpoint":{"clickTrackingParams":"CMsBEMfsBBgEIhMImNLIovaklAMVNXgqCR0LATSaygEETB_1Yw==","commandMetadata":{"webCommandMetadata":{"sendPost":true}},"signalServiceEndpoint":{"signal":"CLIENT_SIGNAL","actions":[{"clickTrackingParams":"CMsBEMfsBBgEIhMImNLIovaklAMVNXgqCR0LATSaygEETB_1Yw==","addToPlaylistCommand":{"openMiniplayer":true,"videoId":"rTuxUAuJRyY","listType":"PLAYLIST_EDIT_LIST_TYPE_QUEUE","onCreateListCommand":{"clickTrackingParams":"CMsBEMfsBBgEIhMImNLIovaklAMVNXgqCR0LATSaygEETB_1Yw==","commandMetadata":{"webCommandMetadata":{"sendPost":true,"apiUrl":"/youtubei/v1/playlist/create"}},"createPlaylistServiceEndpoint":{"videoIds":["rTuxUAuJRyY"],"params":"CAQ%3D"}},"videoIds":["rTuxUAuJRyY"]}}]}},"untoggledAccessibility":{"accessibilityData":{"label":"Add to queue"}},"toggledAccessibility":{"accessibilityData":{"label":"Added"}},"trackingParams":"CMsBEMfsBBgEIhMImNLIovaklAMVNXgqCR0LATSa"}},{"thumbnailOverlayNowPlayingRenderer":{"text":{"runs":[{"text":"Now playing"}]}}},{"thumbnailOverlayLoadingPreviewRenderer":{"text":{"runs":[{"text":"Keep hovering to play"}]}}}],"detailedMetadataSnippets":[{"snippetText":{"runs":[{"text":"\""},{"text":"Tera","bold":true},{"text":" Hone Laga Hoon\" from the movie \"Ajab Prem Ki Ghazab Kahani\" is a heartwarming romantic song that beautifully captures ..."}]},"snippetHoverText":{"runs":[{"text":"From the video description"}]},"maxOneLine":false}],"inlinePlaybackEndpoint":{"clickTrackingParams":"CMoBENwwGAYiEwiY0sii9qSUAxU1eCoJHQsBNJoyBnNlYXJjaFIEdGVyYZoBAxD0JMoBBEwf9WM=","commandMetadata":{"webCommandMetadata":{"url":"/watch?v=rTuxUAuJRyY&pp=YAHIAQGiBhUBhL130xlLUbXd8oTfpre9Jf5yc34%3D","webPageType":"WEB_PAGE_TYPE_WATCH","rootVe":38
1778079488.789 10430   567   710 I OkHttp  : 32}},"watchEndpoint":{"videoId":"rTuxUAuJRyY","params":"qgMEdGVyYboDCwiyrszg0ZmKgt4BugMLCLbcvYfr7MHO0AG6AwsIqrHek_icy-rMAboDCgjCrfOUvIP-sQm6AwoI7MOVg7KEwtZ4ugMKCKzJvLrr1c-uBboDCwjTiMfr4q7x-IsBugMKCJjHua3ilrmfM7oDCgir36Pohafd6yq6AwsIuvi53u6u9tLcAboDCwjzqa_dobyVwfsBugMLCMLrkqap2ODxxAG6AwoI8L29nKmc46ggugMLCOKkqO3qubzQlQG6AwoI5q-d5KW91qo5ugMKCI_wzey9tKD8cLoDCwiQ1rHMscr_15kBugMKCIrK-671s77uQfIDBQ1fAR0_","playerParams":"YAHIAQGiBhUBhL130xlLUbXd8oTfpre9Jf5yc34%3D","playerExtraUrlParams":[{"key":"inline","value":"1"}],"watchEndpointSupportedOnesieConfig":{"html5PlaybackOnesieConfig":{"commonConfig":{"url":"https://rr1---sn-h4upouxgoxu-gq2e.googlevideo.com/initplayback?source=youtube&oeis=1&c=WEB&oad=3200&ovd=3200&oaad=11000&oavd=11000&ocs=700&oewis=1&oputc=1&ofpcc=1&msp=1&odepv=1&oreouc=1&id=ad3bb1500b894726&ip=103.220.88.42&initcwndbps=947500&mt=1778078969&oweuc="}}}}},"searchVideoResultEntityKey":"EgtyVHV4VUF1SlJ5WSDnAigB","avatar":{"decoratedAvatarViewModel":{"avatar":{"avatarViewModel":{"image":{"sources":[{"url":"https://yt3.ggpht.com/zSQrmF-U4JwDv9QalTMOuEEWjGDjM9LvNgahKGGks6WKhe6XEOFf2C4ErQ-1-J9o2wFrHtIw5A=s68-c-k-c0x00ffffff-no-rj","width":68,"height":68}]},"avatarImageSize":"AVATAR_SIZE_M"}},"a11yLabel":"Go to channel Tips Official","rendererContext":{"commandContext":{"onTap":{"innertubeCommand":{"clickTrackingParams":"CMoBENwwGAYiEwiY0sii9qSUAxU1eCoJHQsBNJrKAQRMH_Vj","commandMetadata":{"webCommandMetadata":{"url":"/@tipsofficial","webPageType":"WEB_PAGE_TYPE_CHANNEL","rootVe":3611,"apiUrl":"/youtubei/v1/browse"}},"browseEndpoint":{"browseId":"UCJrDMFOdv1I2k8n9oK_V21w","canonicalBaseUrl":"/@tipsofficial"}}}}}}}}},{"videoRenderer":{"videoId":"BV0-rrdPJKw","thumbnail":{"thumbnails":[{"url":"https://i.ytimg.com/vi/BV0-rrdPJKw/hq720.jpg?sqp=-oaymwEjCOgCEMoBSFryq4qpAxUIARUAAAAAGAElAADIQj0AgKJDeAE=&rs=AOn4CLCn9ZYbmret74bB00eSyvxEFhV8Yw","width":360,"height":202},{"url":"https://i.ytimg.com/vi/BV0-rrdPJKw/hq720.jpg?sqp=-oaymwEXCNAFEJQDSFryq4qpAwkIARUAAIhCGAE=&rs=AOn4CLCvyDqVHzDuG2xeHETbDJ9o6e1Tqg","width":720,"height":404}]},"title":{"runs":[{"text":"तेरा मेरा प्यार अमर | Tera Mera Pyar Amar | Asli Naqli | Lata Mangeshkar | Evergreen Hindi Songs"}],"accessibility":{"accessibilityData":{"label":"तेरा मेरा प्यार अमर | Tera Mera Pyar Amar | Asli Naqli | Lata Mangeshkar | Evergreen Hindi Songs 3 minutes, 55 seconds"}}},"longBylineText":{"runs":[{"text":"Shemaroo Filmi Gaane","navigationEndpoint":{"clickTrackingParams":"CMUBENwwGAciEwiY0sii9qSUAxU1eCoJHQsBNJrKAQRMH_Vj","commandMetadata":{"webCommandMetadata":{"url":"/@filmigaane","webPageType":"WEB_PAGE_TYPE_CHANNEL","rootVe":3611,"apiUrl":"/youtubei/v1/browse"}},"browseEndpoint":{"browseId":"UCP6uH_XlsxrXwZQ4DlqbqPg","canonicalBaseUrl":"/@filmigaane"}}}]},"publishedTimeText":{"simpleText":"14 years ago"},"lengthText":{"accessibility":{"accessibilityData":{"label":"3 minutes, 55 seconds"}},"simpleText":"3:55"},"viewCountText":{"simpleText":"100,614,932 views"},"navigationEndpoint":{"clickTrackingParams":"CMUBENwwGAciEwiY0sii9qSUAxU1eCoJHQsBNJoyBnNlYXJjaFIEdGVyYZoBAxD0JMoBBEwf9WM=","commandMetadata":{"webCommandMetadata":{"url":"/watch?v=BV0-rrdPJKw&list=RDBV0-rrdPJKw&start_radio=1&pp=ygUEdGVyYaAHAQ%3D%3D","webPageType":"WEB_PAGE_TYPE_WATCH","rootVe":3832}},"watchEndpoint":{"videoId":"BV0-rrdPJKw","playlistId":"RDBV0-rrdPJKw","params":"OAHAAQGqAwR0ZXJhugMLCLKuzODRmYqC3gG6AwsItty9h-vswc7QAboDCwiqsd6T-JzL6swBugMKCMKt85S8g_6xCboDCgjsw5WDsoTC1ni6AwsIpo6l3ICq7J2tAboDCwjTiMfr4q7x-IsBugMKCJjHua3ilrmfM7oDCgir36Pohafd6yq6AwsIuvi53u6u9tLcAboDCwjzqa_dobyVwfsBugMLCMLrkqap2ODxxAG6AwoI8L29nKmc46ggugMLCOKkqO3qubzQlQG6AwoI5q-d5KW91qo5ugMKCI_wzey9tKD8cLoDCwiQ1rHMscr_15kBugMKCIrK-671s77uQfIDBQ1fAR0_uAUB","playerParams":"ygUEdGVyYaAHAQ%3D%3D","loggingContext":{"vssLoggingContext":{"serializedContextData":"Gg1SREJWMC1ycmRQSkt3"}},"watchEndpointSupportedOnesieConfig":{"html5PlaybackOnesieConfig":{"commonConfig":{"url":"https://rr1---sn-h4upouxgoxu-gq2e.googlevideo.com/initplayback?source=youtube&oeis=1&
1778079488.789 10430   567   710 I OkHttp  : 0&oavd=11000&ocs=700&oewis=1&oputc=1&ofpcc=1&msp=1&odepv=1&oreouc=1&id=055d3eaeb74f24ac&ip=103.220.88.42&initcwndbps=947500&mt=1778078969&oweuc="}}}}},"ownerBadges":[{"metadataBadgeRenderer":{"icon":{"iconType":"CHECK_CIRCLE_THICK"},"style":"BADGE_STYLE_TYPE_VERIFIED","tooltip":"Verified","trackingParams":"CMUBENwwGAciEwiY0sii9qSUAxU1eCoJHQsBNJo=","accessibilityData":{"label":"Verified"}}}],"ownerText":{"runs":[{"text":"Shemaroo Filmi Gaane","navigationEndpoint":{"clickTrackingParams":"CMUBENwwGAciEwiY0sii9qSUAxU1eCoJHQsBNJrKAQRMH_Vj","commandMetadata":{"webCommandMetadata":{"url":"/@filmigaane","webPageType":"WEB_PAGE_TYPE_CHANNEL","rootVe":3611,"apiUrl":"/youtubei/v1/browse"}},"browseEndpoint":{"browseId":"UCP6uH_XlsxrXwZQ4DlqbqPg","canonicalBaseUrl":"/@filmigaane"}}}]},"shortBylineText":{"runs":[{"text":"Shemaroo Filmi Gaane","navigationEndpoint":{"clickTrackingParams":"CMUBENwwGAciEwiY0sii9qSUAxU1eCoJHQsBNJrKAQRMH_Vj","commandMetadata":{"webCommandMetadata":{"url":"/@filmigaane","webPageType":"WEB_PAGE_TYPE_CHANNEL","rootVe":3611,"apiUrl":"/youtubei/v1/browse"}},"browseEndpoint":{"browseId":"UCP6uH_XlsxrXwZQ4DlqbqPg","canonicalBaseUrl":"/@filmigaane"}}}]},"trackingParams":"CMUBENwwGAciEwiY0sii9qSUAxU1eCoJHQsBNJpArMm8uuvVz64F","showActionMenu":false,"shortViewCountText":{"accessibility":{"accessibilityData":{"label":"100 million views"}},"simpleText":"100m views"},"menu":{"menuRenderer":{"items":[{"menuServiceItemRenderer":{"text":{"runs":[{"text":"Add to queue"}]},"icon":{"iconType":"ADD_TO_QUEUE_TAIL"},"serviceEndpoint":{"clickTrackingParams":"CMkBEP6YBBgPIhMImNLIovaklAMVNXgqCR0LATSaygEETB_1Yw==","commandMetadata":{"webCommandMetadata":{"sendPost":true}},"signalServiceEndpoint":{"signal":"CLIENT_SIGNAL","actions":[{"clickTrackingParams":"CMkBEP6YBBgPIhMImNLIovaklAMVNXgqCR0LATSaygEETB_1Yw==","addToPlaylistCommand":{"openMiniplayer":true,"videoId":"BV0-rrdPJKw","listType":"PLAYLIST_EDIT_LIST_TYPE_QUEUE","onCreateListCommand":{"clickTrackingParams":"CMkBEP6YBBgPIhMImNLIovaklAMVNXgqCR0LATSaygEETB_1Yw==","commandMetadata":{"webCommandMetadata":{"sendPost":true,"apiUrl":"/youtubei/v1/playlist/create"}},"createPlaylistServiceEndpoint":{"videoIds":["BV0-rrdPJKw"],"params":"CAQ%3D"}},"videoIds":["BV0-rrdPJKw"],"videoCommand":{"clickTrackingParams":"CMkBEP6YBBgPIhMImNLIovaklAMVNXgqCR0LATSaygEETB_1Yw==","commandMetadata":{"webCommandMetadata":{"url":"/watch?v=BV0-rrdPJKw","webPageType":"WEB_PAGE_TYPE_WATCH","rootVe":3832}},"watchEndpoint":{"videoId":"BV0-rrdPJKw","watchEndpointSupportedOnesieConfig":{"html5PlaybackOnesieConfig":{"commonConfig":{"url":"https://rr1---sn-h4upouxgoxu-gq2e.googlevideo.com/initplayback?source=youtube&oeis=1&c=WEB&oad=3200&ovd=3200&oaad=11000&oavd=11000&ocs=700&oewis=1&oputc=1&ofpcc=1&msp=1&odepv=1&oreouc=1&id=055d3eaeb74f24ac&ip=103.220.88.42&initcwndbps=947500&mt=1778078969&oweuc="}}}}}}}]}},"trackingParams":"CMkBEP6YBBgPIhMImNLIovaklAMVNXgqCR0LATSa"}},{"menuServiceItemRenderer":{"text":{"runs":[{"text":"Share"}]},"icon":{"iconType":"SHARE"},"serviceEndpoint":{"clickTrackingParams":"CMUBENwwGAciEwiY0sii9qSUAxU1eCoJHQsBNJrKAQRMH_Vj","commandMetadata":{"webCommandMetadata":{"sendPost":true,"apiUrl":"/youtubei/v1/share/get_share_panel"}},"shareEntityServiceEndpoint":{"serializedShareEntity":"CgtCVjAtcnJkUEpLdw%3D%3D","commands":[{"clickTrackingParams":"CMUBENwwGAciEwiY0sii9qSUAxU1eCoJHQsBNJrKAQRMH_Vj","openPopupAction":{"popup":{"unifiedSharePanelRenderer":{"trackingParams":"CMgBEI5iIhMImNLIovaklAMVNXgqCR0LATSa","showLoadingSpinner":true}},"popupType":"DIALOG","beReused":true}}]}},"trackingParams":"CMUBENwwGAciEwiY0sii9qSUAxU1eCoJHQsBNJo=","hasSeparator":true}}],"trackingParams":"CMUBENwwGAciEwiY0sii9qSUAxU1eCoJHQsBNJo=","accessibility":{"accessibilityData":{"label":"Action menu"}}}},"channelThumbnailSupportedRenderers":{"channelThumbnailWithLinkRenderer":{"thumbnail":{"thumbnails":[{"url":"https://yt3.ggpht.com/kjtZtA7VdnPHCfZ3UYqxhYF5zV7sVFoDcmA8TNHoXH6BIx8yTDllqEvICbIiws_TLws80S2L9PQ=s68-c-k-c0x00ffffff-no-rj","width":68,"height":6
1778079488.789 10430   567   710 I OkHttp  : 8}]},"navigationEndpoint":{"clickTrackingParams":"CMUBENwwGAciEwiY0sii9qSUAxU1eCoJHQsBNJrKAQRMH_Vj","commandMetadata":{"webCommandMetadata":{"url":"/@filmigaane","webPageType":"WEB_PAGE_TYPE_CHANNEL","rootVe":3611,"apiUrl":"/youtubei/v1/browse"}},"browseEndpoint":{"browseId":"UCP6uH_XlsxrXwZQ4DlqbqPg","canonicalBaseUrl":"/@filmigaane"}},"accessibility":{"accessibilityData":{"label":"Go to channel Shemaroo Filmi Gaane"}}}},"thumbnailOverlays":[{"thumbnailOverlayTimeStatusRenderer":{"text":{"accessibility":{"accessibilityData":{"label":"3 minutes, 55 seconds"}},"simpleText":"3:55"},"style":"DEFAULT","icon":{"iconType":"MUSIC"}}},{"thumbnailOverlayToggleButtonRenderer":{"isToggled":false,"untoggledIcon":{"iconType":"WATCH_LATER"},"toggledIcon":{"iconType":"CHECK"},"untoggledTooltip":"Watch Later","toggledTooltip":"Added","untoggledServiceEndpoint":{"clickTrackingParams":"CMcBEPnnAxgCIhMImNLIovaklAMVNXgqCR0LATSaygEETB_1Yw==","commandMetadata":{"webCommandMetadata":{"sendPost":true,"apiUrl":"/youtubei/v1/browse/edit_playlist"}},"playlistEditEndpoint":{"playlistId":"WL","actions":[{"addedVideoId":"BV0-rrdPJKw","action":"ACTION_ADD_VIDEO"}]}},"toggledServiceEndpoint":{"clickTrackingParams":"CMcBEPnnAxgCIhMImNLIovaklAMVNXgqCR0LATSaygEETB_1Yw==","commandMetadata":{"webCommandMetadata":{"sendPost":true,"apiUrl":"/youtubei/v1/browse/edit_playlist"}},"playlistEditEndpoint":{"playlistId":"WL","actions":[{"action":"ACTION_REMOVE_VIDEO_BY_VIDEO_ID","removedVideoId":"BV0-rrdPJKw"}]}},"untoggledAccessibility":{"accessibilityData":{"label":"Watch Later"}},"toggledAccessibility":{"accessibilityData":{"label":"Added"}},"trackingParams":"CMcBEPnnAxgCIhMImNLIovaklAMVNXgqCR0LATSa"}},{"thumbnailOverlayToggleButtonRenderer":{"untoggledIcon":{"iconType":"ADD_TO_QUEUE_TAIL"},"toggledIcon":{"iconType":"PLAYLIST_ADD_CHECK"},"untoggledTooltip":"Add to queue","toggledTooltip":"Added","untoggledServiceEndpoint":{"clickTrackingParams":"CMYBEMfsBBgDIhMImNLIovaklAMVNXgqCR0LATSaygEETB_1Yw==","commandMetadata":{"webCommandMetadata":{"sendPost":true}},"signalServiceEndpoint":{"signal":"CLIENT_SIGNAL","actions":[{"clickTrackingParams":"CMYBEMfsBBgDIhMImNLIovaklAMVNXgqCR0LATSaygEETB_1Yw==","addToPlaylistCommand":{"openMiniplayer":true,"videoId":"BV0-rrdPJKw","listType":"PLAYLIST_EDIT_LIST_TYPE_QUEUE","onCreateListCommand":{"clickTrackingParams":"CMYBEMfsBBgDIhMImNLIovaklAMVNXgqCR0LATSaygEETB_1Yw==","commandMetadata":{"webCommandMetadata":{"sendPost":true,"apiUrl":"/youtubei/v1/playlist/create"}},"createPlaylistServiceEndpoint":{"videoIds":["BV0-rrdPJKw"],"params":"CAQ%3D"}},"videoIds":["BV0-rrdPJKw"]}}]}},"untoggledAccessibility":{"accessibilityData":{"label":"Add to queue"}},"toggledAccessibility":{"accessibilityData":{"label":"Added"}},"trackingParams":"CMYBEMfsBBgDIhMImNLIovaklAMVNXgqCR0LATSa"}},{"thumbnailOverlayNowPlayingRenderer":{"text":{"runs":[{"text":"Now playing"}]}}},{"thumbnailOverlayLoadingPreviewRenderer":{"text":{"runs":[{"text":"Keep hovering to play"}]}}}],"detailedMetadataSnippets":[{"snippetText":{"runs":[{"text":"Movie: Asli Naqli (1962) Song: "},{"text":"Tera","bold":true},{"text":" Mera Pyar Amar Starcast: Dev Anand, Sadhana, Nazir Hussain, Leela Chitnis, Sandhya Roy, ..."}]},"snippetHoverText":{"runs":[{"text":"From the video description"}]},"maxOneLine":false}],"inlinePlaybackEndpoint":{"clickTrackingParams":"CMUBENwwGAciEwiY0sii9qSUAxU1eCoJHQsBNJoyBnNlYXJjaFIEdGVyYZoBAxD0JMoBBEwf9WM=","commandMetadata":{"webCommandMetadata":{"url":"/watch?v=BV0-rrdPJKw&pp=YAHIAQGiBhUBhL1300IqioW7GD3C8hhECHtBKbw%3D","webPageType":"WEB_PAGE_TYPE_WATCH","rootVe":3832}},"watchEndpoint":{"videoId":"BV0-rrdPJKw","params":"qgMEdGVyYboDCwiyrszg0ZmKgt4BugMLCLbcvYfr7MHO0AG6AwsIqrHek_icy-rMAboDCgjCrfOUvIP-sQm6AwoI7MOVg7KEwtZ4ugMLCKaOpdyAquydrQG6AwsI04jH6-Ku8fiLAboDCgiYx7mt4pa5nzO6AwoIq9-j6IWn3esqugMLCLr4ud7urvbS3AG6AwsI86mv3aG8lcH7AboDCwjC65Kmqdjg8cQBugMKCPC9vZypnOOoILoDCwjipKjt6rm80JUBugMKCOavneSlvdaqOboDCgiP8M3svbSg_HC6AwsIkNaxzLHK_9eZAboDCgiKyvuu9bO-7kHyAwUNXwEdPw%3D%3D","playerParams":"YAHIA
1778079488.790 10430   567   710 I OkHttp  : EETB_1Yw==","commandMetadata":{"webCommandMetadata":{"sendPost":true}},"signalServiceEndpoint":{"signal":"CLIENT_SIGNAL","actions":[{"clickTrackingParams":"CLgBEP6YBBgCIhMImNLIovaklAMVNXgqCR0LATSaygEETB_1Yw==","addToPlaylistCommand":{"openMiniplayer":true,"videoId":"hmc9CEXV6ds","listType":"PLAYLIST_EDIT_LIST_TYPE_QUEUE","onCreateListCommand":{"clickTrackingParams":"CLgBEP6YBBgCIhMImNLIovaklAMVNXgqCR0LATSaygEETB_1Yw==","commandMetadata":{"webCommandMetadata":{"sendPost":true,"apiUrl":"/youtubei/v1/playlist/create"}},"createPlaylistServiceEndpoint":{"videoIds":["hmc9CEXV6ds"],"params":"CAQ%3D"}},"videoIds":["hmc9CEXV6ds"],"videoCommand":{"clickTrackingParams":"CLgBEP6YBBgCIhMImNLIovaklAMVNXgqCR0LATSaygEETB_1Yw==","commandMetadata":{"webCommandMetadata":{"url":"/watch?v=hmc9CEXV6ds","webPageType":"WEB_PAGE_TYPE_WATCH","rootVe":3832}},"watchEndpoint":{"videoId":"hmc9CEXV6ds","watchEndpointSupportedOnesieConfig":{"html5PlaybackOnesieConfig":{"commonConfig":{"url":"https://rr2---sn-h4upouxgoxu-gq2e.googlevideo.com/initplayback?source=youtube&oeis=1&c=WEB&oad=3200&ovd=3200&oaad=11000&oavd=11000&ocs=700&oewis=1&oputc=1&ofpcc=1&msp=1&odepv=1&oreouc=1&id=86673d0845d5e9db&ip=103.220.88.42&initcwndbps=947500&mt=1778078969&oweuc="}}}}}}}]}}}}}}},{"listItemViewModel":{"title":{"content":"Send feedback"},"leadingImage":{"sources":[{"clientResource":{"imageName":"FEEDBACK"}}]},"rendererContext":{"commandContext":{"onTap":{"innertubeCommand":{"clickTrackingParams":"CLcBEIf2BBgCIhMImNLIovaklAMVNXgqCR0LATSaygEETB_1Yw==","commandMetadata":{"webCommandMetadata":{"ignoreNavigation":true}},"userFeedbackEndpoint":{"additionalDatas":[{"userFeedbackEndpointProductSpecificValueData":{"key":"video_id","value":"hmc9CEXV6ds"}},{"userFeedbackEndpointProductSpecificValueData":{"key":"lockup","value":"shelf"}}]}}}}}}}]}}}}}}}},"indexInCollection":0,"menuOnTapA11yLabel":"More actions","overlayMetadata":{"primaryText":{"content":"Main Tera Song | Status Video | Lyrics Video |#shorts #ytshorts #trending #songs"},"secondaryText":{"content":"661k views"}},"thumbnailViewModel":{"thumbnailViewModel":{"image":{"sources":[{"url":"https://i.ytimg.com/vi/hmc9CEXV6ds/oardefault.jpg?sqp=-oaymwEkCJUDENAFSFqQAgHyq4qpAxMIARUAAAAAJQAAyEI9AICiQ3gB&rs=AOn4CLBaXl5tfPaviup1cqrfjPCax2KqmQ&usqp=CCk","width":405,"height":720},{"url":"https://i.ytimg.com/vi/hmc9CEXV6ds/oardefault.jpg?sqp=-oaymwEnCJUDEOAESFqQAgHyq4qpAxYIARUAAAAAJQAAyEI9AICiQ3gByAEB&rs=AOn4CLC1hIeqyBPGGN5gv2PcpW14wS9wOQ&usqp=CCk","width":405,"height":608}]}}},"stackedFrameData":{},"titleTruncationStyle":"SHORTS_LOCKUP_TITLE_TRUNCATION_STYLE_UNKNOWN","loggingDirectives":{"trackingParams":"CLcBEIf2BBgCIhMImNLIovaklAMVNXgqCR0LATSa","visibility":{"types":"12"}}}},{"shortsLockupViewModel":{"entityId":"shorts-shelf-item-WRi8V-FoSWA","accessibilityText":"Tera chehra jab Nazar aaye 😭❤️//Who did the best Simpal kharel 🆚 Daizy aizy #comparekaro86 #shorts, 5 million views – play Short","onTap":{"innertubeCommand":{"clickTrackingParams":"CLMBEIf2BBgDIhMImNLIovaklAMVNXgqCR0LATSaUgR0ZXJhmgEFCDIQ9CTKAQRMH_Vj","commandMetadata":{"webCommandMetadata":{"url":"/shorts/WRi8V-FoSWA","webPageType":"WEB_PAGE_TYPE_SHORTS","rootVe":37414}},"reelWatchEndpoint":{"videoId":"WRi8V-FoSWA","playerParams":"8AEByAMyuAQUogYVAYS9d9NQsL6l_ihmOWaGxvs2vyZvkAcC","thumbnail":{"thumbnails":[{"url":"https://i.ytimg.com/vi/WRi8V-FoSWA/frame0.jpg","width":1080,"height":1920}],"isOriginalAspectRatio":true},"overlay":{"reelPlayerOverlayRenderer":{"style":"REEL_PLAYER_OVERLAY_STYLE_SHORTS","trackingParams":"CLYBELC1BCITCJjSyKL2pJQDFTV4KgkdCwE0mg==","reelPlayerNavigationModel":"REEL_PLAYER_NAVIGATION_MODEL_UNSPECIFIED"}},"params":"CBQwAkoOCgYiBHRlcmESBHRlcmG6ARhVQ3lpMjQyQzBlR1ZJUFUwbTc1RnEzVUE%3D","sequenceProvider":"REEL_WATCH_SEQUENCE_PROVIDER_RPC","sequenceParams":"CgtXUmk4Vi1Gb1NXQSruBAoNCgswVEFPajVYOXo3ZwoNCgs0SDhQRWc0c2tsRQoNCgtpOV9lSGJTd0RubwoNCgtTcEtIM0M1Uk9iUQoNCgs0c3VjTi1VRGV2UQoNCgs3VHJ0MHhOOHBQYwoNCgtKb3Q3eUJVRGw3cwoNCgs0dVZZNDRkeDhiZwoNCgtMbjdrZDVGd0FxZwoNCgtFdG5sMkhyOVNUawoNCg
1778079488.790 10430   567   710 I OkHttp  : s3dXVxTTlucExHRQoNCgt3UG1ySzgtb2ZWOAoNCgtUQnVBSWlRc0FWYwoNCgtkTWw5Zld5NmUyVQoNCgtoQWdFa2QtQ3NjNAoNCgtkdm0weUZzZWgyUQoNCgt2UlhRdjFFNU5tcwoNCgtWZjdKcUVrRm82RQoNCgtLVUtReVo3LWhucwoNCgt5WmdkOWMyM2FqSQoNCgsyM1d6N3RBVzVDTQoNCgtiZ0ZTUDJHdVRIVQoNCgszUkt3c19nVGs4NAoNCgtXTDNuYXhmRVB4TQoNCgtzeFFMTExRQTMzawoNCgs5eXREZVJCMk1UZwoNCgtuejdlaGhHUE9fNAoNCgtGSEFfTlVLblBSTQoNCgstV2d0UktGSFQyMAoNCgtsWjNPa2J4X2tFMAoNCgswNHlhcHI4NVhIUQoNCgtSd3JrWVBvWEd0cwoNCgtDdlpJbXZ6Y0JScwoNCgtiQnhocENiOVpHRQoNCgtpc21IcFZ4elhOdwoNCgtHVjJEcDBFcWVjQQoNCgtxd3A2MnZ4cTVHWQoNCgtna1BLcG95ckRFZwoNCgtINTYtNElEMXc5NAoNCgtUVWJTcW1YUTkzdxADGBQiDgoGIgR0ZXJhEgR0ZXJhMAFwZIABAaoBBggHGgIYANoBoAQKBHRlcmESCGVuLUdCLUdCGo0ECoAEAACLPAAAW74AAKq9AADHvAAAdb4AAPi9AABLvgAA9zwAAI-9AAB4vgAA3D0AAHA9AAArPAAACT0AACK9AADTPAAAr7sAAPw8AACaPQAAiz0AAIg9AAAaPgAAqj0AAL69AACcPQAAQL4AAAi9AACtPQAAYr0AACy-AABLPgAAO70AABm8AAAaPQAAZzwAAJa9AACcvQAAwTwAAHy7AAAcvQAAXz0AAPo8AACXPAAAmrwAADS9AACIOgAAvz0AAAy9AAAwvQAAUj0AANW8AACQPQAALD0AALo9AAB-PQAAgrsAAH49AABAPgAAUD0AAFI9AAAOPAAAeL0AAMu7AADFPQAAor0AAHg8AABMPgAAbjwAAHC9AAD1PQAA870AAJA9AAC6uwAAGT4AAAI9AAC-vAAAND0AALg9AADOOwAA2T0AAPi9AADcuwAAyL0AANC7AACavQAAmD0AAJm9AAAQvgAAtTwAAKw8AAALvQAAvzsAAGW9AAC0vQAA3jwAABM9AAClvQAA0b0AABw9AAD-vAAAtr0AAD29AAADvQAAHr0AAKk9AACbPQAAvT0AAH69AADDPQAAJL4AAMg9AACtvQAAYj0AALI8AACGPQAAAbwAAGW-AABeugAAv70AAJ68AACpPQAAFD4AAFq9AADuvQAArL0AAOo9AAC_vQAAtz0YNiACQgQIABAB","loggingContext":{"vssLoggingContext":{"serializedContextData":"CgIIDA%3D%3D"},"qoeLoggingContext":{"serializedContextData":"CgIIDA%3D%3D"}},"ustreamerConfig":"CAw=","accessibilityRenderer":{"reelWatchAccessibilityRenderer":{"enablePlayPauseA11yButton":true,"loggingDirectives":{"trackingParams":"CLUBENjLDiITCJjSyKL2pJQDFTV4KgkdCwE0mg==","visibility":{"types":"4"}}}}}}},"inlinePlayerData":{"onVisible":{"innertubeCommand":{"clickTrackingParams":"CLMBEIf2BBgDIhMImNLIovaklAMVNXgqCR0LATSaMgZzZWFyY2hSBHRlcmGaAQUIMhD0JMoBBEwf9WM=","commandMetadata":{"webCommandMetadata":{"url":"/watch?v=WRi8V-FoSWA&pp=YAHIAQHwAQG6AwIYAugFAaIGFQGEvXfTTPx56Ffp6CEUjXhW5gL3ypAHAg%3D%3D","webPageType":"WEB_PAGE_TYPE_WATCH","rootVe":3832}},"watchEndpoint":{"videoId":"WRi8V-FoSWA","playerParams":"YAHIAQHwAQG6AwIYAugFAaIGFQGEvXfTTPx56Ffp6CEUjXhW5gL3ypAHAg%3D%3D","playerExtraUrlParams":[{"key":"inline","value":"1"}],"watchEndpointSupportedOnesieConfig":{"html5PlaybackOnesieConfig":{"commonConfig":{"url":"https://rr1---sn-h4upouxgoxu-gq2e.googlevideo.com/initplayback?source=youtube&oeis=1&c=WEB&oad=3200&ovd=3200&oaad=11000&oavd=11000&ocs=700&oewis=1&oputc=1&ofpcc=1&msp=1&odepv=1&oreouc=1&id=5918bc57e1684960&ip=103.220.88.42&initcwndbps=947500&mt=1778078969&oweuc="}}}}}},"maxPlaybackLengthSec":0,"enableAudioControl":true},"menuOnTap":{"innertubeCommand":{"clickTrackingParams":"CLMBEIf2BBgDIhMImNLIovaklAMVNXgqCR0LATSaygEETB_1Yw==","showSheetCommand":{"panelLoadingStrategy":{"inlineContent":{"sheetViewModel":{"content":{"listViewModel":{"listItems":[{"listItemViewModel":{"title":{"content":"Add to queue"},"leadingImage":{"sources":[{"clientResource":{"imageName":"ADD_TO_QUEUE_TAIL"}}]},"rendererContext":{"loggingContext":{"loggingDirectives":{"trackingParams":"CLQBEP6YBBgCIhMImNLIovaklAMVNXgqCR0LATSa","visibility":{"types":"12"}}},"commandContext":{"onTap":{"innertubeCommand":{"clickTrackingParams":"CLQBEP6YBBgCIhMImNLIovaklAMVNXgqCR0LATSaygEETB_1Yw==","commandMetadata":{"webCommandMetadata":{"sendPost":true}},"signalServiceEndpoint":{"signal":"CLIENT_SIGNAL","actions":[{"clickTrackingParams":"CLQBEP6YBBgCIhMImNLIovaklAMVNXgqCR0LATSaygEETB_1Yw==","addToPlaylistCommand":{"openMiniplayer":true,"videoId":"WRi8V-FoSWA","listType":"PLAYLIST_EDIT_LIST_TYPE_QUEUE","onCreateListCommand":{"clickTrackingParams":"CLQBEP6YBBgCIhMImNLIovaklAMVNXgqCR0LATSaygEETB_1Yw==","commandMetadata":{"webCommandMetadata":{"sendPost":true,"apiUrl":"/youtubei/v1/playlist/create"}},"createPlaylistServiceEndpoint":{"videoIds":["WRi8V-FoSWA"],"params":"CAQ%3D"}},"videoIds":["WRi8V-FoSWA"],"videoCommand":{"clickTrackingParams":"CLQBEP6YBBgCIhMImNLIovaklAMVNXgqCR0LATSaygEETB
1778079488.790 10430   567   710 I OkHttp  : _1Yw==","commandMetadata":{"webCommandMetadata":{"url":"/watch?v=WRi8V-FoSWA","webPageType":"WEB_PAGE_TYPE_WATCH","rootVe":3832}},"watchEndpoint":{"videoId":"WRi8V-FoSWA","watchEndpointSupportedOnesieConfig":{"html5PlaybackOnesieConfig":{"commonConfig":{"url":"https://rr1---sn-h4upouxgoxu-gq2e.googlevideo.com/initplayback?source=youtube&oeis=1&c=WEB&oad=3200&ovd=3200&oaad=11000&oavd=11000&ocs=700&oewis=1&oputc=1&ofpcc=1&msp=1&odepv=1&oreouc=1&id=5918bc57e1684960&ip=103.220.88.42&initcwndbps=947500&mt=1778078969&oweuc="}}}}}}}]}}}}}}},{"listItemViewModel":{"title":{"content":"Send feedback"},"leadingImage":{"sources":[{"clientResource":{"imageName":"FEEDBACK"}}]},"rendererContext":{"commandContext":{"onTap":{"innertubeCommand":{"clickTrackingParams":"CLMBEIf2BBgDIhMImNLIovaklAMVNXgqCR0LATSaygEETB_1Yw==","commandMetadata":{"webCommandMetadata":{"ignoreNavigation":true}},"userFeedbackEndpoint":{"additionalDatas":[{"userFeedbackEndpointProductSpecificValueData":{"key":"video_id","value":"WRi8V-FoSWA"}},{"userFeedbackEndpointProductSpecificValueData":{"key":"lockup","value":"shelf"}}]}}}}}}}]}}}}}}}},"indexInCollection":0,"menuOnTapA11yLabel":"More actions","overlayMetadata":{"primaryText":{"content":"Tera chehra jab Nazar aaye 😭❤️//Who did the best Simpal kharel 🆚 Daizy aizy #comparekaro86 #shorts"},"secondaryText":{"content":"5m views"}},"thumbnailViewModel":{"thumbnailViewModel":{"image":{"sources":[{"url":"https://i.ytimg.com/vi/WRi8V-FoSWA/oardefault.jpg?sqp=-oaymwEkCJUDENAFSFqQAgHyq4qpAxMIARUAAAAAJQAAyEI9AICiQ3gB&rs=AOn4CLDzHHKqx9Ir8KevtQnNgtX9U3h2IA&usqp=CCk","width":405,"height":720},{"url":"https://i.ytimg.com/vi/WRi8V-FoSWA/oardefault.jpg?sqp=-oaymwEnCJUDEOAESFqQAgHyq4qpAxYIARUAAAAAJQAAyEI9AICiQ3gByAEB&rs=AOn4CLDYGuKIg-hvyKpLM5WRpoqb-P29xg&usqp=CCk","width":405,"height":608}]}}},"stackedFrameData":{},"titleTruncationStyle":"SHORTS_LOCKUP_TITLE_TRUNCATION_STYLE_UNKNOWN","loggingDirectives":{"trackingParams":"CLMBEIf2BBgDIhMImNLIovaklAMVNXgqCR0LATSa","visibility":{"types":"12"}}}},{"shortsLockupViewModel":{"entityId":"shorts-shelf-item-0TAOj5X9z7g","accessibilityText":"I am yours yesterday and today I am yours #emotional #hindi #short #popular #trending #love #shee..., 5.1 million views – play Short","onTap":{"innertubeCommand":{"clickTrackingParams":"CK8BEIf2BBgEIhMImNLIovaklAMVNXgqCR0LATSaUgR0ZXJhmgEFCDIQ9CTKAQRMH_Vj","commandMetadata":{"webCommandMetadata":{"url":"/shorts/0TAOj5X9z7g","webPageType":"WEB_PAGE_TYPE_SHORTS","rootVe":37414}},"reelWatchEndpoint":{"videoId":"0TAOj5X9z7g","playerParams":"8AEByAMyuAQUogYVAYS9d9N9x1kW_mzfl-68S-YDROpNkAcC","thumbnail":{"thumbnails":[{"url":"https://i.ytimg.com/vi/0TAOj5X9z7g/frame0.jpg","width":1080,"height":1920}],"isOriginalAspectRatio":true},"overlay":{"reelPlayerOverlayRenderer":{"style":"REEL_PLAYER_OVERLAY_STYLE_SHORTS","trackingParams":"CLIBELC1BCITCJjSyKL2pJQDFTV4KgkdCwE0mg==","reelPlayerNavigationModel":"REEL_PLAYER_NAVIGATION_MODEL_UNSPECIFIED"}},"params":"CBQwAkoOCgYiBHRlcmESBHRlcmG6ARhVQ1ZzZGxRMmJlZHRHVjFnTERiWng5NVE%3D","sequenceProvider":"REEL_WATCH_SEQUENCE_PROVIDER_RPC","sequenceParams":"CgswVEFPajVYOXo3ZyruBAoNCgs0SDhQRWc0c2tsRQoNCgtpOV9lSGJTd0RubwoNCgtTcEtIM0M1Uk9iUQoNCgs0c3VjTi1VRGV2UQoNCgs3VHJ0MHhOOHBQYwoNCgtKb3Q3eUJVRGw3cwoNCgs0dVZZNDRkeDhiZwoNCgtMbjdrZDVGd0FxZwoNCgtFdG5sMkhyOVNUawoNCgs3dXVxTTlucExHRQoNCgt3UG1ySzgtb2ZWOAoNCgtUQnVBSWlRc0FWYwoNCgtkTWw5Zld5NmUyVQoNCgtoQWdFa2QtQ3NjNAoNCgtkdm0weUZzZWgyUQoNCgt2UlhRdjFFNU5tcwoNCgtWZjdKcUVrRm82RQoNCgtLVUtReVo3LWhucwoNCgt5WmdkOWMyM2FqSQoNCgsyM1d6N3RBVzVDTQoNCgtiZ0ZTUDJHdVRIVQoNCgszUkt3c19nVGs4NAoNCgtXTDNuYXhmRVB4TQoNCgtzeFFMTExRQTMzawoNCgs5eXREZVJCMk1UZwoNCgtuejdlaGhHUE9fNAoNCgtGSEFfTlVLblBSTQoNCgstV2d0UktGSFQyMAoNCgtsWjNPa2J4X2tFMAoNCgswNHlhcHI4NVhIUQoNCgtSd3JrWVBvWEd0cwoNCgtDdlpJbXZ6Y0JScwoNCgtiQnhocENiOVpHRQoNCgtpc21IcFZ4elhOdwoNCgtHVjJEcDBFcWVjQQoNCgtxd3A2MnZ4cTVHWQoNCgtna1BLcG95ckRFZwoNCgtINTYtNElEMXc5NAoNCgtUVWJTcW1YUTkzdwoNCgtzcXVwaGtKS2NSYxAEGBQiDgoGIgR0ZXJhEgR0ZXJhMAFwZIABAaoBBggGGgIYANoBoAQKBHRlcmESCGVuLUdCLUdCGo0ECoAEAACLPAAAW74AAKq9
1778079488.790 10430   567   710 I OkHttp  : AADHvAAAdb4AAPi9AABLvgAA9zwAAI-9AAB4vgAA3D0AAHA9AAArPAAACT0AACK9AADTPAAAr7sAAPw8AACaPQAAiz0AAIg9AAAaPgAAqj0AAL69AACcPQAAQL4AAAi9AACtPQAAYr0AACy-AABLPgAAO70AABm8AAAaPQAAZzwAAJa9AACcvQAAwTwAAHy7AAAcvQAAXz0AAPo8AACXPAAAmrwAADS9AACIOgAAvz0AAAy9AAAwvQAAUj0AANW8AACQPQAALD0AALo9AAB-PQAAgrsAAH49AABAPgAAUD0AAFI9AAAOPAAAeL0AAMu7AADFPQAAor0AAHg8AABMPgAAbjwAAHC9AAD1PQAA870AAJA9AAC6uwAAGT4AAAI9AAC-vAAAND0AALg9AADOOwAA2T0AAPi9AADcuwAAyL0AANC7AACavQAAmD0AAJm9AAAQvgAAtTwAAKw8AAALvQAAvzsAAGW9AAC0vQAA3jwAABM9AAClvQAA0b0AABw9AAD-vAAAtr0AAD29AAADvQAAHr0AAKk9AACbPQAAvT0AAH69AADDPQAAJL4AAMg9AACtvQAAYj0AALI8AACGPQAAAbwAAGW-AABeugAAv70AAJ68AACpPQAAFD4AAFq9AADuvQAArL0AAOo9AAC_vQAAtz0YNiACQgQIABAB","loggingContext":{"vssLoggingContext":{"serializedContextData":"CgIIDA%3D%3D"},"qoeLoggingContext":{"serializedContextData":"CgIIDA%3D%3D"}},"ustreamerConfig":"CAw=","accessibilityRenderer":{"reelWatchAccessibilityRenderer":{"enablePlayPauseA11yButton":true,"loggingDirectives":{"trackingParams":"CLEBENjLDiITCJjSyKL2pJQDFTV4KgkdCwE0mg==","visibility":{"types":"4"}}}}}}},"inlinePlayerData":{"onVisible":{"innertubeCommand":{"clickTrackingParams":"CK8BEIf2BBgEIhMImNLIovaklAMVNXgqCR0LATSaMgZzZWFyY2hSBHRlcmGaAQUIMhD0JMoBBEwf9WM=","commandMetadata":{"webCommandMetadata":{"url":"/watch?v=0TAOj5X9z7g&pp=YAHIAQHwAQG6AwIYAugFAaIGFQGEvXfTG_NPZ75RKFADVJGFIOoBRZAHAg%3D%3D","webPageType":"WEB_PAGE_TYPE_WATCH","rootVe":3832}},"watchEndpoint":{"videoId":"0TAOj5X9z7g","playerParams":"YAHIAQHwAQG6AwIYAugFAaIGFQGEvXfTG_NPZ75RKFADVJGFIOoBRZAHAg%3D%3D","playerExtraUrlParams":[{"key":"inline","value":"1"}],"watchEndpointSupportedOnesieConfig":{"html5PlaybackOnesieConfig":{"commonConfig":{"url":"https://rr1---sn-h4upouxgoxu-gq2e.googlevideo.com/initplayback?source=youtube&oeis=1&c=WEB&oad=3200&ovd=3200&oaad=11000&oavd=11000&ocs=700&oewis=1&oputc=1&ofpcc=1&msp=1&odepv=1&oreouc=1&id=d1300e8f95fdcfb8&ip=103.220.88.42&initcwndbps=947500&mt=1778078969&oweuc="}}}}}},"maxPlaybackLengthSec":0,"enableAudioControl":true},"menuOnTap":{"innertubeCommand":{"clickTrackingParams":"CK8BEIf2BBgEIhMImNLIovaklAMVNXgqCR0LATSaygEETB_1Yw==","showSheetCommand":{"panelLoadingStrategy":{"inlineContent":{"sheetViewModel":{"content":{"listViewModel":{"listItems":[{"listItemViewModel":{"title":{"content":"Add to queue"},"leadingImage":{"sources":[{"clientResource":{"imageName":"ADD_TO_QUEUE_TAIL"}}]},"rendererContext":{"loggingContext":{"loggingDirectives":{"trackingParams":"CLABEP6YBBgCIhMImNLIovaklAMVNXgqCR0LATSa","visibility":{"types":"12"}}},"commandContext":{"onTap":{"innertubeCommand":{"clickTrackingParams":"CLABEP6YBBgCIhMImNLIovaklAMVNXgqCR0LATSaygEETB_1Yw==","commandMetadata":{"webCommandMetadata":{"sendPost":true}},"signalServiceEndpoint":{"signal":"CLIENT_SIGNAL","actions":[{"clickTrackingParams":"CLABEP6YBBgCIhMImNLIovaklAMVNXgqCR0LATSaygEETB_1Yw==","addToPlaylistCommand":{"openMiniplayer":true,"videoId":"0TAOj5X9z7g","listType":"PLAYLIST_EDIT_LIST_TYPE_QUEUE","onCreateListCommand":{"clickTrackingParams":"CLABEP6YBBgCIhMImNLIovaklAMVNXgqCR0LATSaygEETB_1Yw==","commandMetadata":{"webCommandMetadata":{"sendPost":true,"apiUrl":"/youtubei/v1/playlist/create"}},"createPlaylistServiceEndpoint":{"videoIds":["0TAOj5X9z7g"],"params":"CAQ%3D"}},"videoIds":["0TAOj5X9z7g"],"videoCommand":{"clickTrackingParams":"CLABEP6YBBgCIhMImNLIovaklAMVNXgqCR0LATSaygEETB_1Yw==","commandMetadata":{"webCommandMetadata":{"url":"/watch?v=0TAOj5X9z7g","webPageType":"WEB_PAGE_TYPE_WATCH","rootVe":3832}},"watchEndpoint":{"videoId":"0TAOj5X9z7g","watchEndpointSupportedOnesieConfig":{"html5PlaybackOnesieConfig":{"commonConfig":{"url":"https://rr1---sn-h4upouxgoxu-gq2e.googlevideo.com/initplayback?source=youtube&oeis=1&c=WEB&oad=3200&ovd=3200&oaad=11000&oavd=11000&ocs=700&oewis=1&oputc=1&ofpcc=1&msp=1&odepv=1&oreouc=1&id=d1300e8f95fdcfb8&ip=103.220.88.42&initcwndbps=947500&mt=1778078969&oweuc="}}}}}}}]}}}}}}},{"listItemViewModel":{"title":{"content":"Send feedback"},"leadingImage":{"sources":[{"clientResource":{"imageName":"FEEDBACK"}}]},"rendererContext":{"com
1778079488.790 10430   567   710 I OkHttp  : mandContext":{"onTap":{"innertubeCommand":{"clickTrackingParams":"CK8BEIf2BBgEIhMImNLIovaklAMVNXgqCR0LATSaygEETB_1Yw==","commandMetadata":{"webCommandMetadata":{"ignoreNavigation":true}},"userFeedbackEndpoint":{"additionalDatas":[{"userFeedbackEndpointProductSpecificValueData":{"key":"video_id","value":"0TAOj5X9z7g"}},{"userFeedbackEndpointProductSpecificValueData":{"key":"lockup","value":"shelf"}}]}}}}}}}]}}}}}}}},"indexInCollection":0,"menuOnTapA11yLabel":"More actions","overlayMetadata":{"primaryText":{"content":"I am yours yesterday and today I am yours #emotional #hindi #short #popular #trending #love #shee..."},"secondaryText":{"content":"5.1m views"}},"thumbnailViewModel":{"thumbnailViewModel":{"image":{"sources":[{"url":"https://i.ytimg.com/vi/0TAOj5X9z7g/oardefault.jpg?sqp=-oaymwEkCJUDENAFSFqQAgHyq4qpAxMIARUAAAAAJQAAyEI9AICiQ3gB&rs=AOn4CLDYq6m7mZxZzgG8mNxLrhdA0VD9Dw&usqp=CCk","width":405,"height":720},{"url":"https://i.ytimg.com/vi/0TAOj5X9z7g/oardefault.jpg?sqp=-oaymwEnCJUDEOAESFqQAgHyq4qpAxYIARUAAAAAJQAAyEI9AICiQ3gByAEB&rs=AOn4CLDBk5yZopNUHJT4rlWBKUz5iqeCeA&usqp=CCk","width":405,"height":608}]}}},"stackedFrameData":{},"titleTruncationStyle":"SHORTS_LOCKUP_TITLE_TRUNCATION_STYLE_UNKNOWN","loggingDirectives":{"trackingParams":"CK8BEIf2BBgEIhMImNLIovaklAMVNXgqCR0LATSa","visibility":{"types":"12"}}}},{"shortsLockupViewModel":{"entityId":"shorts-shelf-item-4H8PEg4sklE","accessibilityText":"Volkswagen tera, 451 thousand views – play Short","onTap":{"innertubeCommand":{"clickTrackingParams":"CKsBEIf2BBgFIhMImNLIovaklAMVNXgqCR0LATSaUgR0ZXJhmgEFCDIQ9CTKAQRMH_Vj","commandMetadata":{"webCommandMetadata":{"url":"/shorts/4H8PEg4sklE","webPageType":"WEB_PAGE_TYPE_SHORTS","rootVe":37414}},"reelWatchEndpoint":{"videoId":"4H8PEg4sklE","playerParams":"8AEByAMyuAQUogYVAYS9d9MzyVTn1JgBE2cQeeRtX3e6kAcC","thumbnail":{"thumbnails":[{"url":"https://i.ytimg.com/vi/4H8PEg4sklE/frame0.jpg","width":720,"height":1280}],"isOriginalAspectRatio":true},"overlay":{"reelPlayerOverlayRenderer":{"style":"REEL_PLAYER_OVERLAY_STYLE_SHORTS","trackingParams":"CK4BELC1BCITCJjSyKL2pJQDFTV4KgkdCwE0mg==","reelPlayerNavigationModel":"REEL_PLAYER_NAVIGATION_MODEL_UNSPECIFIED"}},"params":"CBQwAkoOCgYiBHRlcmESBHRlcmG6ARhVQ3BUYnN5ZkZnYUNZbFZQdTBZcUZhR0E%3D","sequenceProvider":"REEL_WATCH_SEQUENCE_PROVIDER_RPC","sequenceParams":"Cgs0SDhQRWc0c2tsRSruBAoNCgtpOV9lSGJTd0RubwoNCgtTcEtIM0M1Uk9iUQoNCgs0c3VjTi1VRGV2UQoNCgs3VHJ0MHhOOHBQYwoNCgtKb3Q3eUJVRGw3cwoNCgs0dVZZNDRkeDhiZwoNCgtMbjdrZDVGd0FxZwoNCgtFdG5sMkhyOVNUawoNCgs3dXVxTTlucExHRQoNCgt3UG1ySzgtb2ZWOAoNCgtUQnVBSWlRc0FWYwoNCgtkTWw5Zld5NmUyVQoNCgtoQWdFa2QtQ3NjNAoNCgtkdm0weUZzZWgyUQoNCgt2UlhRdjFFNU5tcwoNCgtWZjdKcUVrRm82RQoNCgtLVUtReVo3LWhucwoNCgt5WmdkOWMyM2FqSQoNCgsyM1d6N3RBVzVDTQoNCgtiZ0ZTUDJHdVRIVQoNCgszUkt3c19nVGs4NAoNCgtXTDNuYXhmRVB4TQoNCgtzeFFMTExRQTMzawoNCgs5eXREZVJCMk1UZwoNCgtuejdlaGhHUE9fNAoNCgtGSEFfTlVLblBSTQoNCgstV2d0UktGSFQyMAoNCgtsWjNPa2J4X2tFMAoNCgswNHlhcHI4NVhIUQoNCgtSd3JrWVBvWEd0cwoNCgtDdlpJbXZ6Y0JScwoNCgtiQnhocENiOVpHRQoNCgtpc21IcFZ4elhOdwoNCgtHVjJEcDBFcWVjQQoNCgtxd3A2MnZ4cTVHWQoNCgtna1BLcG95ckRFZwoNCgtINTYtNElEMXc5NAoNCgtUVWJTcW1YUTkzdwoNCgtzcXVwaGtKS2NSYwoNCgtGVmc5bVZNN2hBOBAFGBQiDgoGIgR0ZXJhEgR0ZXJhMAFwZIABAaoBBggFGgIYANoBoAQKBHRlcmESCGVuLUdCLUdCGo0ECoAEAACLPAAAW74AAKq9AADHvAAAdb4AAPi9AABLvgAA9zwAAI-9AAB4vgAA3D0AAHA9AAArPAAACT0AACK9AADTPAAAr7sAAPw8AACaPQAAiz0AAIg9AAAaPgAAqj0AAL69AACcPQAAQL4AAAi9AACtPQAAYr0AACy-AABLPgAAO70AABm8AAAaPQAAZzwAAJa9AACcvQAAwTwAAHy7AAAcvQAAXz0AAPo8AACXPAAAmrwAADS9AACIOgAAvz0AAAy9AAAwvQAAUj0AANW8AACQPQAALD0AALo9AAB-PQAAgrsAAH49AABAPgAAUD0AAFI9AAAOPAAAeL0AAMu7AADFPQAAor0AAHg8AABMPgAAbjwAAHC9AAD1PQAA870AAJA9AAC6uwAAGT4AAAI9AAC-vAAAND0AALg9AADOOwAA2T0AAPi9AADcuwAAyL0AANC7AACavQAAmD0AAJm9AAAQvgAAtTwAAKw8AAALvQAAvzsAAGW9AAC0vQAA3jwAABM9AAClvQAA0b0AABw9AAD-vAAAtr0AAD29AAADvQAAHr0AAKk9AACbPQAAvT0AAH69AADDPQAAJL4AAMg9AACtvQAAYj0AALI8AACGPQAAAbwAAGW-AABeugAAv70AAJ68AACpPQAAFD4AAFq9AADuvQAArL0AAOo9AAC_vQAAtz0YNiACQgQIABAB","loggingContext":{"vssLoggingContext":{"serializedContextData":"CgIIDA%3D%3D"},"qoeLoggingConte
1778079488.790 10430   567   710 I OkHttp  : xt":{"serializedContextData":"CgIIDA%3D%3D"}},"ustreamerConfig":"CAw=","accessibilityRenderer":{"reelWatchAccessibilityRenderer":{"enablePlayPauseA11yButton":true,"loggingDirectives":{"trackingParams":"CK0BENjLDiITCJjSyKL2pJQDFTV4KgkdCwE0mg==","visibility":{"types":"4"}}}}}}},"inlinePlayerData":{"onVisible":{"innertubeCommand":{"clickTrackingParams":"CKsBEIf2BBgFIhMImNLIovaklAMVNXgqCR0LATSaMgZzZWFyY2hSBHRlcmGaAQUIMhD0JMoBBEwf9WM=","commandMetadata":{"webCommandMetadata":{"url":"/watch?v=4H8PEg4sklE&pp=YAHIAQHwAQG6AwIYAugFAaIGFQGEvXfTikceTFABmBSpdSwS-Ljfx5AHAg%3D%3D","webPageType":"WEB_PAGE_TYPE_WATCH","rootVe":3832}},"watchEndpoint":{"videoId":"4H8PEg4sklE","playerParams":"YAHIAQHwAQG6AwIYAugFAaIGFQGEvXfTikceTFABmBSpdSwS-Ljfx5AHAg%3D%3D","playerExtraUrlParams":[{"key":"inline","value":"1"}],"watchEndpointSupportedOnesieConfig":{"html5PlaybackOnesieConfig":{"commonConfig":{"url":"https://rr2---sn-h4upouxgoxu-gq2e.googlevideo.com/initplayback?source=youtube&oeis=1&c=WEB&oad=3200&ovd=3200&oaad=11000&oavd=11000&ocs=700&oewis=1&oputc=1&ofpcc=1&msp=1&odepv=1&oreouc=1&id=e07f0f120e2c9251&ip=103.220.88.42&initcwndbps=947500&mt=1778078969&oweuc="}}}}}},"maxPlaybackLengthSec":0,"enableAudioControl":true},"menuOnTap":{"innertubeCommand":{"clickTrackingParams":"CKsBEIf2BBgFIhMImNLIovaklAMVNXgqCR0LATSaygEETB_1Yw==","showSheetCommand":{"panelLoadingStrategy":{"inlineContent":{"sheetViewModel":{"content":{"listViewModel":{"listItems":[{"listItemViewModel":{"title":{"content":"Add to queue"},"leadingImage":{"sources":[{"clientResource":{"imageName":"ADD_TO_QUEUE_TAIL"}}]},"rendererContext":{"loggingContext":{"loggingDirectives":{"trackingParams":"CKwBEP6YBBgCIhMImNLIovaklAMVNXgqCR0LATSa","visibility":{"types":"12"}}},"commandContext":{"onTap":{"innertubeCommand":{"clickTrackingParams":"CKwBEP6YBBgCIhMImNLIovaklAMVNXgqCR0LATSaygEETB_1Yw==","commandMetadata":{"webCommandMetadata":{"sendPost":true}},"signalServiceEndpoint":{"signal":"CLIENT_SIGNAL","actions":[{"clickTrackingParams":"CKwBEP6YBBgCIhMImNLIovaklAMVNXgqCR0LATSaygEETB_1Yw==","addToPlaylistCommand":{"openMiniplayer":true,"videoId":"4H8PEg4sklE","listType":"PLAYLIST_EDIT_LIST_TYPE_QUEUE","onCreateListCommand":{"clickTrackingParams":"CKwBEP6YBBgCIhMImNLIovaklAMVNXgqCR0LATSaygEETB_1Yw==","commandMetadata":{"webCommandMetadata":{"sendPost":true,"apiUrl":"/youtubei/v1/playlist/create"}},"createPlaylistServiceEndpoint":{"videoIds":["4H8PEg4sklE"],"params":"CAQ%3D"}},"videoIds":["4H8PEg4sklE"],"videoCommand":{"clickTrackingParams":"CKwBEP6YBBgCIhMImNLIovaklAMVNXgqCR0LATSaygEETB_1Yw==","commandMetadata":{"webCommandMetadata":{"url":"/watch?v=4H8PEg4sklE","webPageType":"WEB_PAGE_TYPE_WATCH","rootVe":3832}},"watchEndpoint":{"videoId":"4H8PEg4sklE","watchEndpointSupportedOnesieConfig":{"html5PlaybackOnesieConfig":{"commonConfig":{"url":"https://rr2---sn-h4upouxgoxu-gq2e.googlevideo.com/initplayback?source=youtube&oeis=1&c=WEB&oad=3200&ovd=3200&oaad=11000&oavd=11000&ocs=700&oewis=1&oputc=1&ofpcc=1&msp=1&odepv=1&oreouc=1&id=e07f0f120e2c9251&ip=103.220.88.42&initcwndbps=947500&mt=1778078969&oweuc="}}}}}}}]}}}}}}},{"listItemViewModel":{"title":{"content":"Send feedback"},"leadingImage":{"sources":[{"clientResource":{"imageName":"FEEDBACK"}}]},"rendererContext":{"commandContext":{"onTap":{"innertubeCommand":{"clickTrackingParams":"CKsBEIf2BBgFIhMImNLIovaklAMVNXgqCR0LATSaygEETB_1Yw==","commandMetadata":{"webCommandMetadata":{"ignoreNavigation":true}},"userFeedbackEndpoint":{"additionalDatas":[{"userFeedbackEndpointProductSpecificValueData":{"key":"video_id","value":"4H8PEg4sklE"}},{"userFeedbackEndpointProductSpecificValueData":{"key":"lockup","value":"shelf"}}]}}}}}}}]}}}}}}}},"indexInCollection":0,"menuOnTapA11yLabel":"More actions","overlayMetadata":{"primaryText":{"content":"Volkswagen tera"},"secondaryText":{"content":"451k views"}},"thumbnailViewModel":{"thumbnailViewModel":{"image":{"sources":[{"url":"https://i.ytimg.com/vi/4H8PEg4sklE/oardefault.jpg?sqp=-oaymwEkCJUDENAFSFqQAgHyq4qpAxMIARUAAAAAJQAAyEI9AICiQ3gB&rs=AOn4CLBTw
1778079488.790 10430   567   710 I OkHttp  : jo2A9O2dumheRlJX7hoykhlFQ&usqp=CCk","width":405,"height":720},{"url":"https://i.ytimg.com/vi/4H8PEg4sklE/oardefault.jpg?sqp=-oaymwEnCJUDEOAESFqQAgHyq4qpAxYIARUAAAAAJQAAyEI9AICiQ3gByAEB&rs=AOn4CLBzmn-jyywmOQ5KxUBmyuEQeddsdQ&usqp=CCk","width":405,"height":608}]}}},"stackedFrameData":{},"titleTruncationStyle":"SHORTS_LOCKUP_TITLE_TRUNCATION_STYLE_UNKNOWN","loggingDirectives":{"trackingParams":"CKsBEIf2BBgFIhMImNLIovaklAMVNXgqCR0LATSa","visibility":{"types":"12"}}}},{"shortsLockupViewModel":{"entityId":"shorts-shelf-item-i9_eHbSwDno","accessibilityText":"Volkswagen Tera - New Compact SUV 😫 Nexon Killer #shorts #volkswagen #shortsvideo, 144 thousand views – play Short","onTap":{"innertubeCommand":{"clickTrackingParams":"CKcBEIf2BBgGIhMImNLIovaklAMVNXgqCR0LATSaUgR0ZXJhmgEFCDIQ9CTKAQRMH_Vj","commandMetadata":{"webCommandMetadata":{"url":"/shorts/i9_eHbSwDno","webPageType":"WEB_PAGE_TYPE_SHORTS","rootVe":37414}},"reelWatchEndpoint":{"videoId":"i9_eHbSwDno","playerParams":"8AEByAMyuAQUogYVAYS9d9OfNToAeo7hhCo9vWuSrjUQkAcC","thumbnail":{"thumbnails":[{"url":"https://i.ytimg.com/vi/i9_eHbSwDno/frame0.jpg","width":1080,"height":1920}],"isOriginalAspectRatio":true},"overlay":{"reelPlayerOverlayRenderer":{"style":"REEL_PLAYER_OVERLAY_STYLE_SHORTS","trackingParams":"CKoBELC1BCITCJjSyKL2pJQDFTV4KgkdCwE0mg==","reelPlayerNavigationModel":"REEL_PLAYER_NAVIGATION_MODEL_UNSPECIFIED"}},"params":"CBQwAkoOCgYiBHRlcmESBHRlcmG6ARhVQ1RqMVlvVWtHSWhPSHpUOF8yMnRjdHc%3D","sequenceProvider":"REEL_WATCH_SEQUENCE_PROVIDER_RPC","sequenceParams":"CgtpOV9lSGJTd0RubyruBAoNCgtTcEtIM0M1Uk9iUQoNCgs0c3VjTi1VRGV2UQoNCgs3VHJ0MHhOOHBQYwoNCgtKb3Q3eUJVRGw3cwoNCgs0dVZZNDRkeDhiZwoNCgtMbjdrZDVGd0FxZwoNCgtFdG5sMkhyOVNUawoNCgs3dXVxTTlucExHRQoNCgt3UG1ySzgtb2ZWOAoNCgtUQnVBSWlRc0FWYwoNCgtkTWw5Zld5NmUyVQoNCgtoQWdFa2QtQ3NjNAoNCgtkdm0weUZzZWgyUQoNCgt2UlhRdjFFNU5tcwoNCgtWZjdKcUVrRm82RQoNCgtLVUtReVo3LWhucwoNCgt5WmdkOWMyM2FqSQoNCgsyM1d6N3RBVzVDTQoNCgtiZ0ZTUDJHdVRIVQoNCgszUkt3c19nVGs4NAoNCgtXTDNuYXhmRVB4TQoNCgtzeFFMTExRQTMzawoNCgs5eXREZVJCMk1UZwoNCgtuejdlaGhHUE9fNAoNCgtGSEFfTlVLblBSTQoNCgstV2d0UktGSFQyMAoNCgtsWjNPa2J4X2tFMAoNCgswNHlhcHI4NVhIUQoNCgtSd3JrWVBvWEd0cwoNCgtDdlpJbXZ6Y0JScwoNCgtiQnhocENiOVpHRQoNCgtpc21IcFZ4elhOdwoNCgtHVjJEcDBFcWVjQQoNCgtxd3A2MnZ4cTVHWQoNCgtna1BLcG95ckRFZwoNCgtINTYtNElEMXc5NAoNCgtUVWJTcW1YUTkzdwoNCgtzcXVwaGtKS2NSYwoNCgtGVmc5bVZNN2hBOAoNCgtyNFZ1UjkzWnhISRAGGBQiDgoGIgR0ZXJhEgR0ZXJhMAFwZIABAaoBBggEGgIYANoBoAQKBHRlcmESCGVuLUdCLUdCGo0ECoAEAACLPAAAW74AAKq9AADHvAAAdb4AAPi9AABLvgAA9zwAAI-9AAB4vgAA3D0AAHA9AAArPAAACT0AACK9AADTPAAAr7sAAPw8AACaPQAAiz0AAIg9AAAaPgAAqj0AAL69AACcPQAAQL4AAAi9AACtPQAAYr0AACy-AABLPgAAO70AABm8AAAaPQAAZzwAAJa9AACcvQAAwTwAAHy7AAAcvQAAXz0AAPo8AACXPAAAmrwAADS9AACIOgAAvz0AAAy9AAAwvQAAUj0AANW8AACQPQAALD0AALo9AAB-PQAAgrsAAH49AABAPgAAUD0AAFI9AAAOPAAAeL0AAMu7AADFPQAAor0AAHg8AABMPgAAbjwAAHC9AAD1PQAA870AAJA9AAC6uwAAGT4AAAI9AAC-vAAAND0AALg9AADOOwAA2T0AAPi9AADcuwAAyL0AANC7AACavQAAmD0AAJm9AAAQvgAAtTwAAKw8AAALvQAAvzsAAGW9AAC0vQAA3jwAABM9AAClvQAA0b0AABw9AAD-vAAAtr0AAD29AAADvQAAHr0AAKk9AACbPQAAvT0AAH69AADDPQAAJL4AAMg9AACtvQAAYj0AALI8AACGPQAAAbwAAGW-AABeugAAv70AAJ68AACpPQAAFD4AAFq9AADuvQAArL0AAOo9AAC_vQAAtz0YNiACQgQIABAB","loggingContext":{"vssLoggingContext":{"serializedContextData":"CgIIDA%3D%3D"},"qoeLoggingContext":{"serializedContextData":"CgIIDA%3D%3D"}},"ustreamerConfig":"CAw=","accessibilityRenderer":{"reelWatchAccessibilityRenderer":{"enablePlayPauseA11yButton":true,"loggingDirectives":{"trackingParams":"CKkBENjLDiITCJjSyKL2pJQDFTV4KgkdCwE0mg==","visibility":{"types":"4"}}}}}}},"inlinePlayerData":{"onVisible":{"innertubeCommand":{"clickTrackingParams":"CKcBEIf2BBgGIhMImNLIovaklAMVNXgqCR0LATSaMgZzZWFyY2hSBHRlcmGaAQUIMhD0JMoBBEwf9WM=","commandMetadata":{"webCommandMetadata":{"url":"/watch?v=i9_eHbSwDno&pp=YAHIAQHwAQG6AwIYAugFAaIGFQGEvXfTRgmtLJW4QGTIoySiesLU0ZAHAg%3D%3D","webPageType":"WEB_PAGE_TYPE_WATCH","rootVe":3832}},"watchEndpoint":{"videoId":"i9_eHbSwDno","playerParams":"YAHIAQHwAQG6AwIYAugFAaIGFQGEvXfTRgmtLJW4QGTIoySiesLU0ZAHAg%3D%3D","playerExtraUrlParams":[{"key":"inline","value
1778079488.791 10430   567   710 I OkHttp  : ":"1"}],"watchEndpointSupportedOnesieConfig":{"html5PlaybackOnesieConfig":{"commonConfig":{"url":"https://rr1---sn-h4upouxgoxu-gq2e.googlevideo.com/initplayback?source=youtube&oeis=1&c=WEB&oad=3200&ovd=3200&oaad=11000&oavd=11000&ocs=700&oewis=1&oputc=1&ofpcc=1&msp=1&odepv=1&oreouc=1&id=8bdfde1db4b00e7a&ip=103.220.88.42&initcwndbps=947500&mt=1778078969&oweuc="}}}}}},"maxPlaybackLengthSec":0,"enableAudioControl":true},"menuOnTap":{"innertubeCommand":{"clickTrackingParams":"CKcBEIf2BBgGIhMImNLIovaklAMVNXgqCR0LATSaygEETB_1Yw==","showSheetCommand":{"panelLoadingStrategy":{"inlineContent":{"sheetViewModel":{"content":{"listViewModel":{"listItems":[{"listItemViewModel":{"title":{"content":"Add to queue"},"leadingImage":{"sources":[{"clientResource":{"imageName":"ADD_TO_QUEUE_TAIL"}}]},"rendererContext":{"loggingContext":{"loggingDirectives":{"trackingParams":"CKgBEP6YBBgCIhMImNLIovaklAMVNXgqCR0LATSa","visibility":{"types":"12"}}},"commandContext":{"onTap":{"innertubeCommand":{"clickTrackingParams":"CKgBEP6YBBgCIhMImNLIovaklAMVNXgqCR0LATSaygEETB_1Yw==","commandMetadata":{"webCommandMetadata":{"sendPost":true}},"signalServiceEndpoint":{"signal":"CLIENT_SIGNAL","actions":[{"clickTrackingParams":"CKgBEP6YBBgCIhMImNLIovaklAMVNXgqCR0LATSaygEETB_1Yw==","addToPlaylistCommand":{"openMiniplayer":true,"videoId":"i9_eHbSwDno","listType":"PLAYLIST_EDIT_LIST_TYPE_QUEUE","onCreateListCommand":{"clickTrackingParams":"CKgBEP6YBBgCIhMImNLIovaklAMVNXgqCR0LATSaygEETB_1Yw==","commandMetadata":{"webCommandMetadata":{"sendPost":true,"apiUrl":"/youtubei/v1/playlist/create"}},"createPlaylistServiceEndpoint":{"videoIds":["i9_eHbSwDno"],"params":"CAQ%3D"}},"videoIds":["i9_eHbSwDno"],"videoCommand":{"clickTrackingParams":"CKgBEP6YBBgCIhMImNLIovaklAMVNXgqCR0LATSaygEETB_1Yw==","commandMetadata":{"webCommandMetadata":{"url":"/watch?v=i9_eHbSwDno","webPageType":"WEB_PAGE_TYPE_WATCH","rootVe":3832}},"watchEndpoint":{"videoId":"i9_eHbSwDno","watchEndpointSupportedOnesieConfig":{"html5PlaybackOnesieConfig":{"commonConfig":{"url":"https://rr1---sn-h4upouxgoxu-gq2e.googlevideo.com/initplayback?source=youtube&oeis=1&c=WEB&oad=3200&ovd=3200&oaad=11000&oavd=11000&ocs=700&oewis=1&oputc=1&ofpcc=1&msp=1&odepv=1&oreouc=1&id=8bdfde1db4b00e7a&ip=103.220.88.42&initcwndbps=947500&mt=1778078969&oweuc="}}}}}}}]}}}}}}},{"listItemViewModel":{"title":{"content":"Send feedback"},"leadingImage":{"sources":[{"clientResource":{"imageName":"FEEDBACK"}}]},"rendererContext":{"commandContext":{"onTap":{"innertubeCommand":{"clickTrackingParams":"CKcBEIf2BBgGIhMImNLIovaklAMVNXgqCR0LATSaygEETB_1Yw==","commandMetadata":{"webCommandMetadata":{"ignoreNavigation":true}},"userFeedbackEndpoint":{"additionalDatas":[{"userFeedbackEndpointProductSpecificValueData":{"key":"video_id","value":"i9_eHbSwDno"}},{"userFeedbackEndpointProductSpecificValueData":{"key":"lockup","value":"shelf"}}]}}}}}}}]}}}}}}}},"indexInCollection":0,"menuOnTapA11yLabel":"More actions","overlayMetadata":{"primaryText":{"content":"Volkswagen Tera - New Compact SUV 😫 Nexon Killer #shorts #volkswagen #shortsvideo"},"secondaryText":{"content":"144k views"}},"thumbnailViewModel":{"thumbnailViewModel":{"image":{"sources":[{"url":"https://i.ytimg.com/vi/i9_eHbSwDno/oar2.jpg?sqp=-oaymwEkCJUDENAFSFqQAgHyq4qpAxMIARUAAAAAJQAAyEI9AICiQ3gB&rs=AOn4CLCOzqblgxNF-rfh4SYa6qcCd030fA&usqp=CCk","width":405,"height":720},{"url":"https://i.ytimg.com/vi/i9_eHbSwDno/oar2.jpg?sqp=-oaymwEnCJUDEOAESFqQAgHyq4qpAxYIARUAAAAAJQAAyEI9AICiQ3gByAEB&rs=AOn4CLDnLnkbh7AFk__uBj6KuvAMk79HdA&usqp=CCk","width":405,"height":608}]}}},"stackedFrameData":{},"titleTruncationStyle":"SHORTS_LOCKUP_TITLE_TRUNCATION_STYLE_UNKNOWN","loggingDirectives":{"trackingParams":"CKcBEIf2BBgGIhMImNLIovaklAMVNXgqCR0LATSa","visibility":{"types":"12"}}}},{"shortsLockupViewModel":{"entityId":"shorts-shelf-item-SpKH3C5RObQ","accessibilityText":"Teri Kasam Main Hun Tera Deewana tu Jo kahe kar jaunga #funny #shortvideos #vfx #trending #youtube, 1.7 million views – play Short","onTap":{"innertubeCommand":{"clickTrackingParams"
1778079488.791 10430   567   710 I OkHttp  : :"CKMBEIf2BBgHIhMImNLIovaklAMVNXgqCR0LATSaUgR0ZXJhmgEFCDIQ9CTKAQRMH_Vj","commandMetadata":{"webCommandMetadata":{"url":"/shorts/SpKH3C5RObQ","webPageType":"WEB_PAGE_TYPE_SHORTS","rootVe":37414}},"reelWatchEndpoint":{"videoId":"SpKH3C5RObQ","playerParams":"8AEByAMyuAQUogYVAYS9d9MdR33KmbTd5qMViO5k8n_LkAcC","thumbnail":{"thumbnails":[{"url":"https://i.ytimg.com/vi/SpKH3C5RObQ/frame0.jpg","width":1080,"height":1920}],"isOriginalAspectRatio":true},"overlay":{"reelPlayerOverlayRenderer":{"style":"REEL_PLAYER_OVERLAY_STYLE_SHORTS","trackingParams":"CKYBELC1BCITCJjSyKL2pJQDFTV4KgkdCwE0mg==","reelPlayerNavigationModel":"REEL_PLAYER_NAVIGATION_MODEL_UNSPECIFIED"}},"params":"CBQwAkoOCgYiBHRlcmESBHRlcmG6ARhVQ2l4VHFJLW5fVlJLNEJPZnVrNlZsbHc%3D","sequenceProvider":"REEL_WATCH_SEQUENCE_PROVIDER_RPC","sequenceParams":"CgtTcEtIM0M1Uk9iUSruBAoNCgs0c3VjTi1VRGV2UQoNCgs3VHJ0MHhOOHBQYwoNCgtKb3Q3eUJVRGw3cwoNCgs0dVZZNDRkeDhiZwoNCgtMbjdrZDVGd0FxZwoNCgtFdG5sMkhyOVNUawoNCgs3dXVxTTlucExHRQoNCgt3UG1ySzgtb2ZWOAoNCgtUQnVBSWlRc0FWYwoNCgtkTWw5Zld5NmUyVQoNCgtoQWdFa2QtQ3NjNAoNCgtkdm0weUZzZWgyUQoNCgt2UlhRdjFFNU5tcwoNCgtWZjdKcUVrRm82RQoNCgtLVUtReVo3LWhucwoNCgt5WmdkOWMyM2FqSQoNCgsyM1d6N3RBVzVDTQoNCgtiZ0ZTUDJHdVRIVQoNCgszUkt3c19nVGs4NAoNCgtXTDNuYXhmRVB4TQoNCgtzeFFMTExRQTMzawoNCgs5eXREZVJCMk1UZwoNCgtuejdlaGhHUE9fNAoNCgtGSEFfTlVLblBSTQoNCgstV2d0UktGSFQyMAoNCgtsWjNPa2J4X2tFMAoNCgswNHlhcHI4NVhIUQoNCgtSd3JrWVBvWEd0cwoNCgtDdlpJbXZ6Y0JScwoNCgtiQnhocENiOVpHRQoNCgtpc21IcFZ4elhOdwoNCgtHVjJEcDBFcWVjQQoNCgtxd3A2MnZ4cTVHWQoNCgtna1BLcG95ckRFZwoNCgtINTYtNElEMXc5NAoNCgtUVWJTcW1YUTkzdwoNCgtzcXVwaGtKS2NSYwoNCgtGVmc5bVZNN2hBOAoNCgtyNFZ1UjkzWnhISQoNCgt3b0pLS3JrRFAwNBAHGBQiDgoGIgR0ZXJhEgR0ZXJhMAFwZIABAaoBBggDGgIYANoBoAQKBHRlcmESCGVuLUdCLUdCGo0ECoAEAACLPAAAW74AAKq9AADHvAAAdb4AAPi9AABLvgAA9zwAAI-9AAB4vgAA3D0AAHA9AAArPAAACT0AACK9AADTPAAAr7sAAPw8AACaPQAAiz0AAIg9AAAaPgAAqj0AAL69AACcPQAAQL4AAAi9AACtPQAAYr0AACy-AABLPgAAO70AABm8AAAaPQAAZzwAAJa9AACcvQAAwTwAAHy7AAAcvQAAXz0AAPo8AACXPAAAmrwAADS9AACIOgAAvz0AAAy9AAAwvQAAUj0AANW8AACQPQAALD0AALo9AAB-PQAAgrsAAH49AABAPgAAUD0AAFI9AAAOPAAAeL0AAMu7AADFPQAAor0AAHg8AABMPgAAbjwAAHC9AAD1PQAA870AAJA9AAC6uwAAGT4AAAI9AAC-vAAAND0AALg9AADOOwAA2T0AAPi9AADcuwAAyL0AANC7AACavQAAmD0AAJm9AAAQvgAAtTwAAKw8AAALvQAAvzsAAGW9AAC0vQAA3jwAABM9AAClvQAA0b0AABw9AAD-vAAAtr0AAD29AAADvQAAHr0AAKk9AACbPQAAvT0AAH69AADDPQAAJL4AAMg9AACtvQAAYj0AALI8AACGPQAAAbwAAGW-AABeugAAv70AAJ68AACpPQAAFD4AAFq9AADuvQAArL0AAOo9AAC_vQAAtz0YNiACQgQIABAB","loggingContext":{"vssLoggingContext":{"serializedContextData":"CgIIDA%3D%3D"},"qoeLoggingContext":{"serializedContextData":"CgIIDA%3D%3D"}},"ustreamerConfig":"CAw=","accessibilityRenderer":{"reelWatchAccessibilityRenderer":{"enablePlayPauseA11yButton":true,"loggingDirectives":{"trackingParams":"CKUBENjLDiITCJjSyKL2pJQDFTV4KgkdCwE0mg==","visibility":{"types":"4"}}}}}}},"inlinePlayerData":{"onVisible":{"innertubeCommand":{"clickTrackingParams":"CKMBEIf2BBgHIhMImNLIovaklAMVNXgqCR0LATSaMgZzZWFyY2hSBHRlcmGaAQUIMhD0JMoBBEwf9WM=","commandMetadata":{"webCommandMetadata":{"url":"/watch?v=SpKH3C5RObQ&pp=YAHIAQHwAQG6AwIYAugFAaIGFQGEvXfTEPJnKLKzCSmGr8YOqF861pAHAg%3D%3D","webPageType":"WEB_PAGE_TYPE_WATCH","rootVe":3832}},"watchEndpoint":{"videoId":"SpKH3C5RObQ","playerParams":"YAHIAQHwAQG6AwIYAugFAaIGFQGEvXfTEPJnKLKzCSmGr8YOqF861pAHAg%3D%3D","playerExtraUrlParams":[{"key":"inline","value":"1"}],"watchEndpointSupportedOnesieConfig":{"html5PlaybackOnesieConfig":{"commonConfig":{"url":"https://rr2---sn-h4upouxgoxu-gq2e.googlevideo.com/initplayback?source=youtube&oeis=1&c=WEB&oad=3200&ovd=3200&oaad=11000&oavd=11000&ocs=700&oewis=1&oputc=1&ofpcc=1&msp=1&odepv=1&oreouc=1&id=4a9287dc2e5139b4&ip=103.220.88.42&initcwndbps=947500&mt=1778078969&oweuc="}}}}}},"maxPlaybackLengthSec":0,"enableAudioControl":true},"menuOnTap":{"innertubeCommand":{"clickTrackingParams":"CKMBEIf2BBgHIhMImNLIovaklAMVNXgqCR0LATSaygEETB_1Yw==","showSheetCommand":{"panelLoadingStrategy":{"inlineContent":{"sheetViewModel":{"content":{"listViewModel":{"listItems":[{"listItemViewModel":{"title":{"content":"Add to queue"},"leadingImage":{"
1778079488.791 10430   567   710 I OkHttp  : sources":[{"clientResource":{"imageName":"ADD_TO_QUEUE_TAIL"}}]},"rendererContext":{"loggingContext":{"loggingDirectives":{"trackingParams":"CKQBEP6YBBgCIhMImNLIovaklAMVNXgqCR0LATSa","visibility":{"types":"12"}}},"commandContext":{"onTap":{"innertubeCommand":{"clickTrackingParams":"CKQBEP6YBBgCIhMImNLIovaklAMVNXgqCR0LATSaygEETB_1Yw==","commandMetadata":{"webCommandMetadata":{"sendPost":true}},"signalServiceEndpoint":{"signal":"CLIENT_SIGNAL","actions":[{"clickTrackingParams":"CKQBEP6YBBgCIhMImNLIovaklAMVNXgqCR0LATSaygEETB_1Yw==","addToPlaylistCommand":{"openMiniplayer":true,"videoId":"SpKH3C5RObQ","listType":"PLAYLIST_EDIT_LIST_TYPE_QUEUE","onCreateListCommand":{"clickTrackingParams":"CKQBEP6YBBgCIhMImNLIovaklAMVNXgqCR0LATSaygEETB_1Yw==","commandMetadata":{"webCommandMetadata":{"sendPost":true,"apiUrl":"/youtubei/v1/playlist/create"}},"createPlaylistServiceEndpoint":{"videoIds":["SpKH3C5RObQ"],"params":"CAQ%3D"}},"videoIds":["SpKH3C5RObQ"],"videoCommand":{"clickTrackingParams":"CKQBEP6YBBgCIhMImNLIovaklAMVNXgqCR0LATSaygEETB_1Yw==","commandMetadata":{"webCommandMetadata":{"url":"/watch?v=SpKH3C5RObQ","webPageType":"WEB_PAGE_TYPE_WATCH","rootVe":3832}},"watchEndpoint":{"videoId":"SpKH3C5RObQ","watchEndpointSupportedOnesieConfig":{"html5PlaybackOnesieConfig":{"commonConfig":{"url":"https://rr2---sn-h4upouxgoxu-gq2e.googlevideo.com/initplayback?source=youtube&oeis=1&c=WEB&oad=3200&ovd=3200&oaad=11000&oavd=11000&ocs=700&oewis=1&oputc=1&ofpcc=1&msp=1&odepv=1&oreouc=1&id=4a9287dc2e5139b4&ip=103.220.88.42&initcwndbps=947500&mt=1778078969&oweuc="}}}}}}}]}}}}}}},{"listItemViewModel":{"title":{"content":"Send feedback"},"leadingImage":{"sources":[{"clientResource":{"imageName":"FEEDBACK"}}]},"rendererContext":{"commandContext":{"onTap":{"innertubeCommand":{"clickTrackingParams":"CKMBEIf2BBgHIhMImNLIovaklAMVNXgqCR0LATSaygEETB_1Yw==","commandMetadata":{"webCommandMetadata":{"ignoreNavigation":true}},"userFeedbackEndpoint":{"additionalDatas":[{"userFeedbackEndpointProductSpecificValueData":{"key":"video_id","value":"SpKH3C5RObQ"}},{"userFeedbackEndpointProductSpecificValueData":{"key":"lockup","value":"shelf"}}]}}}}}}}]}}}}}}}},"indexInCollection":0,"menuOnTapA11yLabel":"More actions","overlayMetadata":{"primaryText":{"content":"Teri Kasam Main Hun Tera Deewana tu Jo kahe kar jaunga #funny #shortvideos #vfx #trending #youtube"},"secondaryText":{"content":"1.7m views"}},"thumbnailViewModel":{"thumbnailViewModel":{"image":{"sources":[{"url":"https://i.ytimg.com/vi/SpKH3C5RObQ/oardefault.jpg?sqp=-oaymwEkCJUDENAFSFqQAgHyq4qpAxMIARUAAAAAJQAAyEI9AICiQ3gB&rs=AOn4CLDYGGZpoj4VcDhnK_chb7RkIMpvfQ&usqp=CCk","width":405,"height":720},{"url":"https://i.ytimg.com/vi/SpKH3C5RObQ/oardefault.jpg?sqp=-oaymwEnCJUDEOAESFqQAgHyq4qpAxYIARUAAAAAJQAAyEI9AICiQ3gByAEB&rs=AOn4CLB8OIBprpV6Cdomb0vrDA0EARFLJQ&usqp=CCk","width":405,"height":608}]}}},"stackedFrameData":{},"titleTruncationStyle":"SHORTS_LOCKUP_TITLE_TRUNCATION_STYLE_UNKNOWN","loggingDirectives":{"trackingParams":"CKMBEIf2BBgHIhMImNLIovaklAMVNXgqCR0LATSa","visibility":{"types":"12"}}}},{"shortsLockupViewModel":{"entityId":"shorts-shelf-item-4sucN-UDevQ","accessibilityText":"Jahan per Tera Raj chale tane usi jagah se utha denge || gurjar || #gurjar || #gujjar || #youtube, 1.7 million views – play Short","onTap":{"innertubeCommand":{"clickTrackingParams":"CJ8BEIf2BBgIIhMImNLIovaklAMVNXgqCR0LATSaUgR0ZXJhmgEFCDIQ9CTKAQRMH_Vj","commandMetadata":{"webCommandMetadata":{"url":"/shorts/4sucN-UDevQ","webPageType":"WEB_PAGE_TYPE_SHORTS","rootVe":37414}},"reelWatchEndpoint":{"videoId":"4sucN-UDevQ","playerParams":"8AEByAMyuAQUogYVAYS9d9NTq7uxEHrhNuGodZ-4Soo0kAcC","thumbnail":{"thumbnails":[{"url":"https://i.ytimg.com/vi/4sucN-UDevQ/frame0.jpg","width":720,"height":1280}],"isOriginalAspectRatio":true},"overlay":{"reelPlayerOverlayRenderer":{"style":"REEL_PLAYER_OVERLAY_STYLE_SHORTS","trackingParams":"CKIBELC1BCITCJjSyKL2pJQDFTV4KgkdCwE0mg==","reelPlayerNavigationModel":"REEL_PLAYER_NAVIGATION_MODEL_UNSPECIFIED"}},"params":"CBQwAkoOCgYiBHRlcmESBHRlc
1778079488.791 10430   567   710 I OkHttp  : mG6ARhVQ2xxaW14OXBNNGRjX1hKb2JhVkxOWWc%3D","sequenceProvider":"REEL_WATCH_SEQUENCE_PROVIDER_RPC","sequenceParams":"Cgs0c3VjTi1VRGV2USruBAoNCgs3VHJ0MHhOOHBQYwoNCgtKb3Q3eUJVRGw3cwoNCgs0dVZZNDRkeDhiZwoNCgtMbjdrZDVGd0FxZwoNCgtFdG5sMkhyOVNUawoNCgs3dXVxTTlucExHRQoNCgt3UG1ySzgtb2ZWOAoNCgtUQnVBSWlRc0FWYwoNCgtkTWw5Zld5NmUyVQoNCgtoQWdFa2QtQ3NjNAoNCgtkdm0weUZzZWgyUQoNCgt2UlhRdjFFNU5tcwoNCgtWZjdKcUVrRm82RQoNCgtLVUtReVo3LWhucwoNCgt5WmdkOWMyM2FqSQoNCgsyM1d6N3RBVzVDTQoNCgtiZ0ZTUDJHdVRIVQoNCgszUkt3c19nVGs4NAoNCgtXTDNuYXhmRVB4TQoNCgtzeFFMTExRQTMzawoNCgs5eXREZVJCMk1UZwoNCgtuejdlaGhHUE9fNAoNCgtGSEFfTlVLblBSTQoNCgstV2d0UktGSFQyMAoNCgtsWjNPa2J4X2tFMAoNCgswNHlhcHI4NVhIUQoNCgtSd3JrWVBvWEd0cwoNCgtDdlpJbXZ6Y0JScwoNCgtiQnhocENiOVpHRQoNCgtpc21IcFZ4elhOdwoNCgtHVjJEcDBFcWVjQQoNCgtxd3A2MnZ4cTVHWQoNCgtna1BLcG95ckRFZwoNCgtINTYtNElEMXc5NAoNCgtUVWJTcW1YUTkzdwoNCgtzcXVwaGtKS2NSYwoNCgtGVmc5bVZNN2hBOAoNCgtyNFZ1UjkzWnhISQoNCgt3b0pLS3JrRFAwNAoNCgtiMElNd1VKamt1axAIGBQiDgoGIgR0ZXJhEgR0ZXJhMAFwZIABAaoBBggCGgIYANoBoAQKBHRlcmESCGVuLUdCLUdCGo0ECoAEAACLPAAAW74AAKq9AADHvAAAdb4AAPi9AABLvgAA9zwAAI-9AAB4vgAA3D0AAHA9AAArPAAACT0AACK9AADTPAAAr7sAAPw8AACaPQAAiz0AAIg9AAAaPgAAqj0AAL69AACcPQAAQL4AAAi9AACtPQAAYr0AACy-AABLPgAAO70AABm8AAAaPQAAZzwAAJa9AACcvQAAwTwAAHy7AAAcvQAAXz0AAPo8AACXPAAAmrwAADS9AACIOgAAvz0AAAy9AAAwvQAAUj0AANW8AACQPQAALD0AALo9AAB-PQAAgrsAAH49AABAPgAAUD0AAFI9AAAOPAAAeL0AAMu7AADFPQAAor0AAHg8AABMPgAAbjwAAHC9AAD1PQAA870AAJA9AAC6uwAAGT4AAAI9AAC-vAAAND0AALg9AADOOwAA2T0AAPi9AADcuwAAyL0AANC7AACavQAAmD0AAJm9AAAQvgAAtTwAAKw8AAALvQAAvzsAAGW9AAC0vQAA3jwAABM9AAClvQAA0b0AABw9AAD-vAAAtr0AAD29AAADvQAAHr0AAKk9AACbPQAAvT0AAH69AADDPQAAJL4AAMg9AACtvQAAYj0AALI8AACGPQAAAbwAAGW-AABeugAAv70AAJ68AACpPQAAFD4AAFq9AADuvQAArL0AAOo9AAC_vQAAtz0YNiACQgQIABAB","loggingContext":{"vssLoggingContext":{"serializedContextData":"CgIIDA%3D%3D"},"qoeLoggingContext":{"serializedContextData":"CgIIDA%3D%3D"}},"ustreamerConfig":"CAw=","accessibilityRenderer":{"reelWatchAccessibilityRenderer":{"enablePlayPauseA11yButton":true,"loggingDirectives":{"trackingParams":"CKEBENjLDiITCJjSyKL2pJQDFTV4KgkdCwE0mg==","visibility":{"types":"4"}}}}}}},"inlinePlayerData":{"onVisible":{"innertubeCommand":{"clickTrackingParams":"CJ8BEIf2BBgIIhMImNLIovaklAMVNXgqCR0LATSaMgZzZWFyY2hSBHRlcmGaAQUIMhD0JMoBBEwf9WM=","commandMetadata":{"webCommandMetadata":{"url":"/watch?v=4sucN-UDevQ&pp=YAHIAQHwAQG6AwIYAugFAaIGFQGEvXfTEauwVW77d-bLJKG_PrxwAJAHAg%3D%3D","webPageType":"WEB_PAGE_TYPE_WATCH","rootVe":3832}},"watchEndpoint":{"videoId":"4sucN-UDevQ","playerParams":"YAHIAQHwAQG6AwIYAugFAaIGFQGEvXfTEauwVW77d-bLJKG_PrxwAJAHAg%3D%3D","playerExtraUrlParams":[{"key":"inline","value":"1"}],"watchEndpointSupportedOnesieConfig":{"html5PlaybackOnesieConfig":{"commonConfig":{"url":"https://rr2---sn-h4upouxgoxu-gq2e.googlevideo.com/initplayback?source=youtube&oeis=1&c=WEB&oad=3200&ovd=3200&oaad=11000&oavd=11000&ocs=700&oewis=1&oputc=1&ofpcc=1&msp=1&odepv=1&oreouc=1&id=e2cb9c37e5037af4&ip=103.220.88.42&initcwndbps=947500&mt=1778078969&oweuc="}}}}}},"maxPlaybackLengthSec":0,"enableAudioControl":true},"menuOnTap":{"innertubeCommand":{"clickTrackingParams":"CJ8BEIf2BBgIIhMImNLIovaklAMVNXgqCR0LATSaygEETB_1Yw==","showSheetCommand":{"panelLoadingStrategy":{"inlineContent":{"sheetViewModel":{"content":{"listViewModel":{"listItems":[{"listItemViewModel":{"title":{"content":"Add to queue"},"leadingImage":{"sources":[{"clientResource":{"imageName":"ADD_TO_QUEUE_TAIL"}}]},"rendererContext":{"loggingContext":{"loggingDirectives":{"trackingParams":"CKABEP6YBBgCIhMImNLIovaklAMVNXgqCR0LATSa","visibility":{"types":"12"}}},"commandContext":{"onTap":{"innertubeCommand":{"clickTrackingParams":"CKABEP6YBBgCIhMImNLIovaklAMVNXgqCR0LATSaygEETB_1Yw==","commandMetadata":{"webCommandMetadata":{"sendPost":true}},"signalServiceEndpoint":{"signal":"CLIENT_SIGNAL","actions":[{"clickTrackingParams":"CKABEP6YBBgCIhMImNLIovaklAMVNXgqCR0LATSaygEETB_1Yw==","addToPlaylistCommand":{"openMiniplayer":true,"videoId":"4sucN-UDevQ","listType":"PLAYLIST_EDIT_LIST_TYPE_QUEUE","onCreateListCommand":{"clickTrackingParams":"CKAB
1778079488.791 10430   567   710 I OkHttp  : EP6YBBgCIhMImNLIovaklAMVNXgqCR0LATSaygEETB_1Yw==","commandMetadata":{"webCommandMetadata":{"sendPost":true,"apiUrl":"/youtubei/v1/playlist/create"}},"createPlaylistServiceEndpoint":{"videoIds":["4sucN-UDevQ"],"params":"CAQ%3D"}},"videoIds":["4sucN-UDevQ"],"videoCommand":{"clickTrackingParams":"CKABEP6YBBgCIhMImNLIovaklAMVNXgqCR0LATSaygEETB_1Yw==","commandMetadata":{"webCommandMetadata":{"url":"/watch?v=4sucN-UDevQ","webPageType":"WEB_PAGE_TYPE_WATCH","rootVe":3832}},"watchEndpoint":{"videoId":"4sucN-UDevQ","watchEndpointSupportedOnesieConfig":{"html5PlaybackOnesieConfig":{"commonConfig":{"url":"https://rr2---sn-h4upouxgoxu-gq2e.googlevideo.com/initplayback?source=youtube&oeis=1&c=WEB&oad=3200&ovd=3200&oaad=11000&oavd=11000&ocs=700&oewis=1&oputc=1&ofpcc=1&msp=1&odepv=1&oreouc=1&id=e2cb9c37e5037af4&ip=103.220.88.42&initcwndbps=947500&mt=1778078969&oweuc="}}}}}}}]}}}}}}},{"listItemViewModel":{"title":{"content":"Send feedback"},"leadingImage":{"sources":[{"clientResource":{"imageName":"FEEDBACK"}}]},"rendererContext":{"commandContext":{"onTap":{"innertubeCommand":{"clickTrackingParams":"CJ8BEIf2BBgIIhMImNLIovaklAMVNXgqCR0LATSaygEETB_1Yw==","commandMetadata":{"webCommandMetadata":{"ignoreNavigation":true}},"userFeedbackEndpoint":{"additionalDatas":[{"userFeedbackEndpointProductSpecificValueData":{"key":"video_id","value":"4sucN-UDevQ"}},{"userFeedbackEndpointProductSpecificValueData":{"key":"lockup","value":"shelf"}}]}}}}}}}]}}}}}}}},"indexInCollection":0,"menuOnTapA11yLabel":"More actions","overlayMetadata":{"primaryText":{"content":"Jahan per Tera Raj chale tane usi jagah se utha denge || gurjar || #gurjar || #gujjar || #youtube"},"secondaryText":{"content":"1.7m views"}},"thumbnailViewModel":{"thumbnailViewModel":{"image":{"sources":[{"url":"https://i.ytimg.com/vi/4sucN-UDevQ/oar2.jpg?sqp=-oaymwEkCJUDENAFSFqQAgHyq4qpAxMIARUAAAAAJQAAyEI9AICiQ3gB&rs=AOn4CLDsgYzeTACZbASq0BW99p-Z4oI2FQ&usqp=CCk","width":405,"height":720},{"url":"https://i.ytimg.com/vi/4sucN-UDevQ/oar2.jpg?sqp=-oaymwEnCJUDEOAESFqQAgHyq4qpAxYIARUAAAAAJQAAyEI9AICiQ3gByAEB&rs=AOn4CLA_vn2lc7TCjiEiod4RlR-CJFuCKw&usqp=CCk","width":405,"height":608}]}}},"stackedFrameData":{},"titleTruncationStyle":"SHORTS_LOCKUP_TITLE_TRUNCATION_STYLE_UNKNOWN","loggingDirectives":{"trackingParams":"CJ8BEIf2BBgIIhMImNLIovaklAMVNXgqCR0LATSa","visibility":{"types":"12"}}}},{"shortsLockupViewModel":{"entityId":"shorts-shelf-item-7Trt0xN8pPc","accessibilityText":"#SHER | Tera Kasoor song | #sarakhanofficial #danishtaimoor #cheemaofficial, 10 million views – play Short","onTap":{"innertubeCommand":{"clickTrackingParams":"CJsBEIf2BBgJIhMImNLIovaklAMVNXgqCR0LATSaUgR0ZXJhmgEFCDIQ9CTKAQRMH_Vj","commandMetadata":{"webCommandMetadata":{"url":"/shorts/7Trt0xN8pPc","webPageType":"WEB_PAGE_TYPE_SHORTS","rootVe":37414}},"reelWatchEndpoint":{"videoId":"7Trt0xN8pPc","playerParams":"8AEByAMyuAQUogYVAYS9d9PR1cSLBP1jIS5OOvMDJo73kAcC","thumbnail":{"thumbnails":[{"url":"https://i.ytimg.com/vi/7Trt0xN8pPc/frame0.jpg","width":1080,"height":1920}],"isOriginalAspectRatio":true},"overlay":{"reelPlayerOverlayRenderer":{"style":"REEL_PLAYER_OVERLAY_STYLE_SHORTS","trackingParams":"CJ4BELC1BCITCJjSyKL2pJQDFTV4KgkdCwE0mg==","reelPlayerNavigationModel":"REEL_PLAYER_NAVIGATION_MODEL_UNSPECIFIED"}},"params":"CBQwAkoOCgYiBHRlcmESBHRlcmG6ARhVQ1pzemdRajRBM0JjVjNPUUZvYk5RZGc%3D","sequenceProvider":"REEL_WATCH_SEQUENCE_PROVIDER_RPC","sequenceParams":"Cgs3VHJ0MHhOOHBQYyruBAoNCgtKb3Q3eUJVRGw3cwoNCgs0dVZZNDRkeDhiZwoNCgtMbjdrZDVGd0FxZwoNCgtFdG5sMkhyOVNUawoNCgs3dXVxTTlucExHRQoNCgt3UG1ySzgtb2ZWOAoNCgtUQnVBSWlRc0FWYwoNCgtkTWw5Zld5NmUyVQoNCgtoQWdFa2QtQ3NjNAoNCgtkdm0weUZzZWgyUQoNCgt2UlhRdjFFNU5tcwoNCgtWZjdKcUVrRm82RQoNCgtLVUtReVo3LWhucwoNCgt5WmdkOWMyM2FqSQoNCgsyM1d6N3RBVzVDTQoNCgtiZ0ZTUDJHdVRIVQoNCgszUkt3c19nVGs4NAoNCgtXTDNuYXhmRVB4TQoNCgtzeFFMTExRQTMzawoNCgs5eXREZVJCMk1UZwoNCgtuejdlaGhHUE9fNAoNCgtGSEFfTlVLblBSTQoNCgstV2d0UktGSFQyMAoNCgtsWjNPa2J4X2tFMAoNCgswNHlhcHI4NVhIUQoNCgtSd3JrWVBvWEd0cwoNCgtDdlpJbXZ6Y0JScwoNCgtiQnhocENiOVpHRQoNCgtpc21IcFZ4elhOdwoNCgtHVjJEcDBFcW
1778079488.791 10430   567   710 I OkHttp  : VjQQoNCgtxd3A2MnZ4cTVHWQoNCgtna1BLcG95ckRFZwoNCgtINTYtNElEMXc5NAoNCgtUVWJTcW1YUTkzdwoNCgtzcXVwaGtKS2NSYwoNCgtGVmc5bVZNN2hBOAoNCgtyNFZ1UjkzWnhISQoNCgt3b0pLS3JrRFAwNAoNCgtiMElNd1VKamt1awoNCgtNSEMtb1NObmpHWRAJGBQiDgoGIgR0ZXJhEgR0ZXJhMAFwZIABAaoBBggBGgIYANoBoAQKBHRlcmESCGVuLUdCLUdCGo0ECoAEAACLPAAAW74AAKq9AADHvAAAdb4AAPi9AABLvgAA9zwAAI-9AAB4vgAA3D0AAHA9AAArPAAACT0AACK9AADTPAAAr7sAAPw8AACaPQAAiz0AAIg9AAAaPgAAqj0AAL69AACcPQAAQL4AAAi9AACtPQAAYr0AACy-AABLPgAAO70AABm8AAAaPQAAZzwAAJa9AACcvQAAwTwAAHy7AAAcvQAAXz0AAPo8AACXPAAAmrwAADS9AACIOgAAvz0AAAy9AAAwvQAAUj0AANW8AACQPQAALD0AALo9AAB-PQAAgrsAAH49AABAPgAAUD0AAFI9AAAOPAAAeL0AAMu7AADFPQAAor0AAHg8AABMPgAAbjwAAHC9AAD1PQAA870AAJA9AAC6uwAAGT4AAAI9AAC-vAAAND0AALg9AADOOwAA2T0AAPi9AADcuwAAyL0AANC7AACavQAAmD0AAJm9AAAQvgAAtTwAAKw8AAALvQAAvzsAAGW9AAC0vQAA3jwAABM9AAClvQAA0b0AABw9AAD-vAAAtr0AAD29AAADvQAAHr0AAKk9AACbPQAAvT0AAH69AADDPQAAJL4AAMg9AACtvQAAYj0AALI8AACGPQAAAbwAAGW-AABeugAAv70AAJ68AACpPQAAFD4AAFq9AADuvQAArL0AAOo9AAC_vQAAtz0YNiACQgQIABAB","loggingContext":{"vssLoggingContext":{"serializedContextData":"CgIIDA%3D%3D"},"qoeLoggingContext":{"serializedContextData":"CgIIDA%3D%3D"}},"ustreamerConfig":"CAw=","accessibilityRenderer":{"reelWatchAccessibilityRenderer":{"enablePlayPauseA11yButton":true,"loggingDirectives":{"trackingParams":"CJ0BENjLDiITCJjSyKL2pJQDFTV4KgkdCwE0mg==","visibility":{"types":"4"}}}}}}},"inlinePlayerData":{"onVisible":{"innertubeCommand":{"clickTrackingParams":"CJsBEIf2BBgJIhMImNLIovaklAMVNXgqCR0LATSaMgZzZWFyY2hSBHRlcmGaAQUIMhD0JMoBBEwf9WM=","commandMetadata":{"webCommandMetadata":{"url":"/watch?v=7Trt0xN8pPc&pp=YAHIAQHwAQG6AwIYAugFAaIGFQGEvXfTO4WqhqWnBz75s50Ws-jmRJAHAg%3D%3D","webPageType":"WEB_PAGE_TYPE_WATCH","rootVe":3832}},"watchEndpoint":{"videoId":"7Trt0xN8pPc","playerParams":"YAHIAQHwAQG6AwIYAugFAaIGFQGEvXfTO4WqhqWnBz75s50Ws-jmRJAHAg%3D%3D","playerExtraUrlParams":[{"key":"inline","value":"1"}],"watchEndpointSupportedOnesieConfig":{"html5PlaybackOnesieConfig":{"commonConfig":{"url":"https://rr2---sn-h4upouxgoxu-gq2e.googlevideo.com/initplayback?source=youtube&oeis=1&c=WEB&oad=3200&ovd=3200&oaad=11000&oavd=11000&ocs=700&oewis=1&oputc=1&ofpcc=1&msp=1&odepv=1&oreouc=1&id=ed3aedd3137ca4f7&ip=103.220.88.42&initcwndbps=947500&mt=1778078969&oweuc="}}}}}},"maxPlaybackLengthSec":0,"enableAudioControl":true},"menuOnTap":{"innertubeCommand":{"clickTrackingParams":"CJsBEIf2BBgJIhMImNLIovaklAMVNXgqCR0LATSaygEETB_1Yw==","showSheetCommand":{"panelLoadingStrategy":{"inlineContent":{"sheetViewModel":{"content":{"listViewModel":{"listItems":[{"listItemViewModel":{"title":{"content":"Add to queue"},"leadingImage":{"sources":[{"clientResource":{"imageName":"ADD_TO_QUEUE_TAIL"}}]},"rendererContext":{"loggingContext":{"loggingDirectives":{"trackingParams":"CJwBEP6YBBgCIhMImNLIovaklAMVNXgqCR0LATSa","visibility":{"types":"12"}}},"commandContext":{"onTap":{"innertubeCommand":{"clickTrackingParams":"CJwBEP6YBBgCIhMImNLIovaklAMVNXgqCR0LATSaygEETB_1Yw==","commandMetadata":{"webCommandMetadata":{"sendPost":true}},"signalServiceEndpoint":{"signal":"CLIENT_SIGNAL","actions":[{"clickTrackingParams":"CJwBEP6YBBgCIhMImNLIovaklAMVNXgqCR0LATSaygEETB_1Yw==","addToPlaylistCommand":{"openMiniplayer":true,"videoId":"7Trt0xN8pPc","listType":"PLAYLIST_EDIT_LIST_TYPE_QUEUE","onCreateListCommand":{"clickTrackingParams":"CJwBEP6YBBgCIhMImNLIovaklAMVNXgqCR0LATSaygEETB_1Yw==","commandMetadata":{"webCommandMetadata":{"sendPost":true,"apiUrl":"/youtubei/v1/playlist/create"}},"createPlaylistServiceEndpoint":{"videoIds":["7Trt0xN8pPc"],"params":"CAQ%3D"}},"videoIds":["7Trt0xN8pPc"],"videoCommand":{"clickTrackingParams":"CJwBEP6YBBgCIhMImNLIovaklAMVNXgqCR0LATSaygEETB_1Yw==","commandMetadata":{"webCommandMetadata":{"url":"/watch?v=7Trt0xN8pPc","webPageType":"WEB_PAGE_TYPE_WATCH","rootVe":3832}},"watchEndpoint":{"videoId":"7Trt0xN8pPc","watchEndpointSupportedOnesieConfig":{"html5PlaybackOnesieConfig":{"commonConfig":{"url":"https://rr2---sn-h4upouxgoxu-gq2e.googlevideo.com/initplayback?source=youtube&oeis=1&c=WEB&oad=3200&ovd=3200&oaad=11000&oavd=11000&
1778079488.791 10430   567   710 I OkHttp  : ocs=700&oewis=1&oputc=1&ofpcc=1&msp=1&odepv=1&oreouc=1&id=ed3aedd3137ca4f7&ip=103.220.88.42&initcwndbps=947500&mt=1778078969&oweuc="}}}}}}}]}}}}}}},{"listItemViewModel":{"title":{"content":"Send feedback"},"leadingImage":{"sources":[{"clientResource":{"imageName":"FEEDBACK"}}]},"rendererContext":{"commandContext":{"onTap":{"innertubeCommand":{"clickTrackingParams":"CJsBEIf2BBgJIhMImNLIovaklAMVNXgqCR0LATSaygEETB_1Yw==","commandMetadata":{"webCommandMetadata":{"ignoreNavigation":true}},"userFeedbackEndpoint":{"additionalDatas":[{"userFeedbackEndpointProductSpecificValueData":{"key":"video_id","value":"7Trt0xN8pPc"}},{"userFeedbackEndpointProductSpecificValueData":{"key":"lockup","value":"shelf"}}]}}}}}}}]}}}}}}}},"indexInCollection":0,"menuOnTapA11yLabel":"More actions","overlayMetadata":{"primaryText":{"content":"#SHER | Tera Kasoor song | #sarakhanofficial #danishtaimoor #cheemaofficial"},"secondaryText":{"content":"10m views"}},"thumbnailViewModel":{"thumbnailViewModel":{"image":{"sources":[{"url":"https://i.ytimg.com/vi/7Trt0xN8pPc/oardefault.jpg?sqp=-oaymwEkCJUDENAFSFqQAgHyq4qpAxMIARUAAAAAJQAAyEI9AICiQ3gB&rs=AOn4CLAZ7fwZkt78RnqNT5BA_wN2GR_rpA&usqp=CCk","width":405,"height":720},{"url":"https://i.ytimg.com/vi/7Trt0xN8pPc/oardefault.jpg?sqp=-oaymwEnCJUDEOAESFqQAgHyq4qpAxYIARUAAAAAJQAAyEI9AICiQ3gByAEB&rs=AOn4CLBgfCk-XfpJVxojWB35MqpUXYjByQ&usqp=CCk","width":405,"height":608}]}}},"stackedFrameData":{},"titleTruncationStyle":"SHORTS_LOCKUP_TITLE_TRUNCATION_STYLE_UNKNOWN","loggingDirectives":{"trackingParams":"CJsBEIf2BBgJIhMImNLIovaklAMVNXgqCR0LATSa","visibility":{"types":"12"}}}}],"header":{"sectionHeaderViewModel":{"headline":{"content":"Shorts"},"leadingAccessory":{"image":{"sources":[{"clientResource":{"imageName":"YOUTUBE_SHORTS_BRAND_24"}}]}}}},"contentAspectRatio":"GRID_SHELF_CONTENT_ASPECT_RATIO_TWO_BY_THREE","enableVerticalExpansion":true,"showMoreButton":{"buttonViewModel":{"iconName":"EXPAND","title":"Show more","style":"BUTTON_VIEW_MODEL_STYLE_MONO","trackingParams":"CJoBEPBbIhMImNLIovaklAMVNXgqCR0LATSa","type":"BUTTON_VIEW_MODEL_TYPE_OUTLINE","buttonSize":"BUTTON_VIEW_MODEL_SIZE_DEFAULT","state":"BUTTON_VIEW_MODEL_STATE_ACTIVE","iconPosition":"BUTTON_VIEW_MODEL_ICON_POSITION_TRAILING"}},"showLessButton":{"buttonViewModel":{"iconName":"COLLAPSE","title":"Show less","style":"BUTTON_VIEW_MODEL_STYLE_MONO","trackingParams":"CJkBEPBbIhMImNLIovaklAMVNXgqCR0LATSa","type":"BUTTON_VIEW_MODEL_TYPE_OUTLINE","buttonSize":"BUTTON_VIEW_MODEL_SIZE_DEFAULT","state":"BUTTON_VIEW_MODEL_STATE_ACTIVE","iconPosition":"BUTTON_VIEW_MODEL_ICON_POSITION_TRAILING"}},"minCollapsedItemCount":3,"loggingDirectives":{"trackingParams":"CJgBEJSUChgJIhMImNLIovaklAMVNXgqCR0LATSa","visibility":{"types":"12"}}}},{"videoRenderer":{"videoId":"i_HFdi1xxFM","thumbnail":{"thumbnails":[{"url":"https://i.ytimg.com/vi/i_HFdi1xxFM/hq720.jpg?sqp=-oaymwEjCOgCEMoBSFryq4qpAxUIARUAAAAAGAElAADIQj0AgKJDeAE=&rs=AOn4CLBKM1UBBcRF1w5p0qvtSXqMFT_KPg","width":360,"height":202},{"url":"https://i.ytimg.com/vi/i_HFdi1xxFM/hq720.jpg?sqp=-oaymwEXCNAFEJQDSFryq4qpAwkIARUAAIhCGAE=&rs=AOn4CLDeR_D-WuCpxh2ekbMruIGi53XMJg","width":720,"height":404}]},"title":{"runs":[{"text":"Tera Deedar Hua - Full Song | Emraan Hashmi | Esha Gupta | Pritam | Javed Ali"}],"accessibility":{"accessibilityData":{"label":"Tera Deedar Hua - Full Song | Emraan Hashmi | Esha Gupta | Pritam | Javed Ali 3 minutes, 37 seconds"}}},"longBylineText":{"runs":[{"text":"SonyMusicIndiaVEVO","navigationEndpoint":{"clickTrackingParams":"CJMBENwwGAoiEwiY0sii9qSUAxU1eCoJHQsBNJrKAQRMH_Vj","commandMetadata":{"webCommandMetadata":{"url":"/@sonymusicindiaVEVO","webPageType":"WEB_PAGE_TYPE_CHANNEL","rootVe":3611,"apiUrl":"/youtubei/v1/browse"}},"browseEndpoint":{"browseId":"UC3MLnJtqc_phABBriLRhtgQ","canonicalBaseUrl":"/@sonymusicindiaVEVO"}}}]},"publishedTimeText":{"simpleText":"12 years ago"},"lengthText":{"accessibility":{"accessibilityData":{"label":"3 minutes, 37 seconds"}},"simpleText":"3:37"},"viewCountText":{"simpleText":"83,518,735 views"},"naviga
1778079488.791 10430   567   710 I OkHttp  : tionEndpoint":{"clickTrackingParams":"CJMBENwwGAoiEwiY0sii9qSUAxU1eCoJHQsBNJoyBnNlYXJjaFIEdGVyYZoBAxD0JMoBBEwf9WM=","commandMetadata":{"webCommandMetadata":{"url":"/watch?v=i_HFdi1xxFM&list=RDi_HFdi1xxFM&start_radio=1&pp=ygUEdGVyYaAHAQ%3D%3D","webPageType":"WEB_PAGE_TYPE_WATCH","rootVe":3832}},"watchEndpoint":{"videoId":"i_HFdi1xxFM","playlistId":"RDi_HFdi1xxFM","params":"OAHAAQGqAwR0ZXJhugMLCLKuzODRmYqC3gG6AwsItty9h-vswc7QAboDCwiqsd6T-JzL6swBugMKCMKt85S8g_6xCboDCgjsw5WDsoTC1ni6AwsIpo6l3ICq7J2tAboDCgisyby669XPrgW6AwoImMe5reKWuZ8zugMKCKvfo-iFp93rKroDCwi6-Lne7q720twBugMLCPOpr92hvJXB-wG6AwsIwuuSpqnY4PHEAboDCgjwvb2cqZzjqCC6AwsI4qSo7eq5vNCVAboDCgjmr53kpb3Wqjm6AwoIj_DN7L20oPxwugMLCJDWscyxyv_XmQG6AwoIisr7rvWzvu5B8gMFDV8BHT-4BQE%3D","playerParams":"ygUEdGVyYaAHAQ%3D%3D","loggingContext":{"vssLoggingContext":{"serializedContextData":"Gg1SRGlfSEZkaTF4eEZN"}},"watchEndpointSupportedOnesieConfig":{"html5PlaybackOnesieConfig":{"commonConfig":{"url":"https://rr1---sn-h4upouxgoxu-gq2e.googlevideo.com/initplayback?source=youtube&oeis=1&c=WEB&oad=3200&ovd=3200&oaad=11000&oavd=11000&ocs=700&oewis=1&oputc=1&ofpcc=1&msp=1&odepv=1&oreouc=1&id=8bf1c5762d71c453&ip=103.220.88.42&initcwndbps=947500&mt=1778078969&oweuc="}}}}},"ownerBadges":[{"metadataBadgeRenderer":{"icon":{"iconType":"CHECK_CIRCLE_THICK"},"style":"BADGE_STYLE_TYPE_VERIFIED","tooltip":"Verified","trackingParams":"CJMBENwwGAoiEwiY0sii9qSUAxU1eCoJHQsBNJo=","accessibilityData":{"label":"Verified"}}}],"ownerText":{"runs":[{"text":"SonyMusicIndiaVEVO","navigationEndpoint":{"clickTrackingParams":"CJMBENwwGAoiEwiY0sii9qSUAxU1eCoJHQsBNJrKAQRMH_Vj","commandMetadata":{"webCommandMetadata":{"url":"/@sonymusicindiaVEVO","webPageType":"WEB_PAGE_TYPE_CHANNEL","rootVe":3611,"apiUrl":"/youtubei/v1/browse"}},"browseEndpoint":{"browseId":"UC3MLnJtqc_phABBriLRhtgQ","canonicalBaseUrl":"/@sonymusicindiaVEVO"}}}]},"shortBylineText":{"runs":[{"text":"SonyMusicIndiaVEVO","navigationEndpoint":{"clickTrackingParams":"CJMBENwwGAoiEwiY0sii9qSUAxU1eCoJHQsBNJrKAQRMH_Vj","commandMetadata":{"webCommandMetadata":{"url":"/@sonymusicindiaVEVO","webPageType":"WEB_PAGE_TYPE_CHANNEL","rootVe":3611,"apiUrl":"/youtubei/v1/browse"}},"browseEndpoint":{"browseId":"UC3MLnJtqc_phABBriLRhtgQ","canonicalBaseUrl":"/@sonymusicindiaVEVO"}}}]},"trackingParams":"CJMBENwwGAoiEwiY0sii9qSUAxU1eCoJHQsBNJpA04jH6-Ku8fiLAQ==","showActionMenu":false,"shortViewCountText":{"accessibility":{"accessibilityData":{"label":"83 million views"}},"simpleText":"83m views"},"menu":{"menuRenderer":{"items":[{"menuServiceItemRenderer":{"text":{"runs":[{"text":"Add to queue"}]},"icon":{"iconType":"ADD_TO_QUEUE_TAIL"},"serviceEndpoint":{"clickTrackingParams":"CJcBEP6YBBgPIhMImNLIovaklAMVNXgqCR0LATSaygEETB_1Yw==","commandMetadata":{"webCommandMetadata":{"sendPost":true}},"signalServiceEndpoint":{"signal":"CLIENT_SIGNAL","actions":[{"clickTrackingParams":"CJcBEP6YBBgPIhMImNLIovaklAMVNXgqCR0LATSaygEETB_1Yw==","addToPlaylistCommand":{"openMiniplayer":true,"videoId":"i_HFdi1xxFM","listType":"PLAYLIST_EDIT_LIST_TYPE_QUEUE","onCreateListCommand":{"clickTrackingParams":"CJcBEP6YBBgPIhMImNLIovaklAMVNXgqCR0LATSaygEETB_1Yw==","commandMetadata":{"webCommandMetadata":{"sendPost":true,"apiUrl":"/youtubei/v1/playlist/create"}},"createPlaylistServiceEndpoint":{"videoIds":["i_HFdi1xxFM"],"params":"CAQ%3D"}},"videoIds":["i_HFdi1xxFM"],"videoCommand":{"clickTrackingParams":"CJcBEP6YBBgPIhMImNLIovaklAMVNXgqCR0LATSaygEETB_1Yw==","commandMetadata":{"webCommandMetadata":{"url":"/watch?v=i_HFdi1xxFM","webPageType":"WEB_PAGE_TYPE_WATCH","rootVe":3832}},"watchEndpoint":{"videoId":"i_HFdi1xxFM","watchEndpointSupportedOnesieConfig":{"html5PlaybackOnesieConfig":{"commonConfig":{"url":"https://rr1---sn-h4upouxgoxu-gq2e.googlevideo.com/initplayback?source=youtube&oeis=1&c=WEB&oad=3200&ovd=3200&oaad=11000&oavd=11000&ocs=700&oewis=1&oputc=1&ofpcc=1&msp=1&odepv=1&oreouc=1&id=8bf1c5762d71c453&ip=103.220.88.42&initcwndbps=947500&mt=1778078969&oweuc="}}}}}}}]}},"trackingParams":"CJcBEP6YBBgPIhMImNLIovaklAMVNXgqCR0LATSa"}},{
1778079488.791 10430   567   710 I OkHttp  : "menuServiceItemRenderer":{"text":{"runs":[{"text":"Share"}]},"icon":{"iconType":"SHARE"},"serviceEndpoint":{"clickTrackingParams":"CJMBENwwGAoiEwiY0sii9qSUAxU1eCoJHQsBNJrKAQRMH_Vj","commandMetadata":{"webCommandMetadata":{"sendPost":true,"apiUrl":"/youtubei/v1/share/get_share_panel"}},"shareEntityServiceEndpoint":{"serializedShareEntity":"CgtpX0hGZGkxeHhGTQ%3D%3D","commands":[{"clickTrackingParams":"CJMBENwwGAoiEwiY0sii9qSUAxU1eCoJHQsBNJrKAQRMH_Vj","openPopupAction":{"popup":{"unifiedSharePanelRenderer":{"trackingParams":"CJYBEI5iIhMImNLIovaklAMVNXgqCR0LATSa","showLoadingSpinner":true}},"popupType":"DIALOG","beReused":true}}]}},"trackingParams":"CJMBENwwGAoiEwiY0sii9qSUAxU1eCoJHQsBNJo=","hasSeparator":true}}],"trackingParams":"CJMBENwwGAoiEwiY0sii9qSUAxU1eCoJHQsBNJo=","accessibility":{"accessibilityData":{"label":"Action menu"}}}},"channelThumbnailSupportedRenderers":{"channelThumbnailWithLinkRenderer":{"thumbnail":{"thumbnails":[{"url":"https://yt3.ggpht.com/R04QrRbPUZuuVoM8Qw4JPw3xXJb-6AaO4L8D_mHIOgY_3ZGdeTXWxASkdJK811RqrxyK_fBWmzw=s68-c-k-c0x00ffffff-no-rj","width":68,"height":68}]},"navigationEndpoint":{"clickTrackingParams":"CJMBENwwGAoiEwiY0sii9qSUAxU1eCoJHQsBNJrKAQRMH_Vj","commandMetadata":{"webCommandMetadata":{"url":"/@sonymusicindiaVEVO","webPageType":"WEB_PAGE_TYPE_CHANNEL","rootVe":3611,"apiUrl":"/youtubei/v1/browse"}},"browseEndpoint":{"browseId":"UC3MLnJtqc_phABBriLRhtgQ","canonicalBaseUrl":"/@sonymusicindiaVEVO"}},"accessibility":{"accessibilityData":{"label":"Go to channel SonyMusicIndiaVEVO"}}}},"thumbnailOverlays":[{"thumbnailOverlayTimeStatusRenderer":{"text":{"accessibility":{"accessibilityData":{"label":"3 minutes, 37 seconds"}},"simpleText":"3:37"},"style":"DEFAULT","icon":{"iconType":"MUSIC"}}},{"thumbnailOverlayToggleButtonRenderer":{"isToggled":false,"untoggledIcon":{"iconType":"WATCH_LATER"},"toggledIcon":{"iconType":"CHECK"},"untoggledTooltip":"Watch Later","toggledTooltip":"Added","untoggledServiceEndpoint":{"clickTrackingParams":"CJUBEPnnAxgCIhMImNLIovaklAMVNXgqCR0LATSaygEETB_1Yw==","commandMetadata":{"webCommandMetadata":{"sendPost":true,"apiUrl":"/youtubei/v1/browse/edit_playlist"}},"playlistEditEndpoint":{"playlistId":"WL","actions":[{"addedVideoId":"i_HFdi1xxFM","action":"ACTION_ADD_VIDEO"}]}},"toggledServiceEndpoint":{"clickTrackingParams":"CJUBEPnnAxgCIhMImNLIovaklAMVNXgqCR0LATSaygEETB_1Yw==","commandMetadata":{"webCommandMetadata":{"sendPost":true,"apiUrl":"/youtubei/v1/browse/edit_playlist"}},"playlistEditEndpoint":{"playlistId":"WL","actions":[{"action":"ACTION_REMOVE_VIDEO_BY_VIDEO_ID","removedVideoId":"i_HFdi1xxFM"}]}},"untoggledAccessibility":{"accessibilityData":{"label":"Watch Later"}},"toggledAccessibility":{"accessibilityData":{"label":"Added"}},"trackingParams":"CJUBEPnnAxgCIhMImNLIovaklAMVNXgqCR0LATSa"}},{"thumbnailOverlayToggleButtonRenderer":{"untoggledIcon":{"iconType":"ADD_TO_QUEUE_TAIL"},"toggledIcon":{"iconType":"PLAYLIST_ADD_CHECK"},"untoggledTooltip":"Add to queue","toggledTooltip":"Added","untoggledServiceEndpoint":{"clickTrackingParams":"CJQBEMfsBBgDIhMImNLIovaklAMVNXgqCR0LATSaygEETB_1Yw==","commandMetadata":{"webCommandMetadata":{"sendPost":true}},"signalServiceEndpoint":{"signal":"CLIENT_SIGNAL","actions":[{"clickTrackingParams":"CJQBEMfsBBgDIhMImNLIovaklAMVNXgqCR0LATSaygEETB_1Yw==","addToPlaylistCommand":{"openMiniplayer":true,"videoId":"i_HFdi1xxFM","listType":"PLAYLIST_EDIT_LIST_TYPE_QUEUE","onCreateListCommand":{"clickTrackingParams":"CJQBEMfsBBgDIhMImNLIovaklAMVNXgqCR0LATSaygEETB_1Yw==","commandMetadata":{"webCommandMetadata":{"sendPost":true,"apiUrl":"/youtubei/v1/playlist/create"}},"createPlaylistServiceEndpoint":{"videoIds":["i_HFdi1xxFM"],"params":"CAQ%3D"}},"videoIds":["i_HFdi1xxFM"]}}]}},"untoggledAccessibility":{"accessibilityData":{"label":"Add to queue"}},"toggledAccessibility":{"accessibilityData":{"label":"Added"}},"trackingParams":"CJQBEMfsBBgDIhMImNLIovaklAMVNXgqCR0LATSa"}},{"thumbnailOverlayNowPlayingRenderer":{"text":{"runs":[{"text":"Now playing"}]}}},{"thumbnailOverlayLoadi
1778079488.793 10430   567   710 I OkHttp  : E","onCreateListCommand":{"clickTrackingParams":"CHYQx-wEGAQiEwiY0sii9qSUAxU1eCoJHQsBNJrKAQRMH_Vj","commandMetadata":{"webCommandMetadata":{"sendPost":true,"apiUrl":"/youtubei/v1/playlist/create"}},"createPlaylistServiceEndpoint":{"videoIds":["U6_my-35VrM"],"params":"CAQ%3D"}},"videoIds":["U6_my-35VrM"]}}]}},"untoggledAccessibility":{"accessibilityData":{"label":"Add to queue"}},"toggledAccessibility":{"accessibilityData":{"label":"Added"}},"trackingParams":"CHYQx-wEGAQiEwiY0sii9qSUAxU1eCoJHQsBNJo="}},{"thumbnailOverlayNowPlayingRenderer":{"text":{"runs":[{"text":"Now playing"}]}}},{"thumbnailOverlayLoadingPreviewRenderer":{"text":{"runs":[{"text":"Keep hovering to play"}]}}}],"detailedMetadataSnippets":[{"snippetText":{"runs":[{"text":"Agar mohabbat sacchi ho… to bhoolna namumkin ho jata hai Ye gaana un logon ke liye hai jinhone kisi se dil se pyar kiya…"}]},"snippetHoverText":{"runs":[{"text":"From the video description"}]},"maxOneLine":false}],"inlinePlaybackEndpoint":{"clickTrackingParams":"CHUQ3DAYASITCJjSyKL2pJQDFTV4KgkdCwE0mjIGc2VhcmNoUgR0ZXJhmgEDEPQkygEETB_1Yw==","commandMetadata":{"webCommandMetadata":{"url":"/watch?v=U6_my-35VrM&pp=YAHIAQGiBhUBhL130wwxTzvZ_LSpNvFhYceNWAY%3D","webPageType":"WEB_PAGE_TYPE_WATCH","rootVe":3832}},"watchEndpoint":{"videoId":"U6_my-35VrM","params":"8gMFDV8BHT8%3D","playerParams":"YAHIAQGiBhUBhL130wwxTzvZ_LSpNvFhYceNWAY%3D","playerExtraUrlParams":[{"key":"inline","value":"1"}],"watchEndpointSupportedOnesieConfig":{"html5PlaybackOnesieConfig":{"commonConfig":{"url":"https://rr2---sn-h4upouxgoxu-gq2e.googlevideo.com/initplayback?source=youtube&oeis=1&c=WEB&oad=3200&ovd=3200&oaad=11000&oavd=11000&ocs=700&oewis=1&oputc=1&ofpcc=1&msp=1&odepv=1&oreouc=1&id=53afe6cbedf956b3&ip=103.220.88.42&initcwndbps=947500&mt=1778078969&oweuc="}}}}},"searchVideoResultEntityKey":"EgtVNl9teS0zNVZyTSDnAigB","avatar":{"decoratedAvatarViewModel":{"avatar":{"avatarViewModel":{"image":{"sources":[{"url":"https://yt3.ggpht.com/TsZq46p8YplFqQwai157Noob2Iln52Ec7byDqMoxnZqdD3hSFSLDjMkGCVYteyNpV7UC2bXf5A=s88-c-k-c0x00ffffff-no-rj","width":68,"height":68}]},"avatarImageSize":"AVATAR_SIZE_M"}},"a11yLabel":"Go to channel Broken Vibes","rendererContext":{"commandContext":{"onTap":{"innertubeCommand":{"clickTrackingParams":"CHUQ3DAYASITCJjSyKL2pJQDFTV4KgkdCwE0msoBBEwf9WM=","commandMetadata":{"webCommandMetadata":{"url":"/channel/UCQeXer_IUmdX-w8_PgVJ8zQ","webPageType":"WEB_PAGE_TYPE_CHANNEL","rootVe":3611,"apiUrl":"/youtubei/v1/browse"}},"browseEndpoint":{"browseId":"UCQeXer_IUmdX-w8_PgVJ8zQ"}}}}}}}}},{"videoRenderer":{"videoId":"5ReyoNZ3YvM","thumbnail":{"thumbnails":[{"url":"https://i.ytimg.com/vi/5ReyoNZ3YvM/hq720.jpg?sqp=-oaymwEjCOgCEMoBSFryq4qpAxUIARUAAAAAGAElAADIQj0AgKJDeAE=&rs=AOn4CLCf6nmmwRJwMDecdtKQ8MBca9IiKw","width":360,"height":202},{"url":"https://i.ytimg.com/vi/5ReyoNZ3YvM/hq720.jpg?sqp=-oaymwEXCNAFEJQDSFryq4qpAwkIARUAAIhCGAE=&rs=AOn4CLAHEb393ubZODnNrblUtNR8Hyulwg","width":720,"height":404}]},"title":{"runs":[{"text":"O Rabba l Sath Chhodu Na Tera l ओ रब्बा l साथ छोडूं ना तेरा l Udit Narayan #hindisong #uditnarayan "}],"accessibility":{"accessibilityData":{"label":"O Rabba l Sath Chhodu Na Tera l ओ रब्बा l साथ छोडूं ना तेरा l Udit Narayan #hindisong #uditnarayan  7 minutes, 51 seconds"}}},"longBylineText":{"runs":[{"text":"NIKI@.","navigationEndpoint":{"clickTrackingParams":"CHAQ3DAYAiITCJjSyKL2pJQDFTV4KgkdCwE0msoBBEwf9WM=","commandMetadata":{"webCommandMetadata":{"url":"/@Niki19906","webPageType":"WEB_PAGE_TYPE_CHANNEL","rootVe":3611,"apiUrl":"/youtubei/v1/browse"}},"browseEndpoint":{"browseId":"UCPfW8qfdl48sIzMPM1pcV4w","canonicalBaseUrl":"/@Niki19906"}}}]},"publishedTimeText":{"simpleText":"5 days ago"},"lengthText":{"accessibility":{"accessibilityData":{"label":"7 minutes, 51 seconds"}},"simpleText":"7:51"},"viewCountText":{"simpleText":"413,383 views"},"navigationEndpoint":{"clickTrackingParams":"CHAQ3DAYAiITCJjSyKL2pJQDFTV4KgkdCwE0mjIGc2VhcmNoUgR0ZXJhmgEDEPQkygEETB_1Yw==","commandMet
1778079488.793 10430   567   710 I OkHttp  : 3YvM&list=RD5ReyoNZ3YvM&start_radio=1&pp=ygUEdGVyYaAHAQ%3D%3D","webPageType":"WEB_PAGE_TYPE_WATCH","rootVe":3832}},"watchEndpoint":{"videoId":"5ReyoNZ3YvM","playlistId":"RD5ReyoNZ3YvM","params":"OAHAAQHyAwUNXwEdP7gFAQ%3D%3D","playerParams":"ygUEdGVyYaAHAQ%3D%3D","loggingContext":{"vssLoggingContext":{"serializedContextData":"Gg1SRDVSZXlvTlozWXZN"}},"watchEndpointSupportedOnesieConfig":{"html5PlaybackOnesieConfig":{"commonConfig":{"url":"https://rr2---sn-h4upouxgoxu-gq2e.googlevideo.com/initplayback?source=youtube&oeis=1&c=WEB&oad=3200&ovd=3200&oaad=11000&oavd=11000&ocs=700&oewis=1&oputc=1&ofpcc=1&msp=1&odepv=1&oreouc=1&id=e517b2a0d67762f3&ip=103.220.88.42&initcwndbps=947500&mt=1778078969&oweuc="}}}}},"badges":[{"metadataBadgeRenderer":{"style":"BADGE_STYLE_TYPE_SIMPLE","label":"New","trackingParams":"CHAQ3DAYAiITCJjSyKL2pJQDFTV4KgkdCwE0mg=="}},{"metadataBadgeRenderer":{"style":"BADGE_STYLE_TYPE_SIMPLE","label":"4K","trackingParams":"CHAQ3DAYAiITCJjSyKL2pJQDFTV4KgkdCwE0mg=="}}],"ownerText":{"runs":[{"text":"NIKI@.","navigationEndpoint":{"clickTrackingParams":"CHAQ3DAYAiITCJjSyKL2pJQDFTV4KgkdCwE0msoBBEwf9WM=","commandMetadata":{"webCommandMetadata":{"url":"/@Niki19906","webPageType":"WEB_PAGE_TYPE_CHANNEL","rootVe":3611,"apiUrl":"/youtubei/v1/browse"}},"browseEndpoint":{"browseId":"UCPfW8qfdl48sIzMPM1pcV4w","canonicalBaseUrl":"/@Niki19906"}}}]},"shortBylineText":{"runs":[{"text":"NIKI@.","navigationEndpoint":{"clickTrackingParams":"CHAQ3DAYAiITCJjSyKL2pJQDFTV4KgkdCwE0msoBBEwf9WM=","commandMetadata":{"webCommandMetadata":{"url":"/@Niki19906","webPageType":"WEB_PAGE_TYPE_CHANNEL","rootVe":3611,"apiUrl":"/youtubei/v1/browse"}},"browseEndpoint":{"browseId":"UCPfW8qfdl48sIzMPM1pcV4w","canonicalBaseUrl":"/@Niki19906"}}}]},"trackingParams":"CHAQ3DAYAiITCJjSyKL2pJQDFTV4KgkdCwE0mkDzxd2zjdTsi-UB","showActionMenu":false,"shortViewCountText":{"accessibility":{"accessibilityData":{"label":"413 thousand views"}},"simpleText":"413k views"},"menu":{"menuRenderer":{"items":[{"menuServiceItemRenderer":{"text":{"runs":[{"text":"Add to queue"}]},"icon":{"iconType":"ADD_TO_QUEUE_TAIL"},"serviceEndpoint":{"clickTrackingParams":"CHQQ_pgEGBAiEwiY0sii9qSUAxU1eCoJHQsBNJrKAQRMH_Vj","commandMetadata":{"webCommandMetadata":{"sendPost":true}},"signalServiceEndpoint":{"signal":"CLIENT_SIGNAL","actions":[{"clickTrackingParams":"CHQQ_pgEGBAiEwiY0sii9qSUAxU1eCoJHQsBNJrKAQRMH_Vj","addToPlaylistCommand":{"openMiniplayer":true,"videoId":"5ReyoNZ3YvM","listType":"PLAYLIST_EDIT_LIST_TYPE_QUEUE","onCreateListCommand":{"clickTrackingParams":"CHQQ_pgEGBAiEwiY0sii9qSUAxU1eCoJHQsBNJrKAQRMH_Vj","commandMetadata":{"webCommandMetadata":{"sendPost":true,"apiUrl":"/youtubei/v1/playlist/create"}},"createPlaylistServiceEndpoint":{"videoIds":["5ReyoNZ3YvM"],"params":"CAQ%3D"}},"videoIds":["5ReyoNZ3YvM"],"videoCommand":{"clickTrackingParams":"CHQQ_pgEGBAiEwiY0sii9qSUAxU1eCoJHQsBNJrKAQRMH_Vj","commandMetadata":{"webCommandMetadata":{"url":"/watch?v=5ReyoNZ3YvM","webPageType":"WEB_PAGE_TYPE_WATCH","rootVe":3832}},"watchEndpoint":{"videoId":"5ReyoNZ3YvM","watchEndpointSupportedOnesieConfig":{"html5PlaybackOnesieConfig":{"commonConfig":{"url":"https://rr2---sn-h4upouxgoxu-gq2e.googlevideo.com/initplayback?source=youtube&oeis=1&c=WEB&oad=3200&ovd=3200&oaad=11000&oavd=11000&ocs=700&oewis=1&oputc=1&ofpcc=1&msp=1&odepv=1&oreouc=1&id=e517b2a0d67762f3&ip=103.220.88.42&initcwndbps=947500&mt=1778078969&oweuc="}}}}}}}]}},"trackingParams":"CHQQ_pgEGBAiEwiY0sii9qSUAxU1eCoJHQsBNJo="}},{"menuServiceItemRenderer":{"text":{"runs":[{"text":"Share"}]},"icon":{"iconType":"SHARE"},"serviceEndpoint":{"clickTrackingParams":"CHAQ3DAYAiITCJjSyKL2pJQDFTV4KgkdCwE0msoBBEwf9WM=","commandMetadata":{"webCommandMetadata":{"sendPost":true,"apiUrl":"/youtubei/v1/share/get_share_panel"}},"shareEntityServiceEndpoint":{"serializedShareEntity":"Cgs1UmV5b05aM1l2TQ%3D%3D","commands":[{"clickTrackingParams":"CHAQ3DAYAiITCJjSyKL2pJQDFTV4KgkdCwE0msoBBEwf9WM=","openPopupAction":{"popup":{"unifiedSharePanelRenderer":{"trackingParams":"CHMQjmIiEwiY0sii9qS
1778079488.793 10430   567   710 I OkHttp  : UAxU1eCoJHQsBNJo=","showLoadingSpinner":true}},"popupType":"DIALOG","beReused":true}}]}},"trackingParams":"CHAQ3DAYAiITCJjSyKL2pJQDFTV4KgkdCwE0mg==","hasSeparator":true}}],"trackingParams":"CHAQ3DAYAiITCJjSyKL2pJQDFTV4KgkdCwE0mg==","accessibility":{"accessibilityData":{"label":"Action menu"}}}},"channelThumbnailSupportedRenderers":{"channelThumbnailWithLinkRenderer":{"thumbnail":{"thumbnails":[{"url":"https://yt3.ggpht.com/gX-x8cXNjWsr-ratfZ-gyLHE5hOI0gYdUkf0Mdf8v-DjBo5i4CLEY0Amb6YNsIutihod8p3qQtI=s68-c-k-c0x00ffffff-no-rj","width":68,"height":68}]},"navigationEndpoint":{"clickTrackingParams":"CHAQ3DAYAiITCJjSyKL2pJQDFTV4KgkdCwE0msoBBEwf9WM=","commandMetadata":{"webCommandMetadata":{"url":"/@Niki19906","webPageType":"WEB_PAGE_TYPE_CHANNEL","rootVe":3611,"apiUrl":"/youtubei/v1/browse"}},"browseEndpoint":{"browseId":"UCPfW8qfdl48sIzMPM1pcV4w","canonicalBaseUrl":"/@Niki19906"}},"accessibility":{"accessibilityData":{"label":"Go to channel NIKI@."}}}},"thumbnailOverlays":[{"thumbnailOverlayTimeStatusRenderer":{"text":{"accessibility":{"accessibilityData":{"label":"7 minutes, 51 seconds"}},"simpleText":"7:51"},"style":"DEFAULT","icon":{"iconType":"MUSIC"}}},{"thumbnailOverlayToggleButtonRenderer":{"isToggled":false,"untoggledIcon":{"iconType":"WATCH_LATER"},"toggledIcon":{"iconType":"CHECK"},"untoggledTooltip":"Watch Later","toggledTooltip":"Added","untoggledServiceEndpoint":{"clickTrackingParams":"CHIQ-ecDGAMiEwiY0sii9qSUAxU1eCoJHQsBNJrKAQRMH_Vj","commandMetadata":{"webCommandMetadata":{"sendPost":true,"apiUrl":"/youtubei/v1/browse/edit_playlist"}},"playlistEditEndpoint":{"playlistId":"WL","actions":[{"addedVideoId":"5ReyoNZ3YvM","action":"ACTION_ADD_VIDEO"}]}},"toggledServiceEndpoint":{"clickTrackingParams":"CHIQ-ecDGAMiEwiY0sii9qSUAxU1eCoJHQsBNJrKAQRMH_Vj","commandMetadata":{"webCommandMetadata":{"sendPost":true,"apiUrl":"/youtubei/v1/browse/edit_playlist"}},"playlistEditEndpoint":{"playlistId":"WL","actions":[{"action":"ACTION_REMOVE_VIDEO_BY_VIDEO_ID","removedVideoId":"5ReyoNZ3YvM"}]}},"untoggledAccessibility":{"accessibilityData":{"label":"Watch Later"}},"toggledAccessibility":{"accessibilityData":{"label":"Added"}},"trackingParams":"CHIQ-ecDGAMiEwiY0sii9qSUAxU1eCoJHQsBNJo="}},{"thumbnailOverlayToggleButtonRenderer":{"untoggledIcon":{"iconType":"ADD_TO_QUEUE_TAIL"},"toggledIcon":{"iconType":"PLAYLIST_ADD_CHECK"},"untoggledTooltip":"Add to queue","toggledTooltip":"Added","untoggledServiceEndpoint":{"clickTrackingParams":"CHEQx-wEGAQiEwiY0sii9qSUAxU1eCoJHQsBNJrKAQRMH_Vj","commandMetadata":{"webCommandMetadata":{"sendPost":true}},"signalServiceEndpoint":{"signal":"CLIENT_SIGNAL","actions":[{"clickTrackingParams":"CHEQx-wEGAQiEwiY0sii9qSUAxU1eCoJHQsBNJrKAQRMH_Vj","addToPlaylistCommand":{"openMiniplayer":true,"videoId":"5ReyoNZ3YvM","listType":"PLAYLIST_EDIT_LIST_TYPE_QUEUE","onCreateListCommand":{"clickTrackingParams":"CHEQx-wEGAQiEwiY0sii9qSUAxU1eCoJHQsBNJrKAQRMH_Vj","commandMetadata":{"webCommandMetadata":{"sendPost":true,"apiUrl":"/youtubei/v1/playlist/create"}},"createPlaylistServiceEndpoint":{"videoIds":["5ReyoNZ3YvM"],"params":"CAQ%3D"}},"videoIds":["5ReyoNZ3YvM"]}}]}},"untoggledAccessibility":{"accessibilityData":{"label":"Add to queue"}},"toggledAccessibility":{"accessibilityData":{"label":"Added"}},"trackingParams":"CHEQx-wEGAQiEwiY0sii9qSUAxU1eCoJHQsBNJo="}},{"thumbnailOverlayNowPlayingRenderer":{"text":{"runs":[{"text":"Now playing"}]}}},{"thumbnailOverlayLoadingPreviewRenderer":{"text":{"runs":[{"text":"Keep hovering to play"}]}}}],"detailedMetadataSnippets":[{"snippetText":{"runs":[{"text":"O Rabba l Sath Chhodu Na "},{"text":"Tera","bold":true},{"text":" l ओ रब्बा l साथ छोडूं ना तेरा l Udit Narayan #hindisong #uditnarayan ..."}]},"snippetHoverText":{"runs":[{"text":"From the video description"}]},"maxOneLine":false}],"inlinePlaybackEndpoint":{"clickTrackingParams":"CHAQ3DAYAiITCJjSyKL2pJQDFTV4KgkdCwE0mjIGc2VhcmNoUgR0ZXJhmgEDEPQkygEETB_1Yw==","commandMetadata":{"webCommandMetadata":{"url":"/watch?v=5ReyoNZ3YvM&pp=YAHIAQGiBhUBhL1306sgmO
1778079488.793 10430   567   710 I OkHttp  : mbV-Zis%3D","webPageType":"WEB_PAGE_TYPE_WATCH","rootVe":3832}},"watchEndpoint":{"videoId":"5ReyoNZ3YvM","params":"8gMFDV8BHT8%3D","playerParams":"YAHIAQGiBhUBhL1306sgmO2_H9GWYuMambV-Zis%3D","playerExtraUrlParams":[{"key":"inline","value":"1"}],"watchEndpointSupportedOnesieConfig":{"html5PlaybackOnesieConfig":{"commonConfig":{"url":"https://rr2---sn-h4upouxgoxu-gq2e.googlevideo.com/initplayback?source=youtube&oeis=1&c=WEB&oad=3200&ovd=3200&oaad=11000&oavd=11000&ocs=700&oewis=1&oputc=1&ofpcc=1&msp=1&odepv=1&oreouc=1&id=e517b2a0d67762f3&ip=103.220.88.42&initcwndbps=947500&mt=1778078969&oweuc="}}}}},"searchVideoResultEntityKey":"Egs1UmV5b05aM1l2TSDnAigB","avatar":{"decoratedAvatarViewModel":{"avatar":{"avatarViewModel":{"image":{"sources":[{"url":"https://yt3.ggpht.com/gX-x8cXNjWsr-ratfZ-gyLHE5hOI0gYdUkf0Mdf8v-DjBo5i4CLEY0Amb6YNsIutihod8p3qQtI=s68-c-k-c0x00ffffff-no-rj","width":68,"height":68}]},"avatarImageSize":"AVATAR_SIZE_M"}},"a11yLabel":"Go to channel NIKI@.","rendererContext":{"commandContext":{"onTap":{"innertubeCommand":{"clickTrackingParams":"CHAQ3DAYAiITCJjSyKL2pJQDFTV4KgkdCwE0msoBBEwf9WM=","commandMetadata":{"webCommandMetadata":{"url":"/@Niki19906","webPageType":"WEB_PAGE_TYPE_CHANNEL","rootVe":3611,"apiUrl":"/youtubei/v1/browse"}},"browseEndpoint":{"browseId":"UCPfW8qfdl48sIzMPM1pcV4w","canonicalBaseUrl":"/@Niki19906"}}}}}}}}},{"videoRenderer":{"videoId":"1BhhdXy9znU","thumbnail":{"thumbnails":[{"url":"https://i.ytimg.com/vi/1BhhdXy9znU/hq720.jpg?sqp=-oaymwEjCOgCEMoBSFryq4qpAxUIARUAAAAAGAElAADIQj0AgKJDeAE=&rs=AOn4CLDhHsOrtb49iXqbnN0pcd-32QjXjg","width":360,"height":202},{"url":"https://i.ytimg.com/vi/1BhhdXy9znU/hq720.jpg?sqp=-oaymwEXCNAFEJQDSFryq4qpAwkIARUAAIhCGAE=&rs=AOn4CLBfPQzg1wPEdb-bUNi_iTFoINHIsg","width":720,"height":404}]},"title":{"runs":[{"text":"Tera Rang Balle Balle | Dance Video नईयो नईयो | Soldier Boby deval, Priti jinta | Suman Lata Prem "}],"accessibility":{"accessibilityData":{"label":"Tera Rang Balle Balle | Dance Video नईयो नईयो | Soldier Boby deval, Priti jinta | Suman Lata Prem  3 minutes, 56 seconds"}}},"longBylineText":{"runs":[{"text":"Suman Lata Prem","navigationEndpoint":{"clickTrackingParams":"CGsQ3DAYAyITCJjSyKL2pJQDFTV4KgkdCwE0msoBBEwf9WM=","commandMetadata":{"webCommandMetadata":{"url":"/@SumanLataPrem","webPageType":"WEB_PAGE_TYPE_CHANNEL","rootVe":3611,"apiUrl":"/youtubei/v1/browse"}},"browseEndpoint":{"browseId":"UCs42aNogPKZr-t_jyMypjgw","canonicalBaseUrl":"/@SumanLataPrem"}}}]},"publishedTimeText":{"simpleText":"10 days ago"},"lengthText":{"accessibility":{"accessibilityData":{"label":"3 minutes, 56 seconds"}},"simpleText":"3:56"},"viewCountText":{"simpleText":"178,572 views"},"navigationEndpoint":{"clickTrackingParams":"CGsQ3DAYAyITCJjSyKL2pJQDFTV4KgkdCwE0mjIGc2VhcmNoUgR0ZXJhmgEDEPQkygEETB_1Yw==","commandMetadata":{"webCommandMetadata":{"url":"/watch?v=1BhhdXy9znU&list=RD1BhhdXy9znU&start_radio=1&pp=ygUEdGVyYaAHAdIHCQkDCwGHKiGM7w%3D%3D","webPageType":"WEB_PAGE_TYPE_WATCH","rootVe":3832}},"watchEndpoint":{"videoId":"1BhhdXy9znU","playlistId":"RD1BhhdXy9znU","params":"OAHAAQHyAwUNXwEdP7gFAQ%3D%3D","playerParams":"ygUEdGVyYaAHAdIHCQkDCwGHKiGM7w%3D%3D","loggingContext":{"vssLoggingContext":{"serializedContextData":"Gg1SRDFCaGhkWHk5em5V"}},"watchEndpointSupportedOnesieConfig":{"html5PlaybackOnesieConfig":{"commonConfig":{"url":"https://rr1---sn-h4upouxgoxu-gq2e.googlevideo.com/initplayback?source=youtube&oeis=1&c=WEB&oad=3200&ovd=3200&oaad=11000&oavd=11000&ocs=700&oewis=1&oputc=1&ofpcc=1&msp=1&odepv=1&oreouc=1&id=d41861757cbdce75&ip=103.220.88.42&initcwndbps=947500&mt=1778078969&oweuc="}}}}},"ownerBadges":[{"metadataBadgeRenderer":{"icon":{"iconType":"CHECK_CIRCLE_THICK"},"style":"BADGE_STYLE_TYPE_VERIFIED","tooltip":"Verified","trackingParams":"CGsQ3DAYAyITCJjSyKL2pJQDFTV4KgkdCwE0mg==","accessibilityData":{"label":"Verified"}}}],"ownerText":{"runs":[{"text":"Suman Lata Prem","navigationEndpoint":{"clickTrackingParams":"CGsQ3DAYAyITCJjSyKL2pJQDFTV4KgkdCwE0msoBBEwf9WM=","commandMetadata":{"webCommandMetadata":{"
1778079488.793 10430   567   710 I OkHttp  : rl":"/@SumanLataPrem","webPageType":"WEB_PAGE_TYPE_CHANNEL","rootVe":3611,"apiUrl":"/youtubei/v1/browse"}},"browseEndpoint":{"browseId":"UCs42aNogPKZr-t_jyMypjgw","canonicalBaseUrl":"/@SumanLataPrem"}}}]},"shortBylineText":{"runs":[{"text":"Suman Lata Prem","navigationEndpoint":{"clickTrackingParams":"CGsQ3DAYAyITCJjSyKL2pJQDFTV4KgkdCwE0msoBBEwf9WM=","commandMetadata":{"webCommandMetadata":{"url":"/@SumanLataPrem","webPageType":"WEB_PAGE_TYPE_CHANNEL","rootVe":3611,"apiUrl":"/youtubei/v1/browse"}},"browseEndpoint":{"browseId":"UCs42aNogPKZr-t_jyMypjgw","canonicalBaseUrl":"/@SumanLataPrem"}}}]},"trackingParams":"CGsQ3DAYAyITCJjSyKL2pJQDFTV4KgkdCwE0mkD1nPfl166YjNQB","showActionMenu":false,"shortViewCountText":{"accessibility":{"accessibilityData":{"label":"178 thousand views"}},"simpleText":"178k views"},"menu":{"menuRenderer":{"items":[{"menuServiceItemRenderer":{"text":{"runs":[{"text":"Add to queue"}]},"icon":{"iconType":"ADD_TO_QUEUE_TAIL"},"serviceEndpoint":{"clickTrackingParams":"CG8Q_pgEGA4iEwiY0sii9qSUAxU1eCoJHQsBNJrKAQRMH_Vj","commandMetadata":{"webCommandMetadata":{"sendPost":true}},"signalServiceEndpoint":{"signal":"CLIENT_SIGNAL","actions":[{"clickTrackingParams":"CG8Q_pgEGA4iEwiY0sii9qSUAxU1eCoJHQsBNJrKAQRMH_Vj","addToPlaylistCommand":{"openMiniplayer":true,"videoId":"1BhhdXy9znU","listType":"PLAYLIST_EDIT_LIST_TYPE_QUEUE","onCreateListCommand":{"clickTrackingParams":"CG8Q_pgEGA4iEwiY0sii9qSUAxU1eCoJHQsBNJrKAQRMH_Vj","commandMetadata":{"webCommandMetadata":{"sendPost":true,"apiUrl":"/youtubei/v1/playlist/create"}},"createPlaylistServiceEndpoint":{"videoIds":["1BhhdXy9znU"],"params":"CAQ%3D"}},"videoIds":["1BhhdXy9znU"],"videoCommand":{"clickTrackingParams":"CG8Q_pgEGA4iEwiY0sii9qSUAxU1eCoJHQsBNJrKAQRMH_Vj","commandMetadata":{"webCommandMetadata":{"url":"/watch?v=1BhhdXy9znU&pp=0gcJCXEFdf6zKzOD","webPageType":"WEB_PAGE_TYPE_WATCH","rootVe":3832}},"watchEndpoint":{"videoId":"1BhhdXy9znU","playerParams":"0gcJCXEFdf6zKzOD","watchEndpointSupportedOnesieConfig":{"html5PlaybackOnesieConfig":{"commonConfig":{"url":"https://rr1---sn-h4upouxgoxu-gq2e.googlevideo.com/initplayback?source=youtube&oeis=1&c=WEB&oad=3200&ovd=3200&oaad=11000&oavd=11000&ocs=700&oewis=1&oputc=1&ofpcc=1&msp=1&odepv=1&oreouc=1&id=d41861757cbdce75&ip=103.220.88.42&initcwndbps=947500&mt=1778078969&oweuc="}}}}}}}]}},"trackingParams":"CG8Q_pgEGA4iEwiY0sii9qSUAxU1eCoJHQsBNJo="}},{"menuServiceItemRenderer":{"text":{"runs":[{"text":"Share"}]},"icon":{"iconType":"SHARE"},"serviceEndpoint":{"clickTrackingParams":"CGsQ3DAYAyITCJjSyKL2pJQDFTV4KgkdCwE0msoBBEwf9WM=","commandMetadata":{"webCommandMetadata":{"sendPost":true,"apiUrl":"/youtubei/v1/share/get_share_panel"}},"shareEntityServiceEndpoint":{"serializedShareEntity":"CgsxQmhoZFh5OXpuVQ%3D%3D","commands":[{"clickTrackingParams":"CGsQ3DAYAyITCJjSyKL2pJQDFTV4KgkdCwE0msoBBEwf9WM=","openPopupAction":{"popup":{"unifiedSharePanelRenderer":{"trackingParams":"CG4QjmIiEwiY0sii9qSUAxU1eCoJHQsBNJo=","showLoadingSpinner":true}},"popupType":"DIALOG","beReused":true}}]}},"trackingParams":"CGsQ3DAYAyITCJjSyKL2pJQDFTV4KgkdCwE0mg==","hasSeparator":true}}],"trackingParams":"CGsQ3DAYAyITCJjSyKL2pJQDFTV4KgkdCwE0mg==","accessibility":{"accessibilityData":{"label":"Action menu"}}}},"channelThumbnailSupportedRenderers":{"channelThumbnailWithLinkRenderer":{"thumbnail":{"thumbnails":[{"url":"https://yt3.ggpht.com/cMh5ETshij3SPw6ntkRj1Ow8PAKkRyLN9eNjbz8d-kUZfTjo4i-pPbcoJzxq2OzMrzYTWMx2AQ=s68-c-k-c0x00ffffff-no-rj","width":68,"height":68}]},"navigationEndpoint":{"clickTrackingParams":"CGsQ3DAYAyITCJjSyKL2pJQDFTV4KgkdCwE0msoBBEwf9WM=","commandMetadata":{"webCommandMetadata":{"url":"/@SumanLataPrem","webPageType":"WEB_PAGE_TYPE_CHANNEL","rootVe":3611,"apiUrl":"/youtubei/v1/browse"}},"browseEndpoint":{"browseId":"UCs42aNogPKZr-t_jyMypjgw","canonicalBaseUrl":"/@SumanLataPrem"}},"accessibility":{"accessibilityData":{"label":"Go to channel Suman Lata Prem"}}}},"thumbnailOverlays":[{"thumbnailOverlayTimeStatusRenderer":{"text":{"accessibility":{"accessibilityData":{"label
1778079488.793 10430   567   710 I OkHttp  : ":"3 minutes, 56 seconds"}},"simpleText":"3:56"},"style":"DEFAULT","icon":{"iconType":"MUSIC"}}},{"thumbnailOverlayToggleButtonRenderer":{"isToggled":false,"untoggledIcon":{"iconType":"WATCH_LATER"},"toggledIcon":{"iconType":"CHECK"},"untoggledTooltip":"Watch Later","toggledTooltip":"Added","untoggledServiceEndpoint":{"clickTrackingParams":"CG0Q-ecDGAIiEwiY0sii9qSUAxU1eCoJHQsBNJrKAQRMH_Vj","commandMetadata":{"webCommandMetadata":{"sendPost":true,"apiUrl":"/youtubei/v1/browse/edit_playlist"}},"playlistEditEndpoint":{"playlistId":"WL","actions":[{"addedVideoId":"1BhhdXy9znU","action":"ACTION_ADD_VIDEO"}]}},"toggledServiceEndpoint":{"clickTrackingParams":"CG0Q-ecDGAIiEwiY0sii9qSUAxU1eCoJHQsBNJrKAQRMH_Vj","commandMetadata":{"webCommandMetadata":{"sendPost":true,"apiUrl":"/youtubei/v1/browse/edit_playlist"}},"playlistEditEndpoint":{"playlistId":"WL","actions":[{"action":"ACTION_REMOVE_VIDEO_BY_VIDEO_ID","removedVideoId":"1BhhdXy9znU"}]}},"untoggledAccessibility":{"accessibilityData":{"label":"Watch Later"}},"toggledAccessibility":{"accessibilityData":{"label":"Added"}},"trackingParams":"CG0Q-ecDGAIiEwiY0sii9qSUAxU1eCoJHQsBNJo="}},{"thumbnailOverlayToggleButtonRenderer":{"untoggledIcon":{"iconType":"ADD_TO_QUEUE_TAIL"},"toggledIcon":{"iconType":"PLAYLIST_ADD_CHECK"},"untoggledTooltip":"Add to queue","toggledTooltip":"Added","untoggledServiceEndpoint":{"clickTrackingParams":"CGwQx-wEGAMiEwiY0sii9qSUAxU1eCoJHQsBNJrKAQRMH_Vj","commandMetadata":{"webCommandMetadata":{"sendPost":true}},"signalServiceEndpoint":{"signal":"CLIENT_SIGNAL","actions":[{"clickTrackingParams":"CGwQx-wEGAMiEwiY0sii9qSUAxU1eCoJHQsBNJrKAQRMH_Vj","addToPlaylistCommand":{"openMiniplayer":true,"videoId":"1BhhdXy9znU","listType":"PLAYLIST_EDIT_LIST_TYPE_QUEUE","onCreateListCommand":{"clickTrackingParams":"CGwQx-wEGAMiEwiY0sii9qSUAxU1eCoJHQsBNJrKAQRMH_Vj","commandMetadata":{"webCommandMetadata":{"sendPost":true,"apiUrl":"/youtubei/v1/playlist/create"}},"createPlaylistServiceEndpoint":{"videoIds":["1BhhdXy9znU"],"params":"CAQ%3D"}},"videoIds":["1BhhdXy9znU"]}}]}},"untoggledAccessibility":{"accessibilityData":{"label":"Add to queue"}},"toggledAccessibility":{"accessibilityData":{"label":"Added"}},"trackingParams":"CGwQx-wEGAMiEwiY0sii9qSUAxU1eCoJHQsBNJo="}},{"thumbnailOverlayNowPlayingRenderer":{"text":{"runs":[{"text":"Now playing"}]}}},{"thumbnailOverlayLoadingPreviewRenderer":{"text":{"runs":[{"text":"Keep hovering to play"}]}}}],"detailedMetadataSnippets":[{"snippetText":{"runs":[{"text":"Tera","bold":true},{"text":" Rang Balle Balle | Dance Video नईयो नईयो | Soldier Boby deval, Priti jinta | Suman Lata Prem #terarangballeballe ..."}]},"snippetHoverText":{"runs":[{"text":"From the video description"}]},"maxOneLine":false}],"inlinePlaybackEndpoint":{"clickTrackingParams":"CGsQ3DAYAyITCJjSyKL2pJQDFTV4KgkdCwE0mjIGc2VhcmNoUgR0ZXJhmgEDEPQkygEETB_1Yw==","commandMetadata":{"webCommandMetadata":{"url":"/watch?v=1BhhdXy9znU&pp=YAHIAQGiBhUBhL130xsNBIkRS86nCs9T-uxtjJU%3D","webPageType":"WEB_PAGE_TYPE_WATCH","rootVe":3832}},"watchEndpoint":{"videoId":"1BhhdXy9znU","params":"8gMFDV8BHT8%3D","playerParams":"YAHIAQGiBhUBhL130xsNBIkRS86nCs9T-uxtjJU%3D","playerExtraUrlParams":[{"key":"inline","value":"1"}],"watchEndpointSupportedOnesieConfig":{"html5PlaybackOnesieConfig":{"commonConfig":{"url":"https://rr1---sn-h4upouxgoxu-gq2e.googlevideo.com/initplayback?source=youtube&oeis=1&c=WEB&oad=3200&ovd=3200&oaad=11000&oavd=11000&ocs=700&oewis=1&oputc=1&ofpcc=1&msp=1&odepv=1&oreouc=1&id=d41861757cbdce75&ip=103.220.88.42&initcwndbps=947500&mt=1778078969&oweuc="}}}}},"searchVideoResultEntityKey":"EgsxQmhoZFh5OXpuVSDnAigB","avatar":{"decoratedAvatarViewModel":{"avatar":{"avatarViewModel":{"image":{"sources":[{"url":"https://yt3.ggpht.com/cMh5ETshij3SPw6ntkRj1Ow8PAKkRyLN9eNjbz8d-kUZfTjo4i-pPbcoJzxq2OzMrzYTWMx2AQ=s68-c-k-c0x00ffffff-no-rj","width":68,"height":68}]},"avatarImageSize":"AVATAR_SIZE_M"}},"a11yLabel":"Go to channel Suman Lata Prem","rendererContext":{"commandContext":{"onTap":{"innertubeCommand":{"clickTrackingP
1778079488.793 10430   567   710 I OkHttp  : arams":"CGsQ3DAYAyITCJjSyKL2pJQDFTV4KgkdCwE0msoBBEwf9WM=","commandMetadata":{"webCommandMetadata":{"url":"/@SumanLataPrem","webPageType":"WEB_PAGE_TYPE_CHANNEL","rootVe":3611,"apiUrl":"/youtubei/v1/browse"}},"browseEndpoint":{"browseId":"UCs42aNogPKZr-t_jyMypjgw","canonicalBaseUrl":"/@SumanLataPrem"}}}}}}}}},{"videoRenderer":{"videoId":"RURMujmhIqw","thumbnail":{"thumbnails":[{"url":"https://i.ytimg.com/vi/RURMujmhIqw/hqdefault.jpg?sqp=-oaymwEjCOADEI4CSFryq4qpAxUIARUAAAAAGAElAADIQj0AgKJDeAE=&rs=AOn4CLD4DXTuouQJhMu1o8I7Y1H_irhFZw","width":480,"height":270}]},"title":{"runs":[{"text":"TERA MERA SHAAT HO | EK KITAAB | OFFICIAL VISUALIZER • VIBE CHAPTERS "}],"accessibility":{"accessibilityData":{"label":"TERA MERA SHAAT HO | EK KITAAB | OFFICIAL VISUALIZER • VIBE CHAPTERS  4 minutes, 59 seconds"}}},"longBylineText":{"runs":[{"text":"Vibe chapters","navigationEndpoint":{"clickTrackingParams":"CGYQ3DAYBCITCJjSyKL2pJQDFTV4KgkdCwE0msoBBEwf9WM=","commandMetadata":{"webCommandMetadata":{"url":"/channel/UCK0Z39ZsvCouxzV7VhbyDLQ","webPageType":"WEB_PAGE_TYPE_CHANNEL","rootVe":3611,"apiUrl":"/youtubei/v1/browse"}},"browseEndpoint":{"browseId":"UCK0Z39ZsvCouxzV7VhbyDLQ","canonicalBaseUrl":"/channel/UCK0Z39ZsvCouxzV7VhbyDLQ"}}}]},"publishedTimeText":{"simpleText":"3 weeks ago"},"lengthText":{"accessibility":{"accessibilityData":{"label":"4 minutes, 59 seconds"}},"simpleText":"4:59"},"viewCountText":{"simpleText":"883,767 views"},"navigationEndpoint":{"clickTrackingParams":"CGYQ3DAYBCITCJjSyKL2pJQDFTV4KgkdCwE0mjIGc2VhcmNoUgR0ZXJhmgEDEPQkygEETB_1Yw==","commandMetadata":{"webCommandMetadata":{"url":"/watch?v=RURMujmhIqw&list=RDRURMujmhIqw&start_radio=1&pp=ygUEdGVyYaAHAdIHCQkDCwGHKiGM7w%3D%3D","webPageType":"WEB_PAGE_TYPE_WATCH","rootVe":3832}},"watchEndpoint":{"videoId":"RURMujmhIqw","playlistId":"RDRURMujmhIqw","params":"OAHAAQHyAwUNXwEdP7gFAQ%3D%3D","playerParams":"ygUEdGVyYaAHAdIHCQkDCwGHKiGM7w%3D%3D","loggingContext":{"vssLoggingContext":{"serializedContextData":"Gg1SRFJVUk11am1oSXF3"}},"watchEndpointSupportedOnesieConfig":{"html5PlaybackOnesieConfig":{"commonConfig":{"url":"https://rr1---sn-h4upouxgoxu-gq2e.googlevideo.com/initplayback?source=youtube&oeis=1&c=WEB&oad=3200&ovd=3200&oaad=11000&oavd=11000&ocs=700&oewis=1&oputc=1&ofpcc=1&msp=1&odepv=1&oreouc=1&id=45444cba39a122ac&ip=103.220.88.42&initcwndbps=947500&mt=1778078969&oweuc="}}}}},"ownerBadges":[{"metadataBadgeRenderer":{"icon":{"iconType":"AUDIO_BADGE"},"style":"BADGE_STYLE_TYPE_VERIFIED_ARTIST","tooltip":"Official Artist Channel","trackingParams":"CGYQ3DAYBCITCJjSyKL2pJQDFTV4KgkdCwE0mg==","accessibilityData":{"label":"Official Artist Channel"}}}],"ownerText":{"runs":[{"text":"Vibe chapters","navigationEndpoint":{"clickTrackingParams":"CGYQ3DAYBCITCJjSyKL2pJQDFTV4KgkdCwE0msoBBEwf9WM=","commandMetadata":{"webCommandMetadata":{"url":"/channel/UCK0Z39ZsvCouxzV7VhbyDLQ","webPageType":"WEB_PAGE_TYPE_CHANNEL","rootVe":3611,"apiUrl":"/youtubei/v1/browse"}},"browseEndpoint":{"browseId":"UCK0Z39ZsvCouxzV7VhbyDLQ","canonicalBaseUrl":"/channel/UCK0Z39ZsvCouxzV7VhbyDLQ"}}}]},"shortBylineText":{"runs":[{"text":"Vibe chapters","navigationEndpoint":{"clickTrackingParams":"CGYQ3DAYBCITCJjSyKL2pJQDFTV4KgkdCwE0msoBBEwf9WM=","commandMetadata":{"webCommandMetadata":{"url":"/channel/UCK0Z39ZsvCouxzV7VhbyDLQ","webPageType":"WEB_PAGE_TYPE_CHANNEL","rootVe":3611,"apiUrl":"/youtubei/v1/browse"}},"browseEndpoint":{"browseId":"UCK0Z39ZsvCouxzV7VhbyDLQ","canonicalBaseUrl":"/channel/UCK0Z39ZsvCouxzV7VhbyDLQ"}}}]},"trackingParams":"CGYQ3DAYBCITCJjSyKL2pJQDFTV4KgkdCwE0mkCsxYTNo5eTokU=","showActionMenu":false,"shortViewCountText":{"accessibility":{"accessibilityData":{"label":"883 thousand views"}},"simpleText":"883k views"},"menu":{"menuRenderer":{"items":[{"menuServiceItemRenderer":{"text":{"runs":[{"text":"Add to queue"}]},"icon":{"iconType":"ADD_TO_QUEUE_TAIL"},"serviceEndpoint":{"clickTrackingParams":"CGoQ_pgEGA4iEwiY0sii9qSUAxU1eCoJHQsBNJrKAQRMH_Vj","commandMetadata":{"webCommandMetadata":{"sendPost":true}},"signalServiceEndpoint":{"s
1778079488.793 10430   567   710 I OkHttp  : ignal":"CLIENT_SIGNAL","actions":[{"clickTrackingParams":"CGoQ_pgEGA4iEwiY0sii9qSUAxU1eCoJHQsBNJrKAQRMH_Vj","addToPlaylistCommand":{"openMiniplayer":true,"videoId":"RURMujmhIqw","listType":"PLAYLIST_EDIT_LIST_TYPE_QUEUE","onCreateListCommand":{"clickTrackingParams":"CGoQ_pgEGA4iEwiY0sii9qSUAxU1eCoJHQsBNJrKAQRMH_Vj","commandMetadata":{"webCommandMetadata":{"sendPost":true,"apiUrl":"/youtubei/v1/playlist/create"}},"createPlaylistServiceEndpoint":{"videoIds":["RURMujmhIqw"],"params":"CAQ%3D"}},"videoIds":["RURMujmhIqw"],"videoCommand":{"clickTrackingParams":"CGoQ_pgEGA4iEwiY0sii9qSUAxU1eCoJHQsBNJrKAQRMH_Vj","commandMetadata":{"webCommandMetadata":{"url":"/watch?v=RURMujmhIqw","webPageType":"WEB_PAGE_TYPE_WATCH","rootVe":3832}},"watchEndpoint":{"videoId":"RURMujmhIqw","watchEndpointSupportedOnesieConfig":{"html5PlaybackOnesieConfig":{"commonConfig":{"url":"https://rr1---sn-h4upouxgoxu-gq2e.googlevideo.com/initplayback?source=youtube&oeis=1&c=WEB&oad=3200&ovd=3200&oaad=11000&oavd=11000&ocs=700&oewis=1&oputc=1&ofpcc=1&msp=1&odepv=1&oreouc=1&id=45444cba39a122ac&ip=103.220.88.42&initcwndbps=947500&mt=1778078969&oweuc="}}}}}}}]}},"trackingParams":"CGoQ_pgEGA4iEwiY0sii9qSUAxU1eCoJHQsBNJo="}},{"menuServiceItemRenderer":{"text":{"runs":[{"text":"Share"}]},"icon":{"iconType":"SHARE"},"serviceEndpoint":{"clickTrackingParams":"CGYQ3DAYBCITCJjSyKL2pJQDFTV4KgkdCwE0msoBBEwf9WM=","commandMetadata":{"webCommandMetadata":{"sendPost":true,"apiUrl":"/youtubei/v1/share/get_share_panel"}},"shareEntityServiceEndpoint":{"serializedShareEntity":"CgtSVVJNdWptaElxdw%3D%3D","commands":[{"clickTrackingParams":"CGYQ3DAYBCITCJjSyKL2pJQDFTV4KgkdCwE0msoBBEwf9WM=","openPopupAction":{"popup":{"unifiedSharePanelRenderer":{"trackingParams":"CGkQjmIiEwiY0sii9qSUAxU1eCoJHQsBNJo=","showLoadingSpinner":true}},"popupType":"DIALOG","beReused":true}}]}},"trackingParams":"CGYQ3DAYBCITCJjSyKL2pJQDFTV4KgkdCwE0mg==","hasSeparator":true}}],"trackingParams":"CGYQ3DAYBCITCJjSyKL2pJQDFTV4KgkdCwE0mg==","accessibility":{"accessibilityData":{"label":"Action menu"}}}},"channelThumbnailSupportedRenderers":{"channelThumbnailWithLinkRenderer":{"thumbnail":{"thumbnails":[{"url":"https://yt3.ggpht.com/HVJnozRPpdfDOvcZO9sjK_cASg2qDGKW7fR5LYKBDsvXiXoosfF_RJlUK2uuchAQ8HvxVtA6=s88-c-k-c0x00ffffff-no-rj","width":68,"height":68}]},"navigationEndpoint":{"clickTrackingParams":"CGYQ3DAYBCITCJjSyKL2pJQDFTV4KgkdCwE0msoBBEwf9WM=","commandMetadata":{"webCommandMetadata":{"url":"/channel/UCK0Z39ZsvCouxzV7VhbyDLQ","webPageType":"WEB_PAGE_TYPE_CHANNEL","rootVe":3611,"apiUrl":"/youtubei/v1/browse"}},"browseEndpoint":{"browseId":"UCK0Z39ZsvCouxzV7VhbyDLQ"}},"accessibility":{"accessibilityData":{"label":"Go to channel Vibe chapters"}}}},"thumbnailOverlays":[{"thumbnailOverlayTimeStatusRenderer":{"text":{"accessibility":{"accessibilityData":{"label":"4 minutes, 59 seconds"}},"simpleText":"4:59"},"style":"DEFAULT","icon":{"iconType":"MUSIC"}}},{"thumbnailOverlayToggleButtonRenderer":{"isToggled":false,"untoggledIcon":{"iconType":"WATCH_LATER"},"toggledIcon":{"iconType":"CHECK"},"untoggledTooltip":"Watch Later","toggledTooltip":"Added","untoggledServiceEndpoint":{"clickTrackingParams":"CGgQ-ecDGAIiEwiY0sii9qSUAxU1eCoJHQsBNJrKAQRMH_Vj","commandMetadata":{"webCommandMetadata":{"sendPost":true,"apiUrl":"/youtubei/v1/browse/edit_playlist"}},"playlistEditEndpoint":{"playlistId":"WL","actions":[{"addedVideoId":"RURMujmhIqw","action":"ACTION_ADD_VIDEO"}]}},"toggledServiceEndpoint":{"clickTrackingParams":"CGgQ-ecDGAIiEwiY0sii9qSUAxU1eCoJHQsBNJrKAQRMH_Vj","commandMetadata":{"webCommandMetadata":{"sendPost":true,"apiUrl":"/youtubei/v1/browse/edit_playlist"}},"playlistEditEndpoint":{"playlistId":"WL","actions":[{"action":"ACTION_REMOVE_VIDEO_BY_VIDEO_ID","removedVideoId":"RURMujmhIqw"}]}},"untoggledAccessibility":{"accessibilityData":{"label":"Watch Later"}},"toggledAccessibility":{"accessibilityData":{"label":"Added"}},"trackingParams":"CGgQ-ecDGAIiEwiY0sii9qSUAxU1eCoJHQsBNJo="}},{"thumbnailOverlayToggleButtonRenderer":{"untoggledIcon":{"iconType":
1778079488.793 10430   567   710 I OkHttp  : "ADD_TO_QUEUE_TAIL"},"toggledIcon":{"iconType":"PLAYLIST_ADD_CHECK"},"untoggledTooltip":"Add to queue","toggledTooltip":"Added","untoggledServiceEndpoint":{"clickTrackingParams":"CGcQx-wEGAMiEwiY0sii9qSUAxU1eCoJHQsBNJrKAQRMH_Vj","commandMetadata":{"webCommandMetadata":{"sendPost":true}},"signalServiceEndpoint":{"signal":"CLIENT_SIGNAL","actions":[{"clickTrackingParams":"CGcQx-wEGAMiEwiY0sii9qSUAxU1eCoJHQsBNJrKAQRMH_Vj","addToPlaylistCommand":{"openMiniplayer":true,"videoId":"RURMujmhIqw","listType":"PLAYLIST_EDIT_LIST_TYPE_QUEUE","onCreateListCommand":{"clickTrackingParams":"CGcQx-wEGAMiEwiY0sii9qSUAxU1eCoJHQsBNJrKAQRMH_Vj","commandMetadata":{"webCommandMetadata":{"sendPost":true,"apiUrl":"/youtubei/v1/playlist/create"}},"createPlaylistServiceEndpoint":{"videoIds":["RURMujmhIqw"],"params":"CAQ%3D"}},"videoIds":["RURMujmhIqw"]}}]}},"untoggledAccessibility":{"accessibilityData":{"label":"Add to queue"}},"toggledAccessibility":{"accessibilityData":{"label":"Added"}},"trackingParams":"CGcQx-wEGAMiEwiY0sii9qSUAxU1eCoJHQsBNJo="}},{"thumbnailOverlayNowPlayingRenderer":{"text":{"runs":[{"text":"Now playing"}]}}},{"thumbnailOverlayLoadingPreviewRenderer":{"text":{"runs":[{"text":"Keep hovering to play"}]}}}],"detailedMetadataSnippets":[{"snippetText":{"runs":[{"text":"TERA","bold":true},{"text":" MERA SHAAT HO ❤️ | Romantic Hindi Love Song 2026 | Dreamy Love Vibes | Official Visualizer | Vibe Chapters ..."}]},"snippetHoverText":{"runs":[{"text":"From the video description"}]},"maxOneLine":false}],"inlinePlaybackEndpoint":{"clickTrackingParams":"CGYQ3DAYBCITCJjSyKL2pJQDFTV4KgkdCwE0mjIGc2VhcmNoUgR0ZXJhmgEDEPQkygEETB_1Yw==","commandMetadata":{"webCommandMetadata":{"url":"/watch?v=RURMujmhIqw&pp=YAHIAQGiBhUBhL130-xGFdek0xt6vo_NUri7k0jSBwkJ2RkBhyohjO8%3D","webPageType":"WEB_PAGE_TYPE_WATCH","rootVe":3832}},"watchEndpoint":{"videoId":"RURMujmhIqw","params":"8gMFDV8BHT8%3D","playerParams":"YAHIAQGiBhUBhL130-xGFdek0xt6vo_NUri7k0jSBwkJ2RkBhyohjO8%3D","playerExtraUrlParams":[{"key":"inline","value":"1"}],"watchEndpointSupportedOnesieConfig":{"html5PlaybackOnesieConfig":{"commonConfig":{"url":"https://rr1---sn-h4upouxgoxu-gq2e.googlevideo.com/initplayback?source=youtube&oeis=1&c=WEB&oad=3200&ovd=3200&oaad=11000&oavd=11000&ocs=700&oewis=1&oputc=1&ofpcc=1&msp=1&odepv=1&oreouc=1&id=45444cba39a122ac&ip=103.220.88.42&initcwndbps=947500&mt=1778078969&oweuc="}}}}},"searchVideoResultEntityKey":"EgtSVVJNdWptaElxdyDnAigB","avatar":{"decoratedAvatarViewModel":{"avatar":{"avatarViewModel":{"image":{"sources":[{"url":"https://yt3.ggpht.com/HVJnozRPpdfDOvcZO9sjK_cASg2qDGKW7fR5LYKBDsvXiXoosfF_RJlUK2uuchAQ8HvxVtA6=s88-c-k-c0x00ffffff-no-rj","width":68,"height":68}]},"avatarImageSize":"AVATAR_SIZE_M"}},"a11yLabel":"Go to channel Vibe chapters","rendererContext":{"commandContext":{"onTap":{"innertubeCommand":{"clickTrackingParams":"CGYQ3DAYBCITCJjSyKL2pJQDFTV4KgkdCwE0msoBBEwf9WM=","commandMetadata":{"webCommandMetadata":{"url":"/channel/UCK0Z39ZsvCouxzV7VhbyDLQ","webPageType":"WEB_PAGE_TYPE_CHANNEL","rootVe":3611,"apiUrl":"/youtubei/v1/browse"}},"browseEndpoint":{"browseId":"UCK0Z39ZsvCouxzV7VhbyDLQ"}}}}}}}}},{"videoRenderer":{"videoId":"m9TIvE6n1H8","thumbnail":{"thumbnails":[{"url":"https://i.ytimg.com/vi/m9TIvE6n1H8/hq720.jpg?sqp=-oaymwEjCOgCEMoBSFryq4qpAxUIARUAAAAAGAElAADIQj0AgKJDeAE=&rs=AOn4CLBwoM6pQPf1NUDsJjQD1m7pw8sH7A","width":360,"height":202},{"url":"https://i.ytimg.com/vi/m9TIvE6n1H8/hq720.jpg?sqp=-oaymwEXCNAFEJQDSFryq4qpAwkIARUAAIhCGAE=&rs=AOn4CLAc5ki0LNa6rtss2mEPlf5e6KrJgw","width":720,"height":404}]},"title":{"runs":[{"text":"Tera Mera Hai Pyar Amar (From \"Ishq Murshid\")"}],"accessibility":{"accessibilityData":{"label":"Tera Mera Hai Pyar Amar (From \"Ishq Murshid\") 4 minutes, 51 seconds"}}},"longBylineText":{"runs":[{"text":"Ahmed Jahanzeb - Topic","navigationEndpoint":{"clickTrackingParams":"CGEQ3DAYBSITCJjSyKL2pJQDFTV4KgkdCwE0msoBBEwf9WM=","commandMetadata":{"webCommandMetadata":{"url":"/channel/UCpwbuwrQrtawMn1PSNXbNLg","webPageType":"WEB_PAGE_TYPE_CHANNEL","rootVe":3611
1778079488.793 10430   567   710 I OkHttp  : ,"apiUrl":"/youtubei/v1/browse"}},"browseEndpoint":{"browseId":"UCpwbuwrQrtawMn1PSNXbNLg","canonicalBaseUrl":"/channel/UCpwbuwrQrtawMn1PSNXbNLg"}}}]},"lengthText":{"accessibility":{"accessibilityData":{"label":"4 minutes, 51 seconds"}},"simpleText":"4:51"},"viewCountText":{"simpleText":"6,495,716 views"},"navigationEndpoint":{"clickTrackingParams":"CGEQ3DAYBSITCJjSyKL2pJQDFTV4KgkdCwE0mjIGc2VhcmNoUgR0ZXJhmgEDEPQkygEETB_1Yw==","commandMetadata":{"webCommandMetadata":{"url":"/watch?v=m9TIvE6n1H8&list=RDm9TIvE6n1H8&start_radio=1&pp=ygUEdGVyYaAHAQ%3D%3D","webPageType":"WEB_PAGE_TYPE_WATCH","rootVe":3832}},"watchEndpoint":{"videoId":"m9TIvE6n1H8","playlistId":"RDm9TIvE6n1H8","params":"OAHAAQHyAwUNXwEdP7gFAQ%3D%3D","playerParams":"ygUEdGVyYaAHAQ%3D%3D","loggingContext":{"vssLoggingContext":{"serializedContextData":"Gg1SRG05VEl2RTZuMUg4"}},"watchEndpointSupportedOnesieConfig":{"html5PlaybackOnesieConfig":{"commonConfig":{"url":"https://rr1---sn-h4upouxgoxu-gq2e.googlevideo.com/initplayback?source=youtube&oeis=1&c=WEB&oad=3200&ovd=3200&oaad=11000&oavd=11000&ocs=700&oewis=1&oputc=1&ofpcc=1&msp=1&odepv=1&oreouc=1&id=9bd4c8bc4ea7d47f&ip=103.220.88.42&initcwndbps=947500&mt=1778078969&oweuc="}}}}},"ownerText":{"runs":[{"text":"Ahmed Jahanzeb - Topic","navigationEndpoint":{"clickTrackingParams":"CGEQ3DAYBSITCJjSyKL2pJQDFTV4KgkdCwE0msoBBEwf9WM=","commandMetadata":{"webCommandMetadata":{"url":"/channel/UCpwbuwrQrtawMn1PSNXbNLg","webPageType":"WEB_PAGE_TYPE_CHANNEL","rootVe":3611,"apiUrl":"/youtubei/v1/browse"}},"browseEndpoint":{"browseId":"UCpwbuwrQrtawMn1PSNXbNLg","canonicalBaseUrl":"/channel/UCpwbuwrQrtawMn1PSNXbNLg"}}}]},"shortBylineText":{"runs":[{"text":"Ahmed Jahanzeb - Topic","navigationEndpoint":{"clickTrackingParams":"CGEQ3DAYBSITCJjSyKL2pJQDFTV4KgkdCwE0msoBBEwf9WM=","commandMetadata":{"webCommandMetadata":{"url":"/channel/UCpwbuwrQrtawMn1PSNXbNLg","webPageType":"WEB_PAGE_TYPE_CHANNEL","rootVe":3611,"apiUrl":"/youtubei/v1/browse"}},"browseEndpoint":{"browseId":"UCpwbuwrQrtawMn1PSNXbNLg","canonicalBaseUrl":"/channel/UCpwbuwrQrtawMn1PSNXbNLg"}}}]},"trackingParams":"CGEQ3DAYBSITCJjSyKL2pJQDFTV4KgkdCwE0mkD_qJ_1xJey6psB","showActionMenu":false,"shortViewCountText":{"accessibility":{"accessibilityData":{"label":"6.4 million views"}},"simpleText":"6.4m views"},"menu":{"menuRenderer":{"items":[{"menuServiceItemRenderer":{"text":{"runs":[{"text":"Add to queue"}]},"icon":{"iconType":"ADD_TO_QUEUE_TAIL"},"serviceEndpoint":{"clickTrackingParams":"CGUQ_pgEGBAiEwiY0sii9qSUAxU1eCoJHQsBNJrKAQRMH_Vj","commandMetadata":{"webCommandMetadata":{"sendPost":true}},"signalServiceEndpoint":{"signal":"CLIENT_SIGNAL","actions":[{"clickTrackingParams":"CGUQ_pgEGBAiEwiY0sii9qSUAxU1eCoJHQsBNJrKAQRMH_Vj","addToPlaylistCommand":{"openMiniplayer":true,"videoId":"m9TIvE6n1H8","listType":"PLAYLIST_EDIT_LIST_TYPE_QUEUE","onCreateListCommand":{"clickTrackingParams":"CGUQ_pgEGBAiEwiY0sii9qSUAxU1eCoJHQsBNJrKAQRMH_Vj","commandMetadata":{"webCommandMetadata":{"sendPost":true,"apiUrl":"/youtubei/v1/playlist/create"}},"createPlaylistServiceEndpoint":{"videoIds":["m9TIvE6n1H8"],"params":"CAQ%3D"}},"videoIds":["m9TIvE6n1H8"],"videoCommand":{"clickTrackingParams":"CGUQ_pgEGBAiEwiY0sii9qSUAxU1eCoJHQsBNJrKAQRMH_Vj","commandMetadata":{"webCommandMetadata":{"url":"/watch?v=m9TIvE6n1H8","webPageType":"WEB_PAGE_TYPE_WATCH","rootVe":3832}},"watchEndpoint":{"videoId":"m9TIvE6n1H8","watchEndpointSupportedOnesieConfig":{"html5PlaybackOnesieConfig":{"commonConfig":{"url":"https://rr1---sn-h4upouxgoxu-gq2e.googlevideo.com/initplayback?source=youtube&oeis=1&c=WEB&oad=3200&ovd=3200&oaad=11000&oavd=11000&ocs=700&oewis=1&oputc=1&ofpcc=1&msp=1&odepv=1&oreouc=1&id=9bd4c8bc4ea7d47f&ip=103.220.88.42&initcwndbps=947500&mt=1778078969&oweuc="}}}}}}}]}},"trackingParams":"CGUQ_pgEGBAiEwiY0sii9qSUAxU1eCoJHQsBNJo="}},{"menuServiceItemRenderer":{"text":{"runs":[{"text":"Share"}]},"icon":{"iconType":"SHARE"},"serviceEndpoint":{"clickTrackingParams":"CGEQ3DAYBSITCJjSyKL2pJQDFTV4KgkdCwE0msoBBEwf9WM=","commandMetadata":{"webCommandMetada
1778079488.793 10430   567   710 I OkHttp  : ta":{"sendPost":true,"apiUrl":"/youtubei/v1/share/get_share_panel"}},"shareEntityServiceEndpoint":{"serializedShareEntity":"CgttOVRJdkU2bjFIOA%3D%3D","commands":[{"clickTrackingParams":"CGEQ3DAYBSITCJjSyKL2pJQDFTV4KgkdCwE0msoBBEwf9WM=","openPopupAction":{"popup":{"unifiedSharePanelRenderer":{"trackingParams":"CGQQjmIiEwiY0sii9qSUAxU1eCoJHQsBNJo=","showLoadingSpinner":true}},"popupType":"DIALOG","beReused":true}}]}},"trackingParams":"CGEQ3DAYBSITCJjSyKL2pJQDFTV4KgkdCwE0mg==","hasSeparator":true}}],"trackingParams":"CGEQ3DAYBSITCJjSyKL2pJQDFTV4KgkdCwE0mg==","accessibility":{"accessibilityData":{"label":"Action menu"}}}},"channelThumbnailSupportedRenderers":{"channelThumbnailWithLinkRenderer":{"thumbnail":{"thumbnails":[{"url":"https://yt3.ggpht.com/inatVIPJiblQaXen9AfRWhyqg2T9kMTNTY3j49_ivVddkr6ypIY0Kr25-CCh1scGz3FiByLLs60=s68-c-k-c0x00ffffff-no-rj","width":68,"height":68}]},"navigationEndpoint":{"clickTrackingParams":"CGEQ3DAYBSITCJjSyKL2pJQDFTV4KgkdCwE0msoBBEwf9WM=","commandMetadata":{"webCommandMetadata":{"url":"/channel/UCpwbuwrQrtawMn1PSNXbNLg","webPageType":"WEB_PAGE_TYPE_CHANNEL","rootVe":3611,"apiUrl":"/youtubei/v1/browse"}},"browseEndpoint":{"browseId":"UCpwbuwrQrtawMn1PSNXbNLg","canonicalBaseUrl":"/channel/UCpwbuwrQrtawMn1PSNXbNLg"}},"accessibility":{"accessibilityData":{"label":"Go to channel Ahmed Jahanzeb - Topic"}}}},"thumbnailOverlays":[{"thumbnailOverlayTimeStatusRenderer":{"text":{"accessibility":{"accessibilityData":{"label":"4 minutes, 51 seconds"}},"simpleText":"4:51"},"style":"DEFAULT","icon":{"iconType":"MUSIC"}}},{"thumbnailOverlayToggleButtonRenderer":{"isToggled":false,"untoggledIcon":{"iconType":"WATCH_LATER"},"toggledIcon":{"iconType":"CHECK"},"untoggledTooltip":"Watch Later","toggledTooltip":"Added","untoggledServiceEndpoint":{"clickTrackingParams":"CGMQ-ecDGAEiEwiY0sii9qSUAxU1eCoJHQsBNJrKAQRMH_Vj","commandMetadata":{"webCommandMetadata":{"sendPost":true,"apiUrl":"/youtubei/v1/browse/edit_playlist"}},"playlistEditEndpoint":{"playlistId":"WL","actions":[{"addedVideoId":"m9TIvE6n1H8","action":"ACTION_ADD_VIDEO"}]}},"toggledServiceEndpoint":{"clickTrackingParams":"CGMQ-ecDGAEiEwiY0sii9qSUAxU1eCoJHQsBNJrKAQRMH_Vj","commandMetadata":{"webCommandMetadata":{"sendPost":true,"apiUrl":"/youtubei/v1/browse/edit_playlist"}},"playlistEditEndpoint":{"playlistId":"WL","actions":[{"action":"ACTION_REMOVE_VIDEO_BY_VIDEO_ID","removedVideoId":"m9TIvE6n1H8"}]}},"untoggledAccessibility":{"accessibilityData":{"label":"Watch Later"}},"toggledAccessibility":{"accessibilityData":{"label":"Added"}},"trackingParams":"CGMQ-ecDGAEiEwiY0sii9qSUAxU1eCoJHQsBNJo="}},{"thumbnailOverlayToggleButtonRenderer":{"untoggledIcon":{"iconType":"ADD_TO_QUEUE_TAIL"},"toggledIcon":{"iconType":"PLAYLIST_ADD_CHECK"},"untoggledTooltip":"Add to queue","toggledTooltip":"Added","untoggledServiceEndpoint":{"clickTrackingParams":"CGIQx-wEGAIiEwiY0sii9qSUAxU1eCoJHQsBNJrKAQRMH_Vj","commandMetadata":{"webCommandMetadata":{"sendPost":true}},"signalServiceEndpoint":{"signal":"CLIENT_SIGNAL","actions":[{"clickTrackingParams":"CGIQx-wEGAIiEwiY0sii9qSUAxU1eCoJHQsBNJrKAQRMH_Vj","addToPlaylistCommand":{"openMiniplayer":true,"videoId":"m9TIvE6n1H8","listType":"PLAYLIST_EDIT_LIST_TYPE_QUEUE","onCreateListCommand":{"clickTrackingParams":"CGIQx-wEGAIiEwiY0sii9qSUAxU1eCoJHQsBNJrKAQRMH_Vj","commandMetadata":{"webCommandMetadata":{"sendPost":true,"apiUrl":"/youtubei/v1/playlist/create"}},"createPlaylistServiceEndpoint":{"videoIds":["m9TIvE6n1H8"],"params":"CAQ%3D"}},"videoIds":["m9TIvE6n1H8"]}}]}},"untoggledAccessibility":{"accessibilityData":{"label":"Add to queue"}},"toggledAccessibility":{"accessibilityData":{"label":"Added"}},"trackingParams":"CGIQx-wEGAIiEwiY0sii9qSUAxU1eCoJHQsBNJo="}},{"thumbnailOverlayNowPlayingRenderer":{"text":{"runs":[{"text":"Now playing"}]}}},{"thumbnailOverlayLoadingPreviewRenderer":{"text":{"runs":[{"text":"Keep hovering to play"}]}}}],"detailedMetadataSnippets":[{"snippetText":{"runs":[{"text":"Provided to YouTube by Ahmed Jahanzeb "},{"text":"Tera","bold":true},{"te
1778079488.793 10430   567   710 I OkHttp  : xt":" Mera Hai Pyar Amar (From \"Ishq Murshid\") · Ahmed Jahanzeb "},{"text":"Tera","bold":true},{"text":" Mera Hai ..."}]},"snippetHoverText":{"runs":[{"text":"From the video description"}]},"maxOneLine":false}],"inlinePlaybackEndpoint":{"clickTrackingParams":"CGEQ3DAYBSITCJjSyKL2pJQDFTV4KgkdCwE0mjIGc2VhcmNoUgR0ZXJhmgEDEPQkygEETB_1Yw==","commandMetadata":{"webCommandMetadata":{"url":"/watch?v=m9TIvE6n1H8&pp=YAHIAQGiBhUBhL130_PVoi4hohAJuukTPi5lBFQ%3D","webPageType":"WEB_PAGE_TYPE_WATCH","rootVe":3832}},"watchEndpoint":{"videoId":"m9TIvE6n1H8","params":"8gMFDV8BHT8%3D","playerParams":"YAHIAQGiBhUBhL130_PVoi4hohAJuukTPi5lBFQ%3D","playerExtraUrlParams":[{"key":"inline","value":"1"}],"watchEndpointSupportedOnesieConfig":{"html5PlaybackOnesieConfig":{"commonConfig":{"url":"https://rr1---sn-h4upouxgoxu-gq2e.googlevideo.com/initplayback?source=youtube&oeis=1&c=WEB&oad=3200&ovd=3200&oaad=11000&oavd=11000&ocs=700&oewis=1&oputc=1&ofpcc=1&msp=1&odepv=1&oreouc=1&id=9bd4c8bc4ea7d47f&ip=103.220.88.42&initcwndbps=947500&mt=1778078969&oweuc="}}}}},"searchVideoResultEntityKey":"EgttOVRJdkU2bjFIOCDnAigB","avatar":{"decoratedAvatarViewModel":{"avatar":{"avatarViewModel":{"image":{"sources":[{"url":"https://yt3.ggpht.com/inatVIPJiblQaXen9AfRWhyqg2T9kMTNTY3j49_ivVddkr6ypIY0Kr25-CCh1scGz3FiByLLs60=s68-c-k-c0x00ffffff-no-rj","width":68,"height":68}]},"avatarImageSize":"AVATAR_SIZE_M"}},"a11yLabel":"Go to channel Ahmed Jahanzeb - Topic","rendererContext":{"commandContext":{"onTap":{"innertubeCommand":{"clickTrackingParams":"CGEQ3DAYBSITCJjSyKL2pJQDFTV4KgkdCwE0msoBBEwf9WM=","commandMetadata":{"webCommandMetadata":{"url":"/channel/UCpwbuwrQrtawMn1PSNXbNLg","webPageType":"WEB_PAGE_TYPE_CHANNEL","rootVe":3611,"apiUrl":"/youtubei/v1/browse"}},"browseEndpoint":{"browseId":"UCpwbuwrQrtawMn1PSNXbNLg","canonicalBaseUrl":"/channel/UCpwbuwrQrtawMn1PSNXbNLg"}}}}}}}}},{"videoRenderer":{"videoId":"XBecmsKu-8k","thumbnail":{"thumbnails":[{"url":"https://i.ytimg.com/vi/XBecmsKu-8k/hq720.jpg?sqp=-oaymwEjCOgCEMoBSFryq4qpAxUIARUAAAAAGAElAADIQj0AgKJDeAE=&rs=AOn4CLC1aO03bLpySnZK-YeeThAya20qow","width":360,"height":202},{"url":"https://i.ytimg.com/vi/XBecmsKu-8k/hq720.jpg?sqp=-oaymwEXCNAFEJQDSFryq4qpAwkIARUAAIhCGAE=&rs=AOn4CLAiaSKHUwD4-vk7cYgRGi2L5a7UKg","width":720,"height":404}]},"title":{"runs":[{"text":"Tera Rang Balle Balle | Dance Video नईयो नईयो | Soldier Boby deval, Priti jinta | Suman Lata Prem "}],"accessibility":{"accessibilityData":{"label":"Tera Rang Balle Balle | Dance Video नईयो नईयो | Soldier Boby deval, Priti jinta | Suman Lata Prem  3 minutes, 56 seconds"}}},"longBylineText":{"runs":[{"text":"Suman Lata Prem","navigationEndpoint":{"clickTrackingParams":"CFwQ3DAYBiITCJjSyKL2pJQDFTV4KgkdCwE0msoBBEwf9WM=","commandMetadata":{"webCommandMetadata":{"url":"/@SumanLataPrem","webPageType":"WEB_PAGE_TYPE_CHANNEL","rootVe":3611,"apiUrl":"/youtubei/v1/browse"}},"browseEndpoint":{"browseId":"UCs42aNogPKZr-t_jyMypjgw","canonicalBaseUrl":"/@SumanLataPrem"}}}]},"publishedTimeText":{"simpleText":"13 days ago"},"lengthText":{"accessibility":{"accessibilityData":{"label":"3 minutes, 56 seconds"}},"simpleText":"3:56"},"viewCountText":{"simpleText":"750,628 views"},"navigationEndpoint":{"clickTrackingParams":"CFwQ3DAYBiITCJjSyKL2pJQDFTV4KgkdCwE0mjIGc2VhcmNoUgR0ZXJhmgEDEPQkygEETB_1Yw==","commandMetadata":{"webCommandMetadata":{"url":"/watch?v=XBecmsKu-8k&list=RDXBecmsKu-8k&start_radio=1&pp=ygUEdGVyYaAHAQ%3D%3D","webPageType":"WEB_PAGE_TYPE_WATCH","rootVe":3832}},"watchEndpoint":{"videoId":"XBecmsKu-8k","playlistId":"RDXBecmsKu-8k","params":"OAHAAQHyAwUNXwEdP7gFAQ%3D%3D","playerParams":"ygUEdGVyYaAHAQ%3D%3D","loggingContext":{"vssLoggingContext":{"serializedContextData":"Gg1SRFhCZWNtc0t1LThr"}},"watchEndpointSupportedOnesieConfig":{"html5PlaybackOnesieConfig":{"commonConfig":{"url":"https://rr1---sn-h4upouxgoxu-gq2e.googlevideo.com/initplayback?source=youtube&oeis=1&c=WEB&oad=3200&ovd=3200&oaad=11000&oavd=11000&ocs=700&oewis=1&oputc=1&ofpcc=1&msp=1&odepv=1&oreouc=1&id=5c179c9ac2aefbc9&ip=103.220.88.42
1778079488.793 10430   567   710 I OkHttp  : itcwndbps=947500&mt=1778078969&oweuc="}}}}},"ownerBadges":[{"metadataBadgeRenderer":{"icon":{"iconType":"CHECK_CIRCLE_THICK"},"style":"BADGE_STYLE_TYPE_VERIFIED","tooltip":"Verified","trackingParams":"CFwQ3DAYBiITCJjSyKL2pJQDFTV4KgkdCwE0mg==","accessibilityData":{"label":"Verified"}}}],"ownerText":{"runs":[{"text":"Suman Lata Prem","navigationEndpoint":{"clickTrackingParams":"CFwQ3DAYBiITCJjSyKL2pJQDFTV4KgkdCwE0msoBBEwf9WM=","commandMetadata":{"webCommandMetadata":{"url":"/@SumanLataPrem","webPageType":"WEB_PAGE_TYPE_CHANNEL","rootVe":3611,"apiUrl":"/youtubei/v1/browse"}},"browseEndpoint":{"browseId":"UCs42aNogPKZr-t_jyMypjgw","canonicalBaseUrl":"/@SumanLataPrem"}}}]},"shortBylineText":{"runs":[{"text":"Suman Lata Prem","navigationEndpoint":{"clickTrackingParams":"CFwQ3DAYBiITCJjSyKL2pJQDFTV4KgkdCwE0msoBBEwf9WM=","commandMetadata":{"webCommandMetadata":{"url":"/@SumanLataPrem","webPageType":"WEB_PAGE_TYPE_CHANNEL","rootVe":3611,"apiUrl":"/youtubei/v1/browse"}},"browseEndpoint":{"browseId":"UCs42aNogPKZr-t_jyMypjgw","canonicalBaseUrl":"/@SumanLataPrem"}}}]},"trackingParams":"CFwQ3DAYBiITCJjSyKL2pJQDFTV4KgkdCwE0mkDJ97uVrJPni1w=","showActionMenu":false,"shortViewCountText":{"accessibility":{"accessibilityData":{"label":"750 thousand views"}},"simpleText":"750k views"},"menu":{"menuRenderer":{"items":[{"menuServiceItemRenderer":{"text":{"runs":[{"text":"Add to queue"}]},"icon":{"iconType":"ADD_TO_QUEUE_TAIL"},"serviceEndpoint":{"clickTrackingParams":"CGAQ_pgEGA4iEwiY0sii9qSUAxU1eCoJHQsBNJrKAQRMH_Vj","commandMetadata":{"webCommandMetadata":{"sendPost":true}},"signalServiceEndpoint":{"signal":"CLIENT_SIGNAL","actions":[{"clickTrackingParams":"CGAQ_pgEGA4iEwiY0sii9qSUAxU1eCoJHQsBNJrKAQRMH_Vj","addToPlaylistCommand":{"openMiniplayer":true,"videoId":"XBecmsKu-8k","listType":"PLAYLIST_EDIT_LIST_TYPE_QUEUE","onCreateListCommand":{"clickTrackingParams":"CGAQ_pgEGA4iEwiY0sii9qSUAxU1eCoJHQsBNJrKAQRMH_Vj","commandMetadata":{"webCommandMetadata":{"sendPost":true,"apiUrl":"/youtubei/v1/playlist/create"}},"createPlaylistServiceEndpoint":{"videoIds":["XBecmsKu-8k"],"params":"CAQ%3D"}},"videoIds":["XBecmsKu-8k"],"videoCommand":{"clickTrackingParams":"CGAQ_pgEGA4iEwiY0sii9qSUAxU1eCoJHQsBNJrKAQRMH_Vj","commandMetadata":{"webCommandMetadata":{"url":"/watch?v=XBecmsKu-8k&pp=0gcJCXEFdf6zKzOD","webPageType":"WEB_PAGE_TYPE_WATCH","rootVe":3832}},"watchEndpoint":{"videoId":"XBecmsKu-8k","playerParams":"0gcJCXEFdf6zKzOD","watchEndpointSupportedOnesieConfig":{"html5PlaybackOnesieConfig":{"commonConfig":{"url":"https://rr1---sn-h4upouxgoxu-gq2e.googlevideo.com/initplayback?source=youtube&oeis=1&c=WEB&oad=3200&ovd=3200&oaad=11000&oavd=11000&ocs=700&oewis=1&oputc=1&ofpcc=1&msp=1&odepv=1&oreouc=1&id=5c179c9ac2aefbc9&ip=103.220.88.42&initcwndbps=947500&mt=1778078969&oweuc="}}}}}}}]}},"trackingParams":"CGAQ_pgEGA4iEwiY0sii9qSUAxU1eCoJHQsBNJo="}},{"menuServiceItemRenderer":{"text":{"runs":[{"text":"Share"}]},"icon":{"iconType":"SHARE"},"serviceEndpoint":{"clickTrackingParams":"CFwQ3DAYBiITCJjSyKL2pJQDFTV4KgkdCwE0msoBBEwf9WM=","commandMetadata":{"webCommandMetadata":{"sendPost":true,"apiUrl":"/youtubei/v1/share/get_share_panel"}},"shareEntityServiceEndpoint":{"serializedShareEntity":"CgtYQmVjbXNLdS04aw%3D%3D","commands":[{"clickTrackingParams":"CFwQ3DAYBiITCJjSyKL2pJQDFTV4KgkdCwE0msoBBEwf9WM=","openPopupAction":{"popup":{"unifiedSharePanelRenderer":{"trackingParams":"CF8QjmIiEwiY0sii9qSUAxU1eCoJHQsBNJo=","showLoadingSpinner":true}},"popupType":"DIALOG","beReused":true}}]}},"trackingParams":"CFwQ3DAYBiITCJjSyKL2pJQDFTV4KgkdCwE0mg==","hasSeparator":true}}],"trackingParams":"CFwQ3DAYBiITCJjSyKL2pJQDFTV4KgkdCwE0mg==","accessibility":{"accessibilityData":{"label":"Action menu"}}}},"channelThumbnailSupportedRenderers":{"channelThumbnailWithLinkRenderer":{"thumbnail":{"thumbnails":[{"url":"https://yt3.ggpht.com/cMh5ETshij3SPw6ntkRj1Ow8PAKkRyLN9eNjbz8d-kUZfTjo4i-pPbcoJzxq2OzMrzYTWMx2AQ=s68-c-k-c0x00ffffff-no-rj","width":68,"height":68}]},"navigationEndpoint":{"clickTrackingParams":"CFwQ3DAYBiITCJjSy
1778079488.794 10430   567   710 I OkHttp  : KL2pJQDFTV4KgkdCwE0msoBBEwf9WM=","commandMetadata":{"webCommandMetadata":{"url":"/@SumanLataPrem","webPageType":"WEB_PAGE_TYPE_CHANNEL","rootVe":3611,"apiUrl":"/youtubei/v1/browse"}},"browseEndpoint":{"browseId":"UCs42aNogPKZr-t_jyMypjgw","canonicalBaseUrl":"/@SumanLataPrem"}},"accessibility":{"accessibilityData":{"label":"Go to channel Suman Lata Prem"}}}},"thumbnailOverlays":[{"thumbnailOverlayTimeStatusRenderer":{"text":{"accessibility":{"accessibilityData":{"label":"3 minutes, 56 seconds"}},"simpleText":"3:56"},"style":"DEFAULT","icon":{"iconType":"MUSIC"}}},{"thumbnailOverlayToggleButtonRenderer":{"isToggled":false,"untoggledIcon":{"iconType":"WATCH_LATER"},"toggledIcon":{"iconType":"CHECK"},"untoggledTooltip":"Watch Later","toggledTooltip":"Added","untoggledServiceEndpoint":{"clickTrackingParams":"CF4Q-ecDGAIiEwiY0sii9qSUAxU1eCoJHQsBNJrKAQRMH_Vj","commandMetadata":{"webCommandMetadata":{"sendPost":true,"apiUrl":"/youtubei/v1/browse/edit_playlist"}},"playlistEditEndpoint":{"playlistId":"WL","actions":[{"addedVideoId":"XBecmsKu-8k","action":"ACTION_ADD_VIDEO"}]}},"toggledServiceEndpoint":{"clickTrackingParams":"CF4Q-ecDGAIiEwiY0sii9qSUAxU1eCoJHQsBNJrKAQRMH_Vj","commandMetadata":{"webCommandMetadata":{"sendPost":true,"apiUrl":"/youtubei/v1/browse/edit_playlist"}},"playlistEditEndpoint":{"playlistId":"WL","actions":[{"action":"ACTION_REMOVE_VIDEO_BY_VIDEO_ID","removedVideoId":"XBecmsKu-8k"}]}},"untoggledAccessibility":{"accessibilityData":{"label":"Watch Later"}},"toggledAccessibility":{"accessibilityData":{"label":"Added"}},"trackingParams":"CF4Q-ecDGAIiEwiY0sii9qSUAxU1eCoJHQsBNJo="}},{"thumbnailOverlayToggleButtonRenderer":{"untoggledIcon":{"iconType":"ADD_TO_QUEUE_TAIL"},"toggledIcon":{"iconType":"PLAYLIST_ADD_CHECK"},"untoggledTooltip":"Add to queue","toggledTooltip":"Added","untoggledServiceEndpoint":{"clickTrackingParams":"CF0Qx-wEGAMiEwiY0sii9qSUAxU1eCoJHQsBNJrKAQRMH_Vj","commandMetadata":{"webCommandMetadata":{"sendPost":true}},"signalServiceEndpoint":{"signal":"CLIENT_SIGNAL","actions":[{"clickTrackingParams":"CF0Qx-wEGAMiEwiY0sii9qSUAxU1eCoJHQsBNJrKAQRMH_Vj","addToPlaylistCommand":{"openMiniplayer":true,"videoId":"XBecmsKu-8k","listType":"PLAYLIST_EDIT_LIST_TYPE_QUEUE","onCreateListCommand":{"clickTrackingParams":"CF0Qx-wEGAMiEwiY0sii9qSUAxU1eCoJHQsBNJrKAQRMH_Vj","commandMetadata":{"webCommandMetadata":{"sendPost":true,"apiUrl":"/youtubei/v1/playlist/create"}},"createPlaylistServiceEndpoint":{"videoIds":["XBecmsKu-8k"],"params":"CAQ%3D"}},"videoIds":["XBecmsKu-8k"]}}]}},"untoggledAccessibility":{"accessibilityData":{"label":"Add to queue"}},"toggledAccessibility":{"accessibilityData":{"label":"Added"}},"trackingParams":"CF0Qx-wEGAMiEwiY0sii9qSUAxU1eCoJHQsBNJo="}},{"thumbnailOverlayNowPlayingRenderer":{"text":{"runs":[{"text":"Now playing"}]}}},{"thumbnailOverlayLoadingPreviewRenderer":{"text":{"runs":[{"text":"Keep hovering to play"}]}}}],"detailedMetadataSnippets":[{"snippetText":{"runs":[{"text":"Tera","bold":true},{"text":" Rang Balle Balle | Dance Video नईयो नईयो | Soldier Boby deval, Priti jinta | Suman Lata Prem #terarangballeballe ..."}]},"snippetHoverText":{"runs":[{"text":"From the video description"}]},"maxOneLine":false}],"inlinePlaybackEndpoint":{"clickTrackingParams":"CFwQ3DAYBiITCJjSyKL2pJQDFTV4KgkdCwE0mjIGc2VhcmNoUgR0ZXJhmgEDEPQkygEETB_1Yw==","commandMetadata":{"webCommandMetadata":{"url":"/watch?v=XBecmsKu-8k&pp=YAHIAQGiBhUBhL1309dzlEGkX5cqKLPaYeLropY%3D","webPageType":"WEB_PAGE_TYPE_WATCH","rootVe":3832}},"watchEndpoint":{"videoId":"XBecmsKu-8k","params":"8gMFDV8BHT8%3D","playerParams":"YAHIAQGiBhUBhL1309dzlEGkX5cqKLPaYeLropY%3D","playerExtraUrlParams":[{"key":"inline","value":"1"}],"watchEndpointSupportedOnesieConfig":{"html5PlaybackOnesieConfig":{"commonConfig":{"url":"https://rr1---sn-h4upouxgoxu-gq2e.googlevideo.com/initplayback?source=youtube&oeis=1&c=WEB&oad=3200&ovd=3200&oaad=11000&oavd=11000&ocs=700&oewis=1&oputc=1&ofpcc=1&msp=1&odepv=1&oreouc=1&id=5c179c9ac2aefbc9&ip=103.220.88.42&initcwndbps=947500&mt=1778078969&owe
1778079488.794 10430   567   710 I OkHttp  : uc="}}}}},"searchVideoResultEntityKey":"EgtYQmVjbXNLdS04ayDnAigB","avatar":{"decoratedAvatarViewModel":{"avatar":{"avatarViewModel":{"image":{"sources":[{"url":"https://yt3.ggpht.com/cMh5ETshij3SPw6ntkRj1Ow8PAKkRyLN9eNjbz8d-kUZfTjo4i-pPbcoJzxq2OzMrzYTWMx2AQ=s68-c-k-c0x00ffffff-no-rj","width":68,"height":68}]},"avatarImageSize":"AVATAR_SIZE_M"}},"a11yLabel":"Go to channel Suman Lata Prem","rendererContext":{"commandContext":{"onTap":{"innertubeCommand":{"clickTrackingParams":"CFwQ3DAYBiITCJjSyKL2pJQDFTV4KgkdCwE0msoBBEwf9WM=","commandMetadata":{"webCommandMetadata":{"url":"/@SumanLataPrem","webPageType":"WEB_PAGE_TYPE_CHANNEL","rootVe":3611,"apiUrl":"/youtubei/v1/browse"}},"browseEndpoint":{"browseId":"UCs42aNogPKZr-t_jyMypjgw","canonicalBaseUrl":"/@SumanLataPrem"}}}}}}}}},{"videoRenderer":{"videoId":"13GxSDsiCw0","thumbnail":{"thumbnails":[{"url":"https://i.ytimg.com/vi/13GxSDsiCw0/hq720.jpg?sqp=-oaymwEjCOgCEMoBSFryq4qpAxUIARUAAAAAGAElAADIQj0AgKJDeAE=&rs=AOn4CLBgyEdCJnSe5vI4Eo7DuyLY7f9D1Q","width":360,"height":202},{"url":"https://i.ytimg.com/vi/13GxSDsiCw0/hq720.jpg?sqp=-oaymwEXCNAFEJQDSFryq4qpAwkIARUAAIhCGAE=&rs=AOn4CLCR3A6KHiFsWvvV4Xr3MwBmckqECg","width":720,"height":404}]},"title":{"runs":[{"text":"Tera Chehra (feat. Rehan Fazal)"}],"accessibility":{"accessibilityData":{"label":"Tera Chehra (feat. Rehan Fazal) 5 minutes, 50 seconds"}}},"longBylineText":{"runs":[{"text":"Sufi Rehan","navigationEndpoint":{"clickTrackingParams":"CFcQ3DAYByITCJjSyKL2pJQDFTV4KgkdCwE0msoBBEwf9WM=","commandMetadata":{"webCommandMetadata":{"url":"/channel/UCiOk5ypbu2JClYIeGs9O7Hw","webPageType":"WEB_PAGE_TYPE_CHANNEL","rootVe":3611,"apiUrl":"/youtubei/v1/browse"}},"browseEndpoint":{"browseId":"UCiOk5ypbu2JClYIeGs9O7Hw","canonicalBaseUrl":"/channel/UCiOk5ypbu2JClYIeGs9O7Hw"}}}]},"lengthText":{"accessibility":{"accessibilityData":{"label":"5 minutes, 50 seconds"}},"simpleText":"5:50"},"viewCountText":{"simpleText":"586,764 views"},"navigationEndpoint":{"clickTrackingParams":"CFcQ3DAYByITCJjSyKL2pJQDFTV4KgkdCwE0mjIGc2VhcmNoUgR0ZXJhmgEDEPQkygEETB_1Yw==","commandMetadata":{"webCommandMetadata":{"url":"/watch?v=13GxSDsiCw0&list=RD13GxSDsiCw0&start_radio=1&pp=ygUEdGVyYaAHAQ%3D%3D","webPageType":"WEB_PAGE_TYPE_WATCH","rootVe":3832}},"watchEndpoint":{"videoId":"13GxSDsiCw0","playlistId":"RD13GxSDsiCw0","params":"OAHAAQHyAwUNXwEdP7gFAQ%3D%3D","playerParams":"ygUEdGVyYaAHAQ%3D%3D","loggingContext":{"vssLoggingContext":{"serializedContextData":"Gg1SRDEzR3hTRHNpQ3cw"}},"watchEndpointSupportedOnesieConfig":{"html5PlaybackOnesieConfig":{"commonConfig":{"url":"https://rr2---sn-h4upouxgoxu-gq2e.googlevideo.com/initplayback?source=youtube&oeis=1&c=WEB&oad=3200&ovd=3200&oaad=11000&oavd=11000&ocs=700&oewis=1&oputc=1&ofpcc=1&msp=1&odepv=1&oreouc=1&id=d771b1483b220b0d&ip=103.220.88.42&initcwndbps=947500&mt=1778078969&oweuc="}}}}},"ownerBadges":[{"metadataBadgeRenderer":{"icon":{"iconType":"AUDIO_BADGE"},"style":"BADGE_STYLE_TYPE_VERIFIED_ARTIST","tooltip":"Official Artist Channel","trackingParams":"CFcQ3DAYByITCJjSyKL2pJQDFTV4KgkdCwE0mg==","accessibilityData":{"label":"Official Artist Channel"}}}],"ownerText":{"runs":[{"text":"Sufi Rehan","navigationEndpoint":{"clickTrackingParams":"CFcQ3DAYByITCJjSyKL2pJQDFTV4KgkdCwE0msoBBEwf9WM=","commandMetadata":{"webCommandMetadata":{"url":"/channel/UCiOk5ypbu2JClYIeGs9O7Hw","webPageType":"WEB_PAGE_TYPE_CHANNEL","rootVe":3611,"apiUrl":"/youtubei/v1/browse"}},"browseEndpoint":{"browseId":"UCiOk5ypbu2JClYIeGs9O7Hw","canonicalBaseUrl":"/channel/UCiOk5ypbu2JClYIeGs9O7Hw"}}}]},"shortBylineText":{"runs":[{"text":"Sufi Rehan","navigationEndpoint":{"clickTrackingParams":"CFcQ3DAYByITCJjSyKL2pJQDFTV4KgkdCwE0msoBBEwf9WM=","commandMetadata":{"webCommandMetadata":{"url":"/channel/UCiOk5ypbu2JClYIeGs9O7Hw","webPageType":"WEB_PAGE_TYPE_CHANNEL","rootVe":3611,"apiUrl":"/youtubei/v1/browse"}},"browseEndpoint":{"browseId":"UCiOk5ypbu2JClYIeGs9O7Hw","canonicalBaseUrl":"/channel/UCiOk5ypbu2JClYIeGs9O7Hw"}}}]},"trackingParams":"CFcQ3DAYByITCJjSyKL2pJQDFTV4KgkdCwE0mkCNlojZg6nsuNc
1778079488.794 10430   567   710 I OkHttp  : ,"commandMetadata":{"webCommandMetadata":{"url":"/watch?v=laDxzq2qEmI&list=RDlaDxzq2qEmI&start_radio=1&pp=ygUEdGVyYaAHAQ%3D%3D","webPageType":"WEB_PAGE_TYPE_WATCH","rootVe":3832}},"watchEndpoint":{"videoId":"laDxzq2qEmI","playlistId":"RDlaDxzq2qEmI","params":"OAHAAQGqAwR0ZXJhugMLCLKuzODRmYqC3gG6AwsItty9h-vswc7QAboDCwiqsd6T-JzL6swBugMKCMKt85S8g_6xCboDCgjsw5WDsoTC1ni6AwsIpo6l3ICq7J2tAboDCgisyby669XPrgW6AwsI04jH6-Ku8fiLAboDCgiYx7mt4pa5nzO6AwoIq9-j6IWn3esqugMLCLr4ud7urvbS3AG6AwsI86mv3aG8lcH7AboDCwjC65Kmqdjg8cQBugMKCPC9vZypnOOoILoDCgjmr53kpb3Wqjm6AwoIj_DN7L20oPxwugMLCJDWscyxyv_XmQG6AwoIisr7rvWzvu5B8gMFDV8BHT-4BQE%3D","playerParams":"ygUEdGVyYaAHAQ%3D%3D","loggingContext":{"vssLoggingContext":{"serializedContextData":"Gg1SRGxhRHh6cTJxRW1J"}},"watchEndpointSupportedOnesieConfig":{"html5PlaybackOnesieConfig":{"commonConfig":{"url":"https://rr2---sn-h4upouxgoxu-gq2e.googlevideo.com/initplayback?source=youtube&oeis=1&c=WEB&oad=3200&ovd=3200&oaad=11000&oavd=11000&ocs=700&oewis=1&oputc=1&ofpcc=1&msp=1&odepv=1&oreouc=1&id=95a0f1ceadaa1262&ip=103.220.88.42&initcwndbps=947500&mt=1778078969&oweuc="}}}}},"ownerBadges":[{"metadataBadgeRenderer":{"icon":{"iconType":"AUDIO_BADGE"},"style":"BADGE_STYLE_TYPE_VERIFIED_ARTIST","tooltip":"Official Artist Channel","trackingParams":"CEYQ3DAYEiITCJjSyKL2pJQDFTV4KgkdCwE0mg==","accessibilityData":{"label":"Official Artist Channel"}}}],"ownerText":{"runs":[{"text":"Arijit Singh","navigationEndpoint":{"clickTrackingParams":"CEYQ3DAYEiITCJjSyKL2pJQDFTV4KgkdCwE0msoBBEwf9WM=","commandMetadata":{"webCommandMetadata":{"url":"/channel/UCtFOW7jJXChfFNoucRFqRmw","webPageType":"WEB_PAGE_TYPE_CHANNEL","rootVe":3611,"apiUrl":"/youtubei/v1/browse"}},"browseEndpoint":{"browseId":"UCtFOW7jJXChfFNoucRFqRmw","canonicalBaseUrl":"/channel/UCtFOW7jJXChfFNoucRFqRmw"}}}]},"shortBylineText":{"runs":[{"text":"Arijit Singh","navigationEndpoint":{"clickTrackingParams":"CEYQ3DAYEiITCJjSyKL2pJQDFTV4KgkdCwE0msoBBEwf9WM=","commandMetadata":{"webCommandMetadata":{"url":"/channel/UCtFOW7jJXChfFNoucRFqRmw","webPageType":"WEB_PAGE_TYPE_CHANNEL","rootVe":3611,"apiUrl":"/youtubei/v1/browse"}},"browseEndpoint":{"browseId":"UCtFOW7jJXChfFNoucRFqRmw","canonicalBaseUrl":"/channel/UCtFOW7jJXChfFNoucRFqRmw"}}}]},"trackingParams":"CEYQ3DAYEiITCJjSyKL2pJQDFTV4KgkdCwE0mkDipKjt6rm80JUB","showActionMenu":false,"shortViewCountText":{"accessibility":{"accessibilityData":{"label":"24 million views"}},"simpleText":"24m views"},"menu":{"menuRenderer":{"items":[{"menuServiceItemRenderer":{"text":{"runs":[{"text":"Add to queue"}]},"icon":{"iconType":"ADD_TO_QUEUE_TAIL"},"serviceEndpoint":{"clickTrackingParams":"CEoQ_pgEGA8iEwiY0sii9qSUAxU1eCoJHQsBNJrKAQRMH_Vj","commandMetadata":{"webCommandMetadata":{"sendPost":true}},"signalServiceEndpoint":{"signal":"CLIENT_SIGNAL","actions":[{"clickTrackingParams":"CEoQ_pgEGA8iEwiY0sii9qSUAxU1eCoJHQsBNJrKAQRMH_Vj","addToPlaylistCommand":{"openMiniplayer":true,"videoId":"laDxzq2qEmI","listType":"PLAYLIST_EDIT_LIST_TYPE_QUEUE","onCreateListCommand":{"clickTrackingParams":"CEoQ_pgEGA8iEwiY0sii9qSUAxU1eCoJHQsBNJrKAQRMH_Vj","commandMetadata":{"webCommandMetadata":{"sendPost":true,"apiUrl":"/youtubei/v1/playlist/create"}},"createPlaylistServiceEndpoint":{"videoIds":["laDxzq2qEmI"],"params":"CAQ%3D"}},"videoIds":["laDxzq2qEmI"],"videoCommand":{"clickTrackingParams":"CEoQ_pgEGA8iEwiY0sii9qSUAxU1eCoJHQsBNJrKAQRMH_Vj","commandMetadata":{"webCommandMetadata":{"url":"/watch?v=laDxzq2qEmI","webPageType":"WEB_PAGE_TYPE_WATCH","rootVe":3832}},"watchEndpoint":{"videoId":"laDxzq2qEmI","watchEndpointSupportedOnesieConfig":{"html5PlaybackOnesieConfig":{"commonConfig":{"url":"https://rr2---sn-h4upouxgoxu-gq2e.googlevideo.com/initplayback?source=youtube&oeis=1&c=WEB&oad=3200&ovd=3200&oaad=11000&oavd=11000&ocs=700&oewis=1&oputc=1&ofpcc=1&msp=1&odepv=1&oreouc=1&id=95a0f1ceadaa1262&ip=103.220.88.42&initcwndbps=947500&mt=1778078969&oweuc="}}}}}}}]}},"trackingParams":"CEoQ_pgEGA8iEwiY0sii9qSUAxU1eCoJHQsBNJo="}},{"menuServiceItemRenderer":{"text":{"runs":[{"text":"Share"}]},"ic
1778079488.794 10430   567   710 I OkHttp  : on":{"iconType":"SHARE"},"serviceEndpoint":{"clickTrackingParams":"CEYQ3DAYEiITCJjSyKL2pJQDFTV4KgkdCwE0msoBBEwf9WM=","commandMetadata":{"webCommandMetadata":{"sendPost":true,"apiUrl":"/youtubei/v1/share/get_share_panel"}},"shareEntityServiceEndpoint":{"serializedShareEntity":"CgtsYUR4enEycUVtSQ%3D%3D","commands":[{"clickTrackingParams":"CEYQ3DAYEiITCJjSyKL2pJQDFTV4KgkdCwE0msoBBEwf9WM=","openPopupAction":{"popup":{"unifiedSharePanelRenderer":{"trackingParams":"CEkQjmIiEwiY0sii9qSUAxU1eCoJHQsBNJo=","showLoadingSpinner":true}},"popupType":"DIALOG","beReused":true}}]}},"trackingParams":"CEYQ3DAYEiITCJjSyKL2pJQDFTV4KgkdCwE0mg==","hasSeparator":true}}],"trackingParams":"CEYQ3DAYEiITCJjSyKL2pJQDFTV4KgkdCwE0mg==","accessibility":{"accessibilityData":{"label":"Action menu"}}}},"channelThumbnailSupportedRenderers":{"channelThumbnailWithLinkRenderer":{"thumbnail":{"thumbnails":[{"url":"https://yt3.ggpht.com/DcEzZrPCQRSSs47rMbdJ3UJkQUCN3X8SKf8aCnvOgd2BmPihAz-0jBGJgEVh9_P8EiSBVNyixDs=s88-c-k-c0x00ffffff-no-rj","width":68,"height":68}]},"navigationEndpoint":{"clickTrackingParams":"CEYQ3DAYEiITCJjSyKL2pJQDFTV4KgkdCwE0msoBBEwf9WM=","commandMetadata":{"webCommandMetadata":{"url":"/channel/UCtFOW7jJXChfFNoucRFqRmw","webPageType":"WEB_PAGE_TYPE_CHANNEL","rootVe":3611,"apiUrl":"/youtubei/v1/browse"}},"browseEndpoint":{"browseId":"UCtFOW7jJXChfFNoucRFqRmw"}},"accessibility":{"accessibilityData":{"label":"Go to channel Arijit Singh - Topic"}}}},"thumbnailOverlays":[{"thumbnailOverlayTimeStatusRenderer":{"text":{"accessibility":{"accessibilityData":{"label":"5 minutes, 10 seconds"}},"simpleText":"5:10"},"style":"DEFAULT","icon":{"iconType":"MUSIC"}}},{"thumbnailOverlayToggleButtonRenderer":{"isToggled":false,"untoggledIcon":{"iconType":"WATCH_LATER"},"toggledIcon":{"iconType":"CHECK"},"untoggledTooltip":"Watch Later","toggledTooltip":"Added","untoggledServiceEndpoint":{"clickTrackingParams":"CEgQ-ecDGAIiEwiY0sii9qSUAxU1eCoJHQsBNJrKAQRMH_Vj","commandMetadata":{"webCommandMetadata":{"sendPost":true,"apiUrl":"/youtubei/v1/browse/edit_playlist"}},"playlistEditEndpoint":{"playlistId":"WL","actions":[{"addedVideoId":"laDxzq2qEmI","action":"ACTION_ADD_VIDEO"}]}},"toggledServiceEndpoint":{"clickTrackingParams":"CEgQ-ecDGAIiEwiY0sii9qSUAxU1eCoJHQsBNJrKAQRMH_Vj","commandMetadata":{"webCommandMetadata":{"sendPost":true,"apiUrl":"/youtubei/v1/browse/edit_playlist"}},"playlistEditEndpoint":{"playlistId":"WL","actions":[{"action":"ACTION_REMOVE_VIDEO_BY_VIDEO_ID","removedVideoId":"laDxzq2qEmI"}]}},"untoggledAccessibility":{"accessibilityData":{"label":"Watch Later"}},"toggledAccessibility":{"accessibilityData":{"label":"Added"}},"trackingParams":"CEgQ-ecDGAIiEwiY0sii9qSUAxU1eCoJHQsBNJo="}},{"thumbnailOverlayToggleButtonRenderer":{"untoggledIcon":{"iconType":"ADD_TO_QUEUE_TAIL"},"toggledIcon":{"iconType":"PLAYLIST_ADD_CHECK"},"untoggledTooltip":"Add to queue","toggledTooltip":"Added","untoggledServiceEndpoint":{"clickTrackingParams":"CEcQx-wEGAMiEwiY0sii9qSUAxU1eCoJHQsBNJrKAQRMH_Vj","commandMetadata":{"webCommandMetadata":{"sendPost":true}},"signalServiceEndpoint":{"signal":"CLIENT_SIGNAL","actions":[{"clickTrackingParams":"CEcQx-wEGAMiEwiY0sii9qSUAxU1eCoJHQsBNJrKAQRMH_Vj","addToPlaylistCommand":{"openMiniplayer":true,"videoId":"laDxzq2qEmI","listType":"PLAYLIST_EDIT_LIST_TYPE_QUEUE","onCreateListCommand":{"clickTrackingParams":"CEcQx-wEGAMiEwiY0sii9qSUAxU1eCoJHQsBNJrKAQRMH_Vj","commandMetadata":{"webCommandMetadata":{"sendPost":true,"apiUrl":"/youtubei/v1/playlist/create"}},"createPlaylistServiceEndpoint":{"videoIds":["laDxzq2qEmI"],"params":"CAQ%3D"}},"videoIds":["laDxzq2qEmI"]}}]}},"untoggledAccessibility":{"accessibilityData":{"label":"Add to queue"}},"toggledAccessibility":{"accessibilityData":{"label":"Added"}},"trackingParams":"CEcQx-wEGAMiEwiY0sii9qSUAxU1eCoJHQsBNJo="}},{"thumbnailOverlayNowPlayingRenderer":{"text":{"runs":[{"text":"Now playing"}]}}},{"thumbnailOverlayLoadingPreviewRenderer":{"text":{"runs":[{"text":"Keep hovering to play"}]}}}],"detailedMetadataSnippets":[{"snippetT
1778079488.794 10430   567   710 I OkHttp  : ext":{"runs":[{"text":"Provided to YouTube by TIPS INDUSTRIES LTD "},{"text":"Tera","bold":true},{"text":" Fitoor · Arijit Singh Genius ℗ 2018 Tips Industries Ltd. Released on: ..."}]},"snippetHoverText":{"runs":[{"text":"From the video description"}]},"maxOneLine":false}],"inlinePlaybackEndpoint":{"clickTrackingParams":"CEYQ3DAYEiITCJjSyKL2pJQDFTV4KgkdCwE0mjIGc2VhcmNoUgR0ZXJhmgEDEPQkygEETB_1Yw==","commandMetadata":{"webCommandMetadata":{"url":"/watch?v=laDxzq2qEmI&pp=YAHIAQGiBhUBhL1300nsZoxgaQlvMdWZb35Vea8%3D","webPageType":"WEB_PAGE_TYPE_WATCH","rootVe":3832}},"watchEndpoint":{"videoId":"laDxzq2qEmI","params":"qgMEdGVyYboDCwiyrszg0ZmKgt4BugMLCLbcvYfr7MHO0AG6AwsIqrHek_icy-rMAboDCgjCrfOUvIP-sQm6AwoI7MOVg7KEwtZ4ugMLCKaOpdyAquydrQG6AwoIrMm8uuvVz64FugMLCNOIx-virvH4iwG6AwoImMe5reKWuZ8zugMKCKvfo-iFp93rKroDCwi6-Lne7q720twBugMLCPOpr92hvJXB-wG6AwsIwuuSpqnY4PHEAboDCgjwvb2cqZzjqCC6AwoI5q-d5KW91qo5ugMKCI_wzey9tKD8cLoDCwiQ1rHMscr_15kBugMKCIrK-671s77uQfIDBQ1fAR0_","playerParams":"YAHIAQGiBhUBhL1300nsZoxgaQlvMdWZb35Vea8%3D","playerExtraUrlParams":[{"key":"inline","value":"1"}],"watchEndpointSupportedOnesieConfig":{"html5PlaybackOnesieConfig":{"commonConfig":{"url":"https://rr2---sn-h4upouxgoxu-gq2e.googlevideo.com/initplayback?source=youtube&oeis=1&c=WEB&oad=3200&ovd=3200&oaad=11000&oavd=11000&ocs=700&oewis=1&oputc=1&ofpcc=1&msp=1&odepv=1&oreouc=1&id=95a0f1ceadaa1262&ip=103.220.88.42&initcwndbps=947500&mt=1778078969&oweuc="}}}}},"searchVideoResultEntityKey":"EgtsYUR4enEycUVtSSDnAigB","avatar":{"decoratedAvatarViewModel":{"avatar":{"avatarViewModel":{"image":{"sources":[{"url":"https://yt3.ggpht.com/DcEzZrPCQRSSs47rMbdJ3UJkQUCN3X8SKf8aCnvOgd2BmPihAz-0jBGJgEVh9_P8EiSBVNyixDs=s88-c-k-c0x00ffffff-no-rj","width":68,"height":68}]},"avatarImageSize":"AVATAR_SIZE_M"}},"a11yLabel":"Go to channel Arijit Singh - Topic","rendererContext":{"commandContext":{"onTap":{"innertubeCommand":{"clickTrackingParams":"CEYQ3DAYEiITCJjSyKL2pJQDFTV4KgkdCwE0msoBBEwf9WM=","commandMetadata":{"webCommandMetadata":{"url":"/channel/UCtFOW7jJXChfFNoucRFqRmw","webPageType":"WEB_PAGE_TYPE_CHANNEL","rootVe":3611,"apiUrl":"/youtubei/v1/browse"}},"browseEndpoint":{"browseId":"UCtFOW7jJXChfFNoucRFqRmw"}}}}}}}}},{"videoRenderer":{"videoId":"OVVZ6lyHV-Y","thumbnail":{"thumbnails":[{"url":"https://i.ytimg.com/vi/OVVZ6lyHV-Y/hq720.jpg?sqp=-oaymwEjCOgCEMoBSFryq4qpAxUIARUAAAAAGAElAADIQj0AgKJDeAE=&rs=AOn4CLD6vJ4198OJVsnPuxlAUL4SQeQJAA","width":360,"height":202},{"url":"https://i.ytimg.com/vi/OVVZ6lyHV-Y/hq720.jpg?sqp=-oaymwEXCNAFEJQDSFryq4qpAwkIARUAAIhCGAE=&rs=AOn4CLB8Cm87pOJOCs6KGXErTFKwT6MdIA","width":720,"height":404}]},"title":{"runs":[{"text":"Tera Hone Laga Hoon Lyrics - Ajab Prem Ki Gazab Kahaani | Pritam, Atif Aslam, Alisha Chinai"}],"accessibility":{"accessibilityData":{"label":"Tera Hone Laga Hoon Lyrics - Ajab Prem Ki Gazab Kahaani | Pritam, Atif Aslam, Alisha Chinai 5 minutes"}}},"longBylineText":{"runs":[{"text":"Vibe Bird","navigationEndpoint":{"clickTrackingParams":"CEEQ3DAYEyITCJjSyKL2pJQDFTV4KgkdCwE0msoBBEwf9WM=","commandMetadata":{"webCommandMetadata":{"url":"/@VibeBird.","webPageType":"WEB_PAGE_TYPE_CHANNEL","rootVe":3611,"apiUrl":"/youtubei/v1/browse"}},"browseEndpoint":{"browseId":"UCo3V2SuKx_qA8iC2oK9iHCg","canonicalBaseUrl":"/@VibeBird."}}}]},"publishedTimeText":{"simpleText":"1 year ago"},"lengthText":{"accessibility":{"accessibilityData":{"label":"5 minutes"}},"simpleText":"5:00"},"viewCountText":{"simpleText":"6,061,513 views"},"navigationEndpoint":{"clickTrackingParams":"CEEQ3DAYEyITCJjSyKL2pJQDFTV4KgkdCwE0mjIGc2VhcmNoUgR0ZXJhmgEDEPQkygEETB_1Yw==","commandMetadata":{"webCommandMetadata":{"url":"/watch?v=OVVZ6lyHV-Y&list=RDOVVZ6lyHV-Y&start_radio=1&pp=ygUEdGVyYaAHAdIHCQkDCwGHKiGM7w%3D%3D","webPageType":"WEB_PAGE_TYPE_WATCH","rootVe":3832}},"watchEndpoint":{"videoId":"OVVZ6lyHV-Y","playlistId":"RDOVVZ6lyHV-Y","params":"OAHAAQGqAwR0ZXJhugMLCLKuzODRmYqC3gG6AwsItty9h-vswc7QAboDCwiqsd6T-JzL6swBugMKCMKt85S8g_6xCboDCgjsw5WDsoTC1ni6AwsIpo6l3ICq7J2tAboDCgisyby669XPrgW6AwsI04jH6-Ku8fiLAboDCgiYx7mt
1778079488.795 10430   567   710 I OkHttp  : 4pa5nzO6AwoIq9-j6IWn3esqugMLCLr4ud7urvbS3AG6AwsI86mv3aG8lcH7AboDCwjC65Kmqdjg8cQBugMKCPC9vZypnOOoILoDCwjipKjt6rm80JUBugMKCI_wzey9tKD8cLoDCwiQ1rHMscr_15kBugMKCIrK-671s77uQfIDBQ1fAR0_uAUB","playerParams":"ygUEdGVyYaAHAdIHCQkDCwGHKiGM7w%3D%3D","loggingContext":{"vssLoggingContext":{"serializedContextData":"Gg1SRE9WVlo2bHlIVi1Z"}},"watchEndpointSupportedOnesieConfig":{"html5PlaybackOnesieConfig":{"commonConfig":{"url":"https://rr2---sn-h4upouxgoxu-gq2e.googlevideo.com/initplayback?source=youtube&oeis=1&c=WEB&oad=3200&ovd=3200&oaad=11000&oavd=11000&ocs=700&oewis=1&oputc=1&ofpcc=1&msp=1&odepv=1&oreouc=1&id=395559ea5c8757e6&ip=103.220.88.42&initcwndbps=947500&mt=1778078969&oweuc="}}}}},"ownerText":{"runs":[{"text":"Vibe Bird","navigationEndpoint":{"clickTrackingParams":"CEEQ3DAYEyITCJjSyKL2pJQDFTV4KgkdCwE0msoBBEwf9WM=","commandMetadata":{"webCommandMetadata":{"url":"/@VibeBird.","webPageType":"WEB_PAGE_TYPE_CHANNEL","rootVe":3611,"apiUrl":"/youtubei/v1/browse"}},"browseEndpoint":{"browseId":"UCo3V2SuKx_qA8iC2oK9iHCg","canonicalBaseUrl":"/@VibeBird."}}}]},"shortBylineText":{"runs":[{"text":"Vibe Bird","navigationEndpoint":{"clickTrackingParams":"CEEQ3DAYEyITCJjSyKL2pJQDFTV4KgkdCwE0msoBBEwf9WM=","commandMetadata":{"webCommandMetadata":{"url":"/@VibeBird.","webPageType":"WEB_PAGE_TYPE_CHANNEL","rootVe":3611,"apiUrl":"/youtubei/v1/browse"}},"browseEndpoint":{"browseId":"UCo3V2SuKx_qA8iC2oK9iHCg","canonicalBaseUrl":"/@VibeBird."}}}]},"trackingParams":"CEEQ3DAYEyITCJjSyKL2pJQDFTV4KgkdCwE0mkDmr53kpb3Wqjk=","showActionMenu":false,"shortViewCountText":{"accessibility":{"accessibilityData":{"label":"6 million views"}},"simpleText":"6m views"},"menu":{"menuRenderer":{"items":[{"menuServiceItemRenderer":{"text":{"runs":[{"text":"Add to queue"}]},"icon":{"iconType":"ADD_TO_QUEUE_TAIL"},"serviceEndpoint":{"clickTrackingParams":"CEUQ_pgEGA0iEwiY0sii9qSUAxU1eCoJHQsBNJrKAQRMH_Vj","commandMetadata":{"webCommandMetadata":{"sendPost":true}},"signalServiceEndpoint":{"signal":"CLIENT_SIGNAL","actions":[{"clickTrackingParams":"CEUQ_pgEGA0iEwiY0sii9qSUAxU1eCoJHQsBNJrKAQRMH_Vj","addToPlaylistCommand":{"openMiniplayer":true,"videoId":"OVVZ6lyHV-Y","listType":"PLAYLIST_EDIT_LIST_TYPE_QUEUE","onCreateListCommand":{"clickTrackingParams":"CEUQ_pgEGA0iEwiY0sii9qSUAxU1eCoJHQsBNJrKAQRMH_Vj","commandMetadata":{"webCommandMetadata":{"sendPost":true,"apiUrl":"/youtubei/v1/playlist/create"}},"createPlaylistServiceEndpoint":{"videoIds":["OVVZ6lyHV-Y"],"params":"CAQ%3D"}},"videoIds":["OVVZ6lyHV-Y"],"videoCommand":{"clickTrackingParams":"CEUQ_pgEGA0iEwiY0sii9qSUAxU1eCoJHQsBNJrKAQRMH_Vj","commandMetadata":{"webCommandMetadata":{"url":"/watch?v=OVVZ6lyHV-Y","webPageType":"WEB_PAGE_TYPE_WATCH","rootVe":3832}},"watchEndpoint":{"videoId":"OVVZ6lyHV-Y","watchEndpointSupportedOnesieConfig":{"html5PlaybackOnesieConfig":{"commonConfig":{"url":"https://rr2---sn-h4upouxgoxu-gq2e.googlevideo.com/initplayback?source=youtube&oeis=1&c=WEB&oad=3200&ovd=3200&oaad=11000&oavd=11000&ocs=700&oewis=1&oputc=1&ofpcc=1&msp=1&odepv=1&oreouc=1&id=395559ea5c8757e6&ip=103.220.88.42&initcwndbps=947500&mt=1778078969&oweuc="}}}}}}}]}},"trackingParams":"CEUQ_pgEGA0iEwiY0sii9qSUAxU1eCoJHQsBNJo="}},{"menuServiceItemRenderer":{"text":{"runs":[{"text":"Share"}]},"icon":{"iconType":"SHARE"},"serviceEndpoint":{"clickTrackingParams":"CEEQ3DAYEyITCJjSyKL2pJQDFTV4KgkdCwE0msoBBEwf9WM=","commandMetadata":{"webCommandMetadata":{"sendPost":true,"apiUrl":"/youtubei/v1/share/get_share_panel"}},"shareEntityServiceEndpoint":{"serializedShareEntity":"CgtPVlZaNmx5SFYtWQ%3D%3D","commands":[{"clickTrackingParams":"CEEQ3DAYEyITCJjSyKL2pJQDFTV4KgkdCwE0msoBBEwf9WM=","openPopupAction":{"popup":{"unifiedSharePanelRenderer":{"trackingParams":"CEQQjmIiEwiY0sii9qSUAxU1eCoJHQsBNJo=","showLoadingSpinner":true}},"popupType":"DIALOG","beReused":true}}]}},"trackingParams":"CEEQ3DAYEyITCJjSyKL2pJQDFTV4KgkdCwE0mg==","hasSeparator":true}}],"trackingParams":"CEEQ3DAYEyITCJjSyKL2pJQDFTV4KgkdCwE0mg==","accessibility":{"accessibilityData":{"label":"Action menu"}}}},"channel
1778079488.795 10430   567   710 I OkHttp  : ThumbnailSupportedRenderers":{"channelThumbnailWithLinkRenderer":{"thumbnail":{"thumbnails":[{"url":"https://yt3.ggpht.com/EbkuEtZoccAsbsWzWvmJPV7NrurD-gdPKXC7xuU7eEyocsxyvQ71v01nCQAl_NX5NrRkx1xJObI=s68-c-k-c0x00ffffff-no-rj","width":68,"height":68}]},"navigationEndpoint":{"clickTrackingParams":"CEEQ3DAYEyITCJjSyKL2pJQDFTV4KgkdCwE0msoBBEwf9WM=","commandMetadata":{"webCommandMetadata":{"url":"/@VibeBird.","webPageType":"WEB_PAGE_TYPE_CHANNEL","rootVe":3611,"apiUrl":"/youtubei/v1/browse"}},"browseEndpoint":{"browseId":"UCo3V2SuKx_qA8iC2oK9iHCg","canonicalBaseUrl":"/@VibeBird."}},"accessibility":{"accessibilityData":{"label":"Go to channel Vibe Bird"}}}},"thumbnailOverlays":[{"thumbnailOverlayTimeStatusRenderer":{"text":{"accessibility":{"accessibilityData":{"label":"5 minutes"}},"simpleText":"5:00"},"style":"DEFAULT","icon":{"iconType":"MUSIC"}}},{"thumbnailOverlayToggleButtonRenderer":{"isToggled":false,"untoggledIcon":{"iconType":"WATCH_LATER"},"toggledIcon":{"iconType":"CHECK"},"untoggledTooltip":"Watch Later","toggledTooltip":"Added","untoggledServiceEndpoint":{"clickTrackingParams":"CEMQ-ecDGAEiEwiY0sii9qSUAxU1eCoJHQsBNJrKAQRMH_Vj","commandMetadata":{"webCommandMetadata":{"sendPost":true,"apiUrl":"/youtubei/v1/browse/edit_playlist"}},"playlistEditEndpoint":{"playlistId":"WL","actions":[{"addedVideoId":"OVVZ6lyHV-Y","action":"ACTION_ADD_VIDEO"}]}},"toggledServiceEndpoint":{"clickTrackingParams":"CEMQ-ecDGAEiEwiY0sii9qSUAxU1eCoJHQsBNJrKAQRMH_Vj","commandMetadata":{"webCommandMetadata":{"sendPost":true,"apiUrl":"/youtubei/v1/browse/edit_playlist"}},"playlistEditEndpoint":{"playlistId":"WL","actions":[{"action":"ACTION_REMOVE_VIDEO_BY_VIDEO_ID","removedVideoId":"OVVZ6lyHV-Y"}]}},"untoggledAccessibility":{"accessibilityData":{"label":"Watch Later"}},"toggledAccessibility":{"accessibilityData":{"label":"Added"}},"trackingParams":"CEMQ-ecDGAEiEwiY0sii9qSUAxU1eCoJHQsBNJo="}},{"thumbnailOverlayToggleButtonRenderer":{"untoggledIcon":{"iconType":"ADD_TO_QUEUE_TAIL"},"toggledIcon":{"iconType":"PLAYLIST_ADD_CHECK"},"untoggledTooltip":"Add to queue","toggledTooltip":"Added","untoggledServiceEndpoint":{"clickTrackingParams":"CEIQx-wEGAIiEwiY0sii9qSUAxU1eCoJHQsBNJrKAQRMH_Vj","commandMetadata":{"webCommandMetadata":{"sendPost":true}},"signalServiceEndpoint":{"signal":"CLIENT_SIGNAL","actions":[{"clickTrackingParams":"CEIQx-wEGAIiEwiY0sii9qSUAxU1eCoJHQsBNJrKAQRMH_Vj","addToPlaylistCommand":{"openMiniplayer":true,"videoId":"OVVZ6lyHV-Y","listType":"PLAYLIST_EDIT_LIST_TYPE_QUEUE","onCreateListCommand":{"clickTrackingParams":"CEIQx-wEGAIiEwiY0sii9qSUAxU1eCoJHQsBNJrKAQRMH_Vj","commandMetadata":{"webCommandMetadata":{"sendPost":true,"apiUrl":"/youtubei/v1/playlist/create"}},"createPlaylistServiceEndpoint":{"videoIds":["OVVZ6lyHV-Y"],"params":"CAQ%3D"}},"videoIds":["OVVZ6lyHV-Y"]}}]}},"untoggledAccessibility":{"accessibilityData":{"label":"Add to queue"}},"toggledAccessibility":{"accessibilityData":{"label":"Added"}},"trackingParams":"CEIQx-wEGAIiEwiY0sii9qSUAxU1eCoJHQsBNJo="}},{"thumbnailOverlayNowPlayingRenderer":{"text":{"runs":[{"text":"Now playing"}]}}},{"thumbnailOverlayLoadingPreviewRenderer":{"text":{"runs":[{"text":"Keep hovering to play"}]}}}],"detailedMetadataSnippets":[{"snippetText":{"runs":[{"text":"Tera","bold":true},{"text":" Hone Laga Hoon Lyrics - Ajab Prem Ki Gazab Kahaani | Pritam, Atif Aslam, Alisha Chinai Spotify Playlist: ..."}]},"snippetHoverText":{"runs":[{"text":"From the video description"}]},"maxOneLine":false}],"inlinePlaybackEndpoint":{"clickTrackingParams":"CEEQ3DAYEyITCJjSyKL2pJQDFTV4KgkdCwE0mjIGc2VhcmNoUgR0ZXJhmgEDEPQkygEETB_1Yw==","commandMetadata":{"webCommandMetadata":{"url":"/watch?v=OVVZ6lyHV-Y&pp=YAHIAQGiBhUBhL130_5tifmNgO9Z3s5mB76fLRo%3D","webPageType":"WEB_PAGE_TYPE_WATCH","rootVe":3832}},"watchEndpoint":{"videoId":"OVVZ6lyHV-Y","params":"qgMEdGVyYboDCwiyrszg0ZmKgt4BugMLCLbcvYfr7MHO0AG6AwsIqrHek_icy-rMAboDCgjCrfOUvIP-sQm6AwoI7MOVg7KEwtZ4ugMLCKaOpdyAquydrQG6AwoIrMm8uuvVz64FugMLCNOIx-virvH4iwG6AwoImMe5reKWuZ8zugMKCKvfo-iFp93rKroDCwi6-Ln
1778079488.795 10430   567   710 I OkHttp  : e7q720twBugMLCPOpr92hvJXB-wG6AwsIwuuSpqnY4PHEAboDCgjwvb2cqZzjqCC6AwsI4qSo7eq5vNCVAboDCgiP8M3svbSg_HC6AwsIkNaxzLHK_9eZAboDCgiKyvuu9bO-7kHyAwUNXwEdPw%3D%3D","playerParams":"YAHIAQGiBhUBhL130_5tifmNgO9Z3s5mB76fLRo%3D","playerExtraUrlParams":[{"key":"inline","value":"1"}],"watchEndpointSupportedOnesieConfig":{"html5PlaybackOnesieConfig":{"commonConfig":{"url":"https://rr2---sn-h4upouxgoxu-gq2e.googlevideo.com/initplayback?source=youtube&oeis=1&c=WEB&oad=3200&ovd=3200&oaad=11000&oavd=11000&ocs=700&oewis=1&oputc=1&ofpcc=1&msp=1&odepv=1&oreouc=1&id=395559ea5c8757e6&ip=103.220.88.42&initcwndbps=947500&mt=1778078969&oweuc="}}}}},"searchVideoResultEntityKey":"EgtPVlZaNmx5SFYtWSDnAigB","avatar":{"decoratedAvatarViewModel":{"avatar":{"avatarViewModel":{"image":{"sources":[{"url":"https://yt3.ggpht.com/EbkuEtZoccAsbsWzWvmJPV7NrurD-gdPKXC7xuU7eEyocsxyvQ71v01nCQAl_NX5NrRkx1xJObI=s68-c-k-c0x00ffffff-no-rj","width":68,"height":68}]},"avatarImageSize":"AVATAR_SIZE_M"}},"a11yLabel":"Go to channel Vibe Bird","rendererContext":{"commandContext":{"onTap":{"innertubeCommand":{"clickTrackingParams":"CEEQ3DAYEyITCJjSyKL2pJQDFTV4KgkdCwE0msoBBEwf9WM=","commandMetadata":{"webCommandMetadata":{"url":"/@VibeBird.","webPageType":"WEB_PAGE_TYPE_CHANNEL","rootVe":3611,"apiUrl":"/youtubei/v1/browse"}},"browseEndpoint":{"browseId":"UCo3V2SuKx_qA8iC2oK9iHCg","canonicalBaseUrl":"/@VibeBird."}}}}}}}}},{"videoRenderer":{"videoId":"cPiBo92TeA8","thumbnail":{"thumbnails":[{"url":"https://i.ytimg.com/vi/cPiBo92TeA8/hq720.jpg?sqp=-oaymwEjCOgCEMoBSFryq4qpAxUIARUAAAAAGAElAADIQj0AgKJDeAE=&rs=AOn4CLAd_aG9Ig9Yt1ARztHDZgQ2oTLLcw","width":360,"height":202},{"url":"https://i.ytimg.com/vi/cPiBo92TeA8/hq720.jpg?sqp=-oaymwEXCNAFEJQDSFryq4qpAwkIARUAAIhCGAE=&rs=AOn4CLDgj1KwAnqxeoLXAjCm2Mv-XkVwWQ","width":720,"height":404}]},"title":{"runs":[{"text":"Lyrical: Ishq Tera | Guru Randhawa | Nushrat Bharucha | Bhushan Kumar | T-Series"}],"accessibility":{"accessibilityData":{"label":"Lyrical: Ishq Tera | Guru Randhawa | Nushrat Bharucha | Bhushan Kumar | T-Series 3 minutes, 48 seconds"}}},"longBylineText":{"runs":[{"text":"T-Series","navigationEndpoint":{"clickTrackingParams":"CDwQ3DAYFCITCJjSyKL2pJQDFTV4KgkdCwE0msoBBEwf9WM=","commandMetadata":{"webCommandMetadata":{"url":"/@tseries","webPageType":"WEB_PAGE_TYPE_CHANNEL","rootVe":3611,"apiUrl":"/youtubei/v1/browse"}},"browseEndpoint":{"browseId":"UCq-Fj5jknLsUf-MWSy4_brA","canonicalBaseUrl":"/@tseries"}}}]},"publishedTimeText":{"simpleText":"6 years ago"},"lengthText":{"accessibility":{"accessibilityData":{"label":"3 minutes, 48 seconds"}},"simpleText":"3:48"},"viewCountText":{"simpleText":"98,046,867 views"},"navigationEndpoint":{"clickTrackingParams":"CDwQ3DAYFCITCJjSyKL2pJQDFTV4KgkdCwE0mjIGc2VhcmNoUgR0ZXJhmgEDEPQkygEETB_1Yw==","commandMetadata":{"webCommandMetadata":{"url":"/watch?v=cPiBo92TeA8&list=RDcPiBo92TeA8&start_radio=1&pp=ygUEdGVyYaAHAQ%3D%3D","webPageType":"WEB_PAGE_TYPE_WATCH","rootVe":3832}},"watchEndpoint":{"videoId":"cPiBo92TeA8","playlistId":"RDcPiBo92TeA8","params":"OAHAAQGqAwR0ZXJhugMLCLKuzODRmYqC3gG6AwsItty9h-vswc7QAboDCwiqsd6T-JzL6swBugMKCMKt85S8g_6xCboDCgjsw5WDsoTC1ni6AwsIpo6l3ICq7J2tAboDCgisyby669XPrgW6AwsI04jH6-Ku8fiLAboDCgiYx7mt4pa5nzO6AwoIq9-j6IWn3esqugMLCLr4ud7urvbS3AG6AwsI86mv3aG8lcH7AboDCwjC65Kmqdjg8cQBugMKCPC9vZypnOOoILoDCwjipKjt6rm80JUBugMKCOavneSlvdaqOboDCwiQ1rHMscr_15kBugMKCIrK-671s77uQfIDBQ1fAR0_uAUB","playerParams":"ygUEdGVyYaAHAQ%3D%3D","loggingContext":{"vssLoggingContext":{"serializedContextData":"Gg1SRGNQaUJvOTJUZUE4"}},"watchEndpointSupportedOnesieConfig":{"html5PlaybackOnesieConfig":{"commonConfig":{"url":"https://rr1---sn-h4upouxgoxu-gq2e.googlevideo.com/initplayback?source=youtube&oeis=1&c=WEB&oad=3200&ovd=3200&oaad=11000&oavd=11000&ocs=700&oewis=1&oputc=1&ofpcc=1&msp=1&odepv=1&oreouc=1&id=70f881a3dd93780f&ip=103.220.88.42&initcwndbps=947500&mt=1778078969&oweuc="}}}}},"ownerBadges":[{"metadataBadgeRenderer":{"icon":{"iconType":"CHECK_CIRCLE_THICK"},"style":"BADGE_STYLE_TYPE_VERIFIED","tooltip":"Verified","trackingParams":"
1778079488.795 10430   567   710 I OkHttp  : CDwQ3DAYFCITCJjSyKL2pJQDFTV4KgkdCwE0mg==","accessibilityData":{"label":"Verified"}}}],"ownerText":{"runs":[{"text":"T-Series","navigationEndpoint":{"clickTrackingParams":"CDwQ3DAYFCITCJjSyKL2pJQDFTV4KgkdCwE0msoBBEwf9WM=","commandMetadata":{"webCommandMetadata":{"url":"/@tseries","webPageType":"WEB_PAGE_TYPE_CHANNEL","rootVe":3611,"apiUrl":"/youtubei/v1/browse"}},"browseEndpoint":{"browseId":"UCq-Fj5jknLsUf-MWSy4_brA","canonicalBaseUrl":"/@tseries"}}}]},"shortBylineText":{"runs":[{"text":"T-Series","navigationEndpoint":{"clickTrackingParams":"CDwQ3DAYFCITCJjSyKL2pJQDFTV4KgkdCwE0msoBBEwf9WM=","commandMetadata":{"webCommandMetadata":{"url":"/@tseries","webPageType":"WEB_PAGE_TYPE_CHANNEL","rootVe":3611,"apiUrl":"/youtubei/v1/browse"}},"browseEndpoint":{"browseId":"UCq-Fj5jknLsUf-MWSy4_brA","canonicalBaseUrl":"/@tseries"}}}]},"trackingParams":"CDwQ3DAYFCITCJjSyKL2pJQDFTV4KgkdCwE0mkCP8M3svbSg_HA=","showActionMenu":false,"shortViewCountText":{"accessibility":{"accessibilityData":{"label":"98 million views"}},"simpleText":"98m views"},"menu":{"menuRenderer":{"items":[{"menuServiceItemRenderer":{"text":{"runs":[{"text":"Add to queue"}]},"icon":{"iconType":"ADD_TO_QUEUE_TAIL"},"serviceEndpoint":{"clickTrackingParams":"CEAQ_pgEGA8iEwiY0sii9qSUAxU1eCoJHQsBNJrKAQRMH_Vj","commandMetadata":{"webCommandMetadata":{"sendPost":true}},"signalServiceEndpoint":{"signal":"CLIENT_SIGNAL","actions":[{"clickTrackingParams":"CEAQ_pgEGA8iEwiY0sii9qSUAxU1eCoJHQsBNJrKAQRMH_Vj","addToPlaylistCommand":{"openMiniplayer":true,"videoId":"cPiBo92TeA8","listType":"PLAYLIST_EDIT_LIST_TYPE_QUEUE","onCreateListCommand":{"clickTrackingParams":"CEAQ_pgEGA8iEwiY0sii9qSUAxU1eCoJHQsBNJrKAQRMH_Vj","commandMetadata":{"webCommandMetadata":{"sendPost":true,"apiUrl":"/youtubei/v1/playlist/create"}},"createPlaylistServiceEndpoint":{"videoIds":["cPiBo92TeA8"],"params":"CAQ%3D"}},"videoIds":["cPiBo92TeA8"],"videoCommand":{"clickTrackingParams":"CEAQ_pgEGA8iEwiY0sii9qSUAxU1eCoJHQsBNJrKAQRMH_Vj","commandMetadata":{"webCommandMetadata":{"url":"/watch?v=cPiBo92TeA8","webPageType":"WEB_PAGE_TYPE_WATCH","rootVe":3832}},"watchEndpoint":{"videoId":"cPiBo92TeA8","watchEndpointSupportedOnesieConfig":{"html5PlaybackOnesieConfig":{"commonConfig":{"url":"https://rr1---sn-h4upouxgoxu-gq2e.googlevideo.com/initplayback?source=youtube&oeis=1&c=WEB&oad=3200&ovd=3200&oaad=11000&oavd=11000&ocs=700&oewis=1&oputc=1&ofpcc=1&msp=1&odepv=1&oreouc=1&id=70f881a3dd93780f&ip=103.220.88.42&initcwndbps=947500&mt=1778078969&oweuc="}}}}}}}]}},"trackingParams":"CEAQ_pgEGA8iEwiY0sii9qSUAxU1eCoJHQsBNJo="}},{"menuServiceItemRenderer":{"text":{"runs":[{"text":"Share"}]},"icon":{"iconType":"SHARE"},"serviceEndpoint":{"clickTrackingParams":"CDwQ3DAYFCITCJjSyKL2pJQDFTV4KgkdCwE0msoBBEwf9WM=","commandMetadata":{"webCommandMetadata":{"sendPost":true,"apiUrl":"/youtubei/v1/share/get_share_panel"}},"shareEntityServiceEndpoint":{"serializedShareEntity":"CgtjUGlCbzkyVGVBOA%3D%3D","commands":[{"clickTrackingParams":"CDwQ3DAYFCITCJjSyKL2pJQDFTV4KgkdCwE0msoBBEwf9WM=","openPopupAction":{"popup":{"unifiedSharePanelRenderer":{"trackingParams":"CD8QjmIiEwiY0sii9qSUAxU1eCoJHQsBNJo=","showLoadingSpinner":true}},"popupType":"DIALOG","beReused":true}}]}},"trackingParams":"CDwQ3DAYFCITCJjSyKL2pJQDFTV4KgkdCwE0mg==","hasSeparator":true}}],"trackingParams":"CDwQ3DAYFCITCJjSyKL2pJQDFTV4KgkdCwE0mg==","accessibility":{"accessibilityData":{"label":"Action menu"}}}},"channelThumbnailSupportedRenderers":{"channelThumbnailWithLinkRenderer":{"thumbnail":{"thumbnails":[{"url":"https://yt3.ggpht.com/VunTf0NzCeboiPjbesBdnQuxaF3Lja7UGRbBGQAWRJgMSTj9TTLO3pS1X9qPOJGCNnmPrXeY=s68-c-k-c0x00ffffff-no-rj","width":68,"height":68}]},"navigationEndpoint":{"clickTrackingParams":"CDwQ3DAYFCITCJjSyKL2pJQDFTV4KgkdCwE0msoBBEwf9WM=","commandMetadata":{"webCommandMetadata":{"url":"/@tseries","webPageType":"WEB_PAGE_TYPE_CHANNEL","rootVe":3611,"apiUrl":"/youtubei/v1/browse"}},"browseEndpoint":{"browseId":"UCq-Fj5jknLsUf-MWSy4_brA","canonicalBaseUrl":"/@tseries"}},"accessibility":{"accessibilityD
1778079488.795 10430   567   710 I OkHttp  : ata":{"label":"Go to channel T-Series"}}}},"thumbnailOverlays":[{"thumbnailOverlayTimeStatusRenderer":{"text":{"accessibility":{"accessibilityData":{"label":"3 minutes, 48 seconds"}},"simpleText":"3:48"},"style":"DEFAULT","icon":{"iconType":"MUSIC"}}},{"thumbnailOverlayToggleButtonRenderer":{"isToggled":false,"untoggledIcon":{"iconType":"WATCH_LATER"},"toggledIcon":{"iconType":"CHECK"},"untoggledTooltip":"Watch Later","toggledTooltip":"Added","untoggledServiceEndpoint":{"clickTrackingParams":"CD4Q-ecDGAIiEwiY0sii9qSUAxU1eCoJHQsBNJrKAQRMH_Vj","commandMetadata":{"webCommandMetadata":{"sendPost":true,"apiUrl":"/youtubei/v1/browse/edit_playlist"}},"playlistEditEndpoint":{"playlistId":"WL","actions":[{"addedVideoId":"cPiBo92TeA8","action":"ACTION_ADD_VIDEO"}]}},"toggledServiceEndpoint":{"clickTrackingParams":"CD4Q-ecDGAIiEwiY0sii9qSUAxU1eCoJHQsBNJrKAQRMH_Vj","commandMetadata":{"webCommandMetadata":{"sendPost":true,"apiUrl":"/youtubei/v1/browse/edit_playlist"}},"playlistEditEndpoint":{"playlistId":"WL","actions":[{"action":"ACTION_REMOVE_VIDEO_BY_VIDEO_ID","removedVideoId":"cPiBo92TeA8"}]}},"untoggledAccessibility":{"accessibilityData":{"label":"Watch Later"}},"toggledAccessibility":{"accessibilityData":{"label":"Added"}},"trackingParams":"CD4Q-ecDGAIiEwiY0sii9qSUAxU1eCoJHQsBNJo="}},{"thumbnailOverlayToggleButtonRenderer":{"untoggledIcon":{"iconType":"ADD_TO_QUEUE_TAIL"},"toggledIcon":{"iconType":"PLAYLIST_ADD_CHECK"},"untoggledTooltip":"Add to queue","toggledTooltip":"Added","untoggledServiceEndpoint":{"clickTrackingParams":"CD0Qx-wEGAMiEwiY0sii9qSUAxU1eCoJHQsBNJrKAQRMH_Vj","commandMetadata":{"webCommandMetadata":{"sendPost":true}},"signalServiceEndpoint":{"signal":"CLIENT_SIGNAL","actions":[{"clickTrackingParams":"CD0Qx-wEGAMiEwiY0sii9qSUAxU1eCoJHQsBNJrKAQRMH_Vj","addToPlaylistCommand":{"openMiniplayer":true,"videoId":"cPiBo92TeA8","listType":"PLAYLIST_EDIT_LIST_TYPE_QUEUE","onCreateListCommand":{"clickTrackingParams":"CD0Qx-wEGAMiEwiY0sii9qSUAxU1eCoJHQsBNJrKAQRMH_Vj","commandMetadata":{"webCommandMetadata":{"sendPost":true,"apiUrl":"/youtubei/v1/playlist/create"}},"createPlaylistServiceEndpoint":{"videoIds":["cPiBo92TeA8"],"params":"CAQ%3D"}},"videoIds":["cPiBo92TeA8"]}}]}},"untoggledAccessibility":{"accessibilityData":{"label":"Add to queue"}},"toggledAccessibility":{"accessibilityData":{"label":"Added"}},"trackingParams":"CD0Qx-wEGAMiEwiY0sii9qSUAxU1eCoJHQsBNJo="}},{"thumbnailOverlayNowPlayingRenderer":{"text":{"runs":[{"text":"Now playing"}]}}},{"thumbnailOverlayLoadingPreviewRenderer":{"text":{"runs":[{"text":"Keep hovering to play"}]}}}],"detailedMetadataSnippets":[{"snippetText":{"runs":[{"text":"Presenting the lyrical video of the song \"ISHQ "},{"text":"TERA","bold":true},{"text":"\" featuring Guru Randhawa & Nushrat Bharucha, The song is composed and ..."}]},"snippetHoverText":{"runs":[{"text":"From the video description"}]},"maxOneLine":false}],"inlinePlaybackEndpoint":{"clickTrackingParams":"CDwQ3DAYFCITCJjSyKL2pJQDFTV4KgkdCwE0mjIGc2VhcmNoUgR0ZXJhmgEDEPQkygEETB_1Yw==","commandMetadata":{"webCommandMetadata":{"url":"/watch?v=cPiBo92TeA8&pp=YAHIAQGiBhUBhL130_TDvXY4nolj9lUdjDu4Om0%3D","webPageType":"WEB_PAGE_TYPE_WATCH","rootVe":3832}},"watchEndpoint":{"videoId":"cPiBo92TeA8","params":"qgMEdGVyYboDCwiyrszg0ZmKgt4BugMLCLbcvYfr7MHO0AG6AwsIqrHek_icy-rMAboDCgjCrfOUvIP-sQm6AwoI7MOVg7KEwtZ4ugMLCKaOpdyAquydrQG6AwoIrMm8uuvVz64FugMLCNOIx-virvH4iwG6AwoImMe5reKWuZ8zugMKCKvfo-iFp93rKroDCwi6-Lne7q720twBugMLCPOpr92hvJXB-wG6AwsIwuuSpqnY4PHEAboDCgjwvb2cqZzjqCC6AwsI4qSo7eq5vNCVAboDCgjmr53kpb3Wqjm6AwsIkNaxzLHK_9eZAboDCgiKyvuu9bO-7kHyAwUNXwEdPw%3D%3D","playerParams":"YAHIAQGiBhUBhL130_TDvXY4nolj9lUdjDu4Om0%3D","playerExtraUrlParams":[{"key":"inline","value":"1"}],"watchEndpointSupportedOnesieConfig":{"html5PlaybackOnesieConfig":{"commonConfig":{"url":"https://rr1---sn-h4upouxgoxu-gq2e.googlevideo.com/initplayback?source=youtube&oeis=1&c=WEB&oad=3200&ovd=3200&oaad=11000&oavd=11000&ocs=700&oewis=1&oputc=1&ofpcc=1&msp=1&odepv=1&oreouc=1&id=70f881a3dd93780f&ip=103.220.88.
1778079488.795 10430   567   710 I OkHttp  : 42&initcwndbps=947500&mt=1778078969&oweuc="}}}}},"searchVideoResultEntityKey":"EgtjUGlCbzkyVGVBOCDnAigB","avatar":{"decoratedAvatarViewModel":{"avatar":{"avatarViewModel":{"image":{"sources":[{"url":"https://yt3.ggpht.com/VunTf0NzCeboiPjbesBdnQuxaF3Lja7UGRbBGQAWRJgMSTj9TTLO3pS1X9qPOJGCNnmPrXeY=s68-c-k-c0x00ffffff-no-rj","width":68,"height":68}]},"avatarImageSize":"AVATAR_SIZE_M"}},"a11yLabel":"Go to channel T-Series","rendererContext":{"commandContext":{"onTap":{"innertubeCommand":{"clickTrackingParams":"CDwQ3DAYFCITCJjSyKL2pJQDFTV4KgkdCwE0msoBBEwf9WM=","commandMetadata":{"webCommandMetadata":{"url":"/@tseries","webPageType":"WEB_PAGE_TYPE_CHANNEL","rootVe":3611,"apiUrl":"/youtubei/v1/browse"}},"browseEndpoint":{"browseId":"UCq-Fj5jknLsUf-MWSy4_brA","canonicalBaseUrl":"/@tseries"}}}}}}}}},{"videoRenderer":{"videoId":"ma_-UxmMaxA","thumbnail":{"thumbnails":[{"url":"https://i.ytimg.com/vi/ma_-UxmMaxA/hq720.jpg?sqp=-oaymwEjCOgCEMoBSFryq4qpAxUIARUAAAAAGAElAADIQj0AgKJDeAE=&rs=AOn4CLBsBzrNEf67HHKTRJHDX71zg5NN8A","width":360,"height":202},{"url":"https://i.ytimg.com/vi/ma_-UxmMaxA/hq720.jpg?sqp=-oaymwEXCNAFEJQDSFryq4qpAwkIARUAAIhCGAE=&rs=AOn4CLAro2mvCp8OvFwn9tfX-d5VKUF5YA","width":720,"height":404}]},"title":{"runs":[{"text":"Aashiq Tera - Lyrical Video | Abhay Deol, Diana Penty, Ali Fazal | Sohail Sen | Happy Bhag Jayegi"}],"accessibility":{"accessibilityData":{"label":"Aashiq Tera - Lyrical Video | Abhay Deol, Diana Penty, Ali Fazal | Sohail Sen | Happy Bhag Jayegi 4 minutes, 56 seconds"}}},"longBylineText":{"runs":[{"text":"SonyMusicIndiaVEVO","navigationEndpoint":{"clickTrackingParams":"CDcQ3DAYFSITCJjSyKL2pJQDFTV4KgkdCwE0msoBBEwf9WM=","commandMetadata":{"webCommandMetadata":{"url":"/@sonymusicindiaVEVO","webPageType":"WEB_PAGE_TYPE_CHANNEL","rootVe":3611,"apiUrl":"/youtubei/v1/browse"}},"browseEndpoint":{"browseId":"UC3MLnJtqc_phABBriLRhtgQ","canonicalBaseUrl":"/@sonymusicindiaVEVO"}}}]},"publishedTimeText":{"simpleText":"4 months ago"},"lengthText":{"accessibility":{"accessibilityData":{"label":"4 minutes, 56 seconds"}},"simpleText":"4:56"},"viewCountText":{"simpleText":"3,909,285 views"},"navigationEndpoint":{"clickTrackingParams":"CDcQ3DAYFSITCJjSyKL2pJQDFTV4KgkdCwE0mjIGc2VhcmNoUgR0ZXJhmgEDEPQkygEETB_1Yw==","commandMetadata":{"webCommandMetadata":{"url":"/watch?v=ma_-UxmMaxA&list=RDma_-UxmMaxA&start_radio=1&pp=ygUEdGVyYaAHAQ%3D%3D","webPageType":"WEB_PAGE_TYPE_WATCH","rootVe":3832}},"watchEndpoint":{"videoId":"ma_-UxmMaxA","playlistId":"RDma_-UxmMaxA","params":"OAHAAQGqAwR0ZXJhugMLCLKuzODRmYqC3gG6AwsItty9h-vswc7QAboDCwiqsd6T-JzL6swBugMKCMKt85S8g_6xCboDCgjsw5WDsoTC1ni6AwsIpo6l3ICq7J2tAboDCgisyby669XPrgW6AwsI04jH6-Ku8fiLAboDCgiYx7mt4pa5nzO6AwoIq9-j6IWn3esqugMLCLr4ud7urvbS3AG6AwsI86mv3aG8lcH7AboDCwjC65Kmqdjg8cQBugMKCPC9vZypnOOoILoDCwjipKjt6rm80JUBugMKCOavneSlvdaqOboDCgiP8M3svbSg_HC6AwoIisr7rvWzvu5B8gMFDV8BHT-4BQE%3D","playerParams":"ygUEdGVyYaAHAQ%3D%3D","loggingContext":{"vssLoggingContext":{"serializedContextData":"Gg1SRG1hXy1VeG1NYXhB"}},"watchEndpointSupportedOnesieConfig":{"html5PlaybackOnesieConfig":{"commonConfig":{"url":"https://rr1---sn-h4upouxgoxu-gq2e.googlevideo.com/initplayback?source=youtube&oeis=1&c=WEB&oad=3200&ovd=3200&oaad=11000&oavd=11000&ocs=700&oewis=1&oputc=1&ofpcc=1&msp=1&odepv=1&oreouc=1&id=99affe53198c6b10&ip=103.220.88.42&initcwndbps=947500&mt=1778078969&oweuc="}}}}},"ownerBadges":[{"metadataBadgeRenderer":{"icon":{"iconType":"CHECK_CIRCLE_THICK"},"style":"BADGE_STYLE_TYPE_VERIFIED","tooltip":"Verified","trackingParams":"CDcQ3DAYFSITCJjSyKL2pJQDFTV4KgkdCwE0mg==","accessibilityData":{"label":"Verified"}}}],"ownerText":{"runs":[{"text":"SonyMusicIndiaVEVO","navigationEndpoint":{"clickTrackingParams":"CDcQ3DAYFSITCJjSyKL2pJQDFTV4KgkdCwE0msoBBEwf9WM=","commandMetadata":{"webCommandMetadata":{"url":"/@sonymusicindiaVEVO","webPageType":"WEB_PAGE_TYPE_CHANNEL","rootVe":3611,"apiUrl":"/youtubei/v1/browse"}},"browseEndpoint":{"browseId":"UC3MLnJtqc_phABBriLRhtgQ","canonicalBaseUrl":"/@sonymusicindiaVEVO"}}}]},"shortBylineText":{"runs":[{"t
1778079488.795 10430   567   710 I OkHttp  : ext":"SonyMusicIndiaVEVO","navigationEndpoint":{"clickTrackingParams":"CDcQ3DAYFSITCJjSyKL2pJQDFTV4KgkdCwE0msoBBEwf9WM=","commandMetadata":{"webCommandMetadata":{"url":"/@sonymusicindiaVEVO","webPageType":"WEB_PAGE_TYPE_CHANNEL","rootVe":3611,"apiUrl":"/youtubei/v1/browse"}},"browseEndpoint":{"browseId":"UC3MLnJtqc_phABBriLRhtgQ","canonicalBaseUrl":"/@sonymusicindiaVEVO"}}}]},"trackingParams":"CDcQ3DAYFSITCJjSyKL2pJQDFTV4KgkdCwE0mkCQ1rHMscr_15kB","showActionMenu":false,"shortViewCountText":{"accessibility":{"accessibilityData":{"label":"3.9 million views"}},"simpleText":"3.9m views"},"menu":{"menuRenderer":{"items":[{"menuServiceItemRenderer":{"text":{"runs":[{"text":"Add to queue"}]},"icon":{"iconType":"ADD_TO_QUEUE_TAIL"},"serviceEndpoint":{"clickTrackingParams":"CDsQ_pgEGA8iEwiY0sii9qSUAxU1eCoJHQsBNJrKAQRMH_Vj","commandMetadata":{"webCommandMetadata":{"sendPost":true}},"signalServiceEndpoint":{"signal":"CLIENT_SIGNAL","actions":[{"clickTrackingParams":"CDsQ_pgEGA8iEwiY0sii9qSUAxU1eCoJHQsBNJrKAQRMH_Vj","addToPlaylistCommand":{"openMiniplayer":true,"videoId":"ma_-UxmMaxA","listType":"PLAYLIST_EDIT_LIST_TYPE_QUEUE","onCreateListCommand":{"clickTrackingParams":"CDsQ_pgEGA8iEwiY0sii9qSUAxU1eCoJHQsBNJrKAQRMH_Vj","commandMetadata":{"webCommandMetadata":{"sendPost":true,"apiUrl":"/youtubei/v1/playlist/create"}},"createPlaylistServiceEndpoint":{"videoIds":["ma_-UxmMaxA"],"params":"CAQ%3D"}},"videoIds":["ma_-UxmMaxA"],"videoCommand":{"clickTrackingParams":"CDsQ_pgEGA8iEwiY0sii9qSUAxU1eCoJHQsBNJrKAQRMH_Vj","commandMetadata":{"webCommandMetadata":{"url":"/watch?v=ma_-UxmMaxA","webPageType":"WEB_PAGE_TYPE_WATCH","rootVe":3832}},"watchEndpoint":{"videoId":"ma_-UxmMaxA","watchEndpointSupportedOnesieConfig":{"html5PlaybackOnesieConfig":{"commonConfig":{"url":"https://rr1---sn-h4upouxgoxu-gq2e.googlevideo.com/initplayback?source=youtube&oeis=1&c=WEB&oad=3200&ovd=3200&oaad=11000&oavd=11000&ocs=700&oewis=1&oputc=1&ofpcc=1&msp=1&odepv=1&oreouc=1&id=99affe53198c6b10&ip=103.220.88.42&initcwndbps=947500&mt=1778078969&oweuc="}}}}}}}]}},"trackingParams":"CDsQ_pgEGA8iEwiY0sii9qSUAxU1eCoJHQsBNJo="}},{"menuServiceItemRenderer":{"text":{"runs":[{"text":"Share"}]},"icon":{"iconType":"SHARE"},"serviceEndpoint":{"clickTrackingParams":"CDcQ3DAYFSITCJjSyKL2pJQDFTV4KgkdCwE0msoBBEwf9WM=","commandMetadata":{"webCommandMetadata":{"sendPost":true,"apiUrl":"/youtubei/v1/share/get_share_panel"}},"shareEntityServiceEndpoint":{"serializedShareEntity":"CgttYV8tVXhtTWF4QQ%3D%3D","commands":[{"clickTrackingParams":"CDcQ3DAYFSITCJjSyKL2pJQDFTV4KgkdCwE0msoBBEwf9WM=","openPopupAction":{"popup":{"unifiedSharePanelRenderer":{"trackingParams":"CDoQjmIiEwiY0sii9qSUAxU1eCoJHQsBNJo=","showLoadingSpinner":true}},"popupType":"DIALOG","beReused":true}}]}},"trackingParams":"CDcQ3DAYFSITCJjSyKL2pJQDFTV4KgkdCwE0mg==","hasSeparator":true}}],"trackingParams":"CDcQ3DAYFSITCJjSyKL2pJQDFTV4KgkdCwE0mg==","accessibility":{"accessibilityData":{"label":"Action menu"}}}},"channelThumbnailSupportedRenderers":{"channelThumbnailWithLinkRenderer":{"thumbnail":{"thumbnails":[{"url":"https://yt3.ggpht.com/R04QrRbPUZuuVoM8Qw4JPw3xXJb-6AaO4L8D_mHIOgY_3ZGdeTXWxASkdJK811RqrxyK_fBWmzw=s68-c-k-c0x00ffffff-no-rj","width":68,"height":68}]},"navigationEndpoint":{"clickTrackingParams":"CDcQ3DAYFSITCJjSyKL2pJQDFTV4KgkdCwE0msoBBEwf9WM=","commandMetadata":{"webCommandMetadata":{"url":"/@sonymusicindiaVEVO","webPageType":"WEB_PAGE_TYPE_CHANNEL","rootVe":3611,"apiUrl":"/youtubei/v1/browse"}},"browseEndpoint":{"browseId":"UC3MLnJtqc_phABBriLRhtgQ","canonicalBaseUrl":"/@sonymusicindiaVEVO"}},"accessibility":{"accessibilityData":{"label":"Go to channel SonyMusicIndiaVEVO"}}}},"thumbnailOverlays":[{"thumbnailOverlayTimeStatusRenderer":{"text":{"accessibility":{"accessibilityData":{"label":"4 minutes, 56 seconds"}},"simpleText":"4:56"},"style":"DEFAULT","icon":{"iconType":"MUSIC"}}},{"thumbnailOverlayToggleButtonRenderer":{"isToggled":false,"untoggledIcon":{"iconType":"WATCH_LATER"},"toggledIcon":{"iconType":"CHECK"},"untoggledTooltip":"Watch Lat
1778079488.795 10430   567   710 I OkHttp  : er","toggledTooltip":"Added","untoggledServiceEndpoint":{"clickTrackingParams":"CDkQ-ecDGAIiEwiY0sii9qSUAxU1eCoJHQsBNJrKAQRMH_Vj","commandMetadata":{"webCommandMetadata":{"sendPost":true,"apiUrl":"/youtubei/v1/browse/edit_playlist"}},"playlistEditEndpoint":{"playlistId":"WL","actions":[{"addedVideoId":"ma_-UxmMaxA","action":"ACTION_ADD_VIDEO"}]}},"toggledServiceEndpoint":{"clickTrackingParams":"CDkQ-ecDGAIiEwiY0sii9qSUAxU1eCoJHQsBNJrKAQRMH_Vj","commandMetadata":{"webCommandMetadata":{"sendPost":true,"apiUrl":"/youtubei/v1/browse/edit_playlist"}},"playlistEditEndpoint":{"playlistId":"WL","actions":[{"action":"ACTION_REMOVE_VIDEO_BY_VIDEO_ID","removedVideoId":"ma_-UxmMaxA"}]}},"untoggledAccessibility":{"accessibilityData":{"label":"Watch Later"}},"toggledAccessibility":{"accessibilityData":{"label":"Added"}},"trackingParams":"CDkQ-ecDGAIiEwiY0sii9qSUAxU1eCoJHQsBNJo="}},{"thumbnailOverlayToggleButtonRenderer":{"untoggledIcon":{"iconType":"ADD_TO_QUEUE_TAIL"},"toggledIcon":{"iconType":"PLAYLIST_ADD_CHECK"},"untoggledTooltip":"Add to queue","toggledTooltip":"Added","untoggledServiceEndpoint":{"clickTrackingParams":"CDgQx-wEGAMiEwiY0sii9qSUAxU1eCoJHQsBNJrKAQRMH_Vj","commandMetadata":{"webCommandMetadata":{"sendPost":true}},"signalServiceEndpoint":{"signal":"CLIENT_SIGNAL","actions":[{"clickTrackingParams":"CDgQx-wEGAMiEwiY0sii9qSUAxU1eCoJHQsBNJrKAQRMH_Vj","addToPlaylistCommand":{"openMiniplayer":true,"videoId":"ma_-UxmMaxA","listType":"PLAYLIST_EDIT_LIST_TYPE_QUEUE","onCreateListCommand":{"clickTrackingParams":"CDgQx-wEGAMiEwiY0sii9qSUAxU1eCoJHQsBNJrKAQRMH_Vj","commandMetadata":{"webCommandMetadata":{"sendPost":true,"apiUrl":"/youtubei/v1/playlist/create"}},"createPlaylistServiceEndpoint":{"videoIds":["ma_-UxmMaxA"],"params":"CAQ%3D"}},"videoIds":["ma_-UxmMaxA"]}}]}},"untoggledAccessibility":{"accessibilityData":{"label":"Add to queue"}},"toggledAccessibility":{"accessibilityData":{"label":"Added"}},"trackingParams":"CDgQx-wEGAMiEwiY0sii9qSUAxU1eCoJHQsBNJo="}},{"thumbnailOverlayNowPlayingRenderer":{"text":{"runs":[{"text":"Now playing"}]}}},{"thumbnailOverlayLoadingPreviewRenderer":{"text":{"runs":[{"text":"Keep hovering to play"}]}}}],"detailedMetadataSnippets":[{"snippetText":{"runs":[{"text":"Dive into the soothing romance of Aashiq "},{"text":"Tera","bold":true},{"text":", sung by Sohail Sen & Altamash Faridi from Happy Bhag Jayegi. Starring Abhay ..."}]},"snippetHoverText":{"runs":[{"text":"From the video description"}]},"maxOneLine":false}],"inlinePlaybackEndpoint":{"clickTrackingParams":"CDcQ3DAYFSITCJjSyKL2pJQDFTV4KgkdCwE0mjIGc2VhcmNoUgR0ZXJhmgEDEPQkygEETB_1Yw==","commandMetadata":{"webCommandMetadata":{"url":"/watch?v=ma_-UxmMaxA&pp=YAHIAQGiBhUBhL1306pDQBTlrqJMbTORfak2oGM%3D","webPageType":"WEB_PAGE_TYPE_WATCH","rootVe":3832}},"watchEndpoint":{"videoId":"ma_-UxmMaxA","params":"qgMEdGVyYboDCwiyrszg0ZmKgt4BugMLCLbcvYfr7MHO0AG6AwsIqrHek_icy-rMAboDCgjCrfOUvIP-sQm6AwoI7MOVg7KEwtZ4ugMLCKaOpdyAquydrQG6AwoIrMm8uuvVz64FugMLCNOIx-virvH4iwG6AwoImMe5reKWuZ8zugMKCKvfo-iFp93rKroDCwi6-Lne7q720twBugMLCPOpr92hvJXB-wG6AwsIwuuSpqnY4PHEAboDCgjwvb2cqZzjqCC6AwsI4qSo7eq5vNCVAboDCgjmr53kpb3Wqjm6AwoIj_DN7L20oPxwugMKCIrK-671s77uQfIDBQ1fAR0_","playerParams":"YAHIAQGiBhUBhL1306pDQBTlrqJMbTORfak2oGM%3D","playerExtraUrlParams":[{"key":"inline","value":"1"}],"watchEndpointSupportedOnesieConfig":{"html5PlaybackOnesieConfig":{"commonConfig":{"url":"https://rr1---sn-h4upouxgoxu-gq2e.googlevideo.com/initplayback?source=youtube&oeis=1&c=WEB&oad=3200&ovd=3200&oaad=11000&oavd=11000&ocs=700&oewis=1&oputc=1&ofpcc=1&msp=1&odepv=1&oreouc=1&id=99affe53198c6b10&ip=103.220.88.42&initcwndbps=947500&mt=1778078969&oweuc="}}}}},"searchVideoResultEntityKey":"EgttYV8tVXhtTWF4QSDnAigB","avatar":{"decoratedAvatarViewModel":{"avatar":{"avatarViewModel":{"image":{"sources":[{"url":"https://yt3.ggpht.com/R04QrRbPUZuuVoM8Qw4JPw3xXJb-6AaO4L8D_mHIOgY_3ZGdeTXWxASkdJK811RqrxyK_fBWmzw=s68-c-k-c0x00ffffff-no-rj","width":68,"height":68}]},"avatarImageSize":"AVATAR_SIZE_M"}},"a11yLabel":"Go to channel SonyMusicIndi
1778079488.795 10430   567   710 I OkHttp  : aVEVO","rendererContext":{"commandContext":{"onTap":{"innertubeCommand":{"clickTrackingParams":"CDcQ3DAYFSITCJjSyKL2pJQDFTV4KgkdCwE0msoBBEwf9WM=","commandMetadata":{"webCommandMetadata":{"url":"/@sonymusicindiaVEVO","webPageType":"WEB_PAGE_TYPE_CHANNEL","rootVe":3611,"apiUrl":"/youtubei/v1/browse"}},"browseEndpoint":{"browseId":"UC3MLnJtqc_phABBriLRhtgQ","canonicalBaseUrl":"/@sonymusicindiaVEVO"}}}}}}}}},{"videoRenderer":{"videoId":"Qdz5n1Xe5Qo","thumbnail":{"thumbnails":[{"url":"https://i.ytimg.com/vi/Qdz5n1Xe5Qo/hq720.jpg?sqp=-oaymwEjCOgCEMoBSFryq4qpAxUIARUAAAAAGAElAADIQj0AgKJDeAE=&rs=AOn4CLAJJRKck7PVo7u8fNMhOb-In-E5PQ","width":360,"height":202},{"url":"https://i.ytimg.com/vi/Qdz5n1Xe5Qo/hq720.jpg?sqp=-oaymwEXCNAFEJQDSFryq4qpAwkIARUAAIhCGAE=&rs=AOn4CLBi_sGooTUIUn3cn62aBZzGyLZZlg","width":720,"height":404}]},"title":{"runs":[{"text":"LYRICAL: Tera Ban Jaunga | Kabir Singh | Shahid K, Kiara A, Sandeep V | Tulsi Kumar, Akhil Sachdeva"}],"accessibility":{"accessibilityData":{"label":"LYRICAL: Tera Ban Jaunga | Kabir Singh | Shahid K, Kiara A, Sandeep V | Tulsi Kumar, Akhil Sachdeva 4 minutes, 17 seconds"}}},"longBylineText":{"runs":[{"text":"T-Series","navigationEndpoint":{"clickTrackingParams":"CDIQ3DAYFiITCJjSyKL2pJQDFTV4KgkdCwE0msoBBEwf9WM=","commandMetadata":{"webCommandMetadata":{"url":"/@tseries","webPageType":"WEB_PAGE_TYPE_CHANNEL","rootVe":3611,"apiUrl":"/youtubei/v1/browse"}},"browseEndpoint":{"browseId":"UCq-Fj5jknLsUf-MWSy4_brA","canonicalBaseUrl":"/@tseries"}}}]},"publishedTimeText":{"simpleText":"6 years ago"},"lengthText":{"accessibility":{"accessibilityData":{"label":"4 minutes, 17 seconds"}},"simpleText":"4:17"},"viewCountText":{"simpleText":"479,019,396 views"},"navigationEndpoint":{"clickTrackingParams":"CDIQ3DAYFiITCJjSyKL2pJQDFTV4KgkdCwE0mjIGc2VhcmNoUgR0ZXJhmgEDEPQkygEETB_1Yw==","commandMetadata":{"webCommandMetadata":{"url":"/watch?v=Qdz5n1Xe5Qo&list=RDQdz5n1Xe5Qo&start_radio=1&pp=ygUEdGVyYaAHAQ%3D%3D","webPageType":"WEB_PAGE_TYPE_WATCH","rootVe":3832}},"watchEndpoint":{"videoId":"Qdz5n1Xe5Qo","playlistId":"RDQdz5n1Xe5Qo","params":"OAHAAQGqAwR0ZXJhugMLCLKuzODRmYqC3gG6AwsItty9h-vswc7QAboDCwiqsd6T-JzL6swBugMKCMKt85S8g_6xCboDCgjsw5WDsoTC1ni6AwsIpo6l3ICq7J2tAboDCgisyby669XPrgW6AwsI04jH6-Ku8fiLAboDCgiYx7mt4pa5nzO6AwoIq9-j6IWn3esqugMLCLr4ud7urvbS3AG6AwsI86mv3aG8lcH7AboDCwjC65Kmqdjg8cQBugMKCPC9vZypnOOoILoDCwjipKjt6rm80JUBugMKCOavneSlvdaqOboDCgiP8M3svbSg_HC6AwsIkNaxzLHK_9eZAfIDBQ1fAR0_uAUB","playerParams":"ygUEdGVyYaAHAQ%3D%3D","loggingContext":{"vssLoggingContext":{"serializedContextData":"Gg1SRFFkejVuMVhlNVFv"}},"watchEndpointSupportedOnesieConfig":{"html5PlaybackOnesieConfig":{"commonConfig":{"url":"https://rr1---sn-h4upouxgoxu-gq2e.googlevideo.com/initplayback?source=youtube&oeis=1&c=WEB&oad=3200&ovd=3200&oaad=11000&oavd=11000&ocs=700&oewis=1&oputc=1&ofpcc=1&msp=1&odepv=1&oreouc=1&id=41dcf99f55dee50a&ip=103.220.88.42&initcwndbps=947500&mt=1778078969&oweuc="}}}}},"ownerBadges":[{"metadataBadgeRenderer":{"icon":{"iconType":"CHECK_CIRCLE_THICK"},"style":"BADGE_STYLE_TYPE_VERIFIED","tooltip":"Verified","trackingParams":"CDIQ3DAYFiITCJjSyKL2pJQDFTV4KgkdCwE0mg==","accessibilityData":{"label":"Verified"}}}],"ownerText":{"runs":[{"text":"T-Series","navigationEndpoint":{"clickTrackingParams":"CDIQ3DAYFiITCJjSyKL2pJQDFTV4KgkdCwE0msoBBEwf9WM=","commandMetadata":{"webCommandMetadata":{"url":"/@tseries","webPageType":"WEB_PAGE_TYPE_CHANNEL","rootVe":3611,"apiUrl":"/youtubei/v1/browse"}},"browseEndpoint":{"browseId":"UCq-Fj5jknLsUf-MWSy4_brA","canonicalBaseUrl":"/@tseries"}}}]},"shortBylineText":{"runs":[{"text":"T-Series","navigationEndpoint":{"clickTrackingParams":"CDIQ3DAYFiITCJjSyKL2pJQDFTV4KgkdCwE0msoBBEwf9WM=","commandMetadata":{"webCommandMetadata":{"url":"/@tseries","webPageType":"WEB_PAGE_TYPE_CHANNEL","rootVe":3611,"apiUrl":"/youtubei/v1/browse"}},"browseEndpoint":{"browseId":"UCq-Fj5jknLsUf-MWSy4_brA","canonicalBaseUrl":"/@tseries"}}}]},"trackingParams":"CDIQ3DAYFiITCJjSyKL2pJQDFTV4KgkdCwE0mkCKyvuu9bO-7kE=","showActionMenu":false,"shortViewC
1778079488.795 10430   567   710 I OkHttp  : ountText":{"accessibility":{"accessibilityData":{"label":"479 million views"}},"simpleText":"479m views"},"menu":{"menuRenderer":{"items":[{"menuServiceItemRenderer":{"text":{"runs":[{"text":"Add to queue"}]},"icon":{"iconType":"ADD_TO_QUEUE_TAIL"},"serviceEndpoint":{"clickTrackingParams":"CDYQ_pgEGA8iEwiY0sii9qSUAxU1eCoJHQsBNJrKAQRMH_Vj","commandMetadata":{"webCommandMetadata":{"sendPost":true}},"signalServiceEndpoint":{"signal":"CLIENT_SIGNAL","actions":[{"clickTrackingParams":"CDYQ_pgEGA8iEwiY0sii9qSUAxU1eCoJHQsBNJrKAQRMH_Vj","addToPlaylistCommand":{"openMiniplayer":true,"videoId":"Qdz5n1Xe5Qo","listType":"PLAYLIST_EDIT_LIST_TYPE_QUEUE","onCreateListCommand":{"clickTrackingParams":"CDYQ_pgEGA8iEwiY0sii9qSUAxU1eCoJHQsBNJrKAQRMH_Vj","commandMetadata":{"webCommandMetadata":{"sendPost":true,"apiUrl":"/youtubei/v1/playlist/create"}},"createPlaylistServiceEndpoint":{"videoIds":["Qdz5n1Xe5Qo"],"params":"CAQ%3D"}},"videoIds":["Qdz5n1Xe5Qo"],"videoCommand":{"clickTrackingParams":"CDYQ_pgEGA8iEwiY0sii9qSUAxU1eCoJHQsBNJrKAQRMH_Vj","commandMetadata":{"webCommandMetadata":{"url":"/watch?v=Qdz5n1Xe5Qo","webPageType":"WEB_PAGE_TYPE_WATCH","rootVe":3832}},"watchEndpoint":{"videoId":"Qdz5n1Xe5Qo","watchEndpointSupportedOnesieConfig":{"html5PlaybackOnesieConfig":{"commonConfig":{"url":"https://rr1---sn-h4upouxgoxu-gq2e.googlevideo.com/initplayback?source=youtube&oeis=1&c=WEB&oad=3200&ovd=3200&oaad=11000&oavd=11000&ocs=700&oewis=1&oputc=1&ofpcc=1&msp=1&odepv=1&oreouc=1&id=41dcf99f55dee50a&ip=103.220.88.42&initcwndbps=947500&mt=1778078969&oweuc="}}}}}}}]}},"trackingParams":"CDYQ_pgEGA8iEwiY0sii9qSUAxU1eCoJHQsBNJo="}},{"menuServiceItemRenderer":{"text":{"runs":[{"text":"Share"}]},"icon":{"iconType":"SHARE"},"serviceEndpoint":{"clickTrackingParams":"CDIQ3DAYFiITCJjSyKL2pJQDFTV4KgkdCwE0msoBBEwf9WM=","commandMetadata":{"webCommandMetadata":{"sendPost":true,"apiUrl":"/youtubei/v1/share/get_share_panel"}},"shareEntityServiceEndpoint":{"serializedShareEntity":"CgtRZHo1bjFYZTVRbw%3D%3D","commands":[{"clickTrackingParams":"CDIQ3DAYFiITCJjSyKL2pJQDFTV4KgkdCwE0msoBBEwf9WM=","openPopupAction":{"popup":{"unifiedSharePanelRenderer":{"trackingParams":"CDUQjmIiEwiY0sii9qSUAxU1eCoJHQsBNJo=","showLoadingSpinner":true}},"popupType":"DIALOG","beReused":true}}]}},"trackingParams":"CDIQ3DAYFiITCJjSyKL2pJQDFTV4KgkdCwE0mg==","hasSeparator":true}}],"trackingParams":"CDIQ3DAYFiITCJjSyKL2pJQDFTV4KgkdCwE0mg==","accessibility":{"accessibilityData":{"label":"Action menu"}}}},"channelThumbnailSupportedRenderers":{"channelThumbnailWithLinkRenderer":{"thumbnail":{"thumbnails":[{"url":"https://yt3.ggpht.com/VunTf0NzCeboiPjbesBdnQuxaF3Lja7UGRbBGQAWRJgMSTj9TTLO3pS1X9qPOJGCNnmPrXeY=s68-c-k-c0x00ffffff-no-rj","width":68,"height":68}]},"navigationEndpoint":{"clickTrackingParams":"CDIQ3DAYFiITCJjSyKL2pJQDFTV4KgkdCwE0msoBBEwf9WM=","commandMetadata":{"webCommandMetadata":{"url":"/@tseries","webPageType":"WEB_PAGE_TYPE_CHANNEL","rootVe":3611,"apiUrl":"/youtubei/v1/browse"}},"browseEndpoint":{"browseId":"UCq-Fj5jknLsUf-MWSy4_brA","canonicalBaseUrl":"/@tseries"}},"accessibility":{"accessibilityData":{"label":"Go to channel T-Series"}}}},"thumbnailOverlays":[{"thumbnailOverlayTimeStatusRenderer":{"text":{"accessibility":{"accessibilityData":{"label":"4 minutes, 17 seconds"}},"simpleText":"4:17"},"style":"DEFAULT","icon":{"iconType":"MUSIC"}}},{"thumbnailOverlayToggleButtonRenderer":{"isToggled":false,"untoggledIcon":{"iconType":"WATCH_LATER"},"toggledIcon":{"iconType":"CHECK"},"untoggledTooltip":"Watch Later","toggledTooltip":"Added","untoggledServiceEndpoint":{"clickTrackingParams":"CDQQ-ecDGAIiEwiY0sii9qSUAxU1eCoJHQsBNJrKAQRMH_Vj","commandMetadata":{"webCommandMetadata":{"sendPost":true,"apiUrl":"/youtubei/v1/browse/edit_playlist"}},"playlistEditEndpoint":{"playlistId":"WL","actions":[{"addedVideoId":"Qdz5n1Xe5Qo","action":"ACTION_ADD_VIDEO"}]}},"toggledServiceEndpoint":{"clickTrackingParams":"CDQQ-ecDGAIiEwiY0sii9qSUAxU1eCoJHQsBNJrKAQRMH_Vj","commandMetadata":{"webCommandMetadata":{"sendPost":true,"apiUrl":"/yout
1778079488.795 10430   567   710 I OkHttp  : ubei/v1/browse/edit_playlist"}},"playlistEditEndpoint":{"playlistId":"WL","actions":[{"action":"ACTION_REMOVE_VIDEO_BY_VIDEO_ID","removedVideoId":"Qdz5n1Xe5Qo"}]}},"untoggledAccessibility":{"accessibilityData":{"label":"Watch Later"}},"toggledAccessibility":{"accessibilityData":{"label":"Added"}},"trackingParams":"CDQQ-ecDGAIiEwiY0sii9qSUAxU1eCoJHQsBNJo="}},{"thumbnailOverlayToggleButtonRenderer":{"untoggledIcon":{"iconType":"ADD_TO_QUEUE_TAIL"},"toggledIcon":{"iconType":"PLAYLIST_ADD_CHECK"},"untoggledTooltip":"Add to queue","toggledTooltip":"Added","untoggledServiceEndpoint":{"clickTrackingParams":"CDMQx-wEGAMiEwiY0sii9qSUAxU1eCoJHQsBNJrKAQRMH_Vj","commandMetadata":{"webCommandMetadata":{"sendPost":true}},"signalServiceEndpoint":{"signal":"CLIENT_SIGNAL","actions":[{"clickTrackingParams":"CDMQx-wEGAMiEwiY0sii9qSUAxU1eCoJHQsBNJrKAQRMH_Vj","addToPlaylistCommand":{"openMiniplayer":true,"videoId":"Qdz5n1Xe5Qo","listType":"PLAYLIST_EDIT_LIST_TYPE_QUEUE","onCreateListCommand":{"clickTrackingParams":"CDMQx-wEGAMiEwiY0sii9qSUAxU1eCoJHQsBNJrKAQRMH_Vj","commandMetadata":{"webCommandMetadata":{"sendPost":true,"apiUrl":"/youtubei/v1/playlist/create"}},"createPlaylistServiceEndpoint":{"videoIds":["Qdz5n1Xe5Qo"],"params":"CAQ%3D"}},"videoIds":["Qdz5n1Xe5Qo"]}}]}},"untoggledAccessibility":{"accessibilityData":{"label":"Add to queue"}},"toggledAccessibility":{"accessibilityData":{"label":"Added"}},"trackingParams":"CDMQx-wEGAMiEwiY0sii9qSUAxU1eCoJHQsBNJo="}},{"thumbnailOverlayNowPlayingRenderer":{"text":{"runs":[{"text":"Now playing"}]}}},{"thumbnailOverlayLoadingPreviewRenderer":{"text":{"runs":[{"text":"Keep hovering to play"}]}}}],"detailedMetadataSnippets":[{"snippetText":{"runs":[{"text":"Kabir Singh → In Cinemas Now !! Presenting the love anthem of the year \""},{"text":"Tera","bold":true},{"text":" Ban Jaunga\" with LYRICS, in the soulful voice of ..."}]},"snippetHoverText":{"runs":[{"text":"From the video description"}]},"maxOneLine":false}],"inlinePlaybackEndpoint":{"clickTrackingParams":"CDIQ3DAYFiITCJjSyKL2pJQDFTV4KgkdCwE0mjIGc2VhcmNoUgR0ZXJhmgEDEPQkygEETB_1Yw==","commandMetadata":{"webCommandMetadata":{"url":"/watch?v=Qdz5n1Xe5Qo&pp=YAHIAQGiBhUBhL1302wAOfFhESj6CDdtuFTy16U%3D","webPageType":"WEB_PAGE_TYPE_WATCH","rootVe":3832}},"watchEndpoint":{"videoId":"Qdz5n1Xe5Qo","params":"qgMEdGVyYboDCwiyrszg0ZmKgt4BugMLCLbcvYfr7MHO0AG6AwsIqrHek_icy-rMAboDCgjCrfOUvIP-sQm6AwoI7MOVg7KEwtZ4ugMLCKaOpdyAquydrQG6AwoIrMm8uuvVz64FugMLCNOIx-virvH4iwG6AwoImMe5reKWuZ8zugMKCKvfo-iFp93rKroDCwi6-Lne7q720twBugMLCPOpr92hvJXB-wG6AwsIwuuSpqnY4PHEAboDCgjwvb2cqZzjqCC6AwsI4qSo7eq5vNCVAboDCgjmr53kpb3Wqjm6AwoIj_DN7L20oPxwugMLCJDWscyxyv_XmQHyAwUNXwEdPw%3D%3D","playerParams":"YAHIAQGiBhUBhL1302wAOfFhESj6CDdtuFTy16U%3D","playerExtraUrlParams":[{"key":"inline","value":"1"}],"watchEndpointSupportedOnesieConfig":{"html5PlaybackOnesieConfig":{"commonConfig":{"url":"https://rr1---sn-h4upouxgoxu-gq2e.googlevideo.com/initplayback?source=youtube&oeis=1&c=WEB&oad=3200&ovd=3200&oaad=11000&oavd=11000&ocs=700&oewis=1&oputc=1&ofpcc=1&msp=1&odepv=1&oreouc=1&id=41dcf99f55dee50a&ip=103.220.88.42&initcwndbps=947500&mt=1778078969&oweuc="}}}}},"searchVideoResultEntityKey":"EgtRZHo1bjFYZTVRbyDnAigB","avatar":{"decoratedAvatarViewModel":{"avatar":{"avatarViewModel":{"image":{"sources":[{"url":"https://yt3.ggpht.com/VunTf0NzCeboiPjbesBdnQuxaF3Lja7UGRbBGQAWRJgMSTj9TTLO3pS1X9qPOJGCNnmPrXeY=s68-c-k-c0x00ffffff-no-rj","width":68,"height":68}]},"avatarImageSize":"AVATAR_SIZE_M"}},"a11yLabel":"Go to channel T-Series","rendererContext":{"commandContext":{"onTap":{"innertubeCommand":{"clickTrackingParams":"CDIQ3DAYFiITCJjSyKL2pJQDFTV4KgkdCwE0msoBBEwf9WM=","commandMetadata":{"webCommandMetadata":{"url":"/@tseries","webPageType":"WEB_PAGE_TYPE_CHANNEL","rootVe":3611,"apiUrl":"/youtubei/v1/browse"}},"browseEndpoint":{"browseId":"UCq-Fj5jknLsUf-MWSy4_brA","canonicalBaseUrl":"/@tseries"}}}}}}}}}],"trackingParams":"CDEQuy8YACITCJjSyKL2pJQDFTV4KgkdCwE0mg=="}},{"continuationItemRenderer":{"trigger":"CONTINUATION_TRIGGER_ON_ITEM_SH
1778079488.795 10430   567   710 I OkHttp  : OWN","continuationEndpoint":{"clickTrackingParams":"CDAQt6kLGAEiEwiY0sii9qSUAxU1eCoJHQsBNJrKAQRMH_Vj","commandMetadata":{"webCommandMetadata":{"sendPost":true,"apiUrl":"/youtubei/v1/search"}},"continuationCommand":{"token":"Eq8DEgR0ZXJhGqYDU0JTQ0FRc3paMUZ2ZWxKM1ZFWjZTWUlCQ3pCS01FaGFja1IyWW1wWmdnRUxlazVWY3pVMFNqTnRTMi1DQVF0RFYxQTBSemhMWXpGelNZSUJDMlZMTUVsSmVVSnNXV1YzZ2dFTGNsUjFlRlZCZFVwU2VWbUNBUXRDVmpBdGNuSmtVRXBMZDRJQkdGVkRWM1ZDV2twSmRXTkNjR1V0VTBOWFZVSjFTMVZzWjRJQkMybGZTRVprYVRGNGVFWk5nZ0VMVFhvM2EzUnBWM1ZaTldlQ0FRdExkR1F4VDBZd1NUYzJjNElCQ3pOTFdGcGtkWFpQWmtSdmdnRUxMVFJLVmpSb2RYSXhVRTJDQVF0NFQwOURkM0JVUlhSalNZSUJDMGxHUjAwMGNFOVFXSFpCZ2dFTGJHRkVlSHB4TW5GRmJVbUNBUXRQVmxaYU5teDVTRll0V1lJQkMyTlFhVUp2T1RKVVpVRTRnZ0VMYldGZkxWVjRiVTFoZUVHQ0FRdFJaSG8xYmpGWVpUVlJiN0lCQmdvRUNCY1FBdW9CQkFnQ0VCVHdBUUUlM0QYgeDoGCILc2VhcmNoLWZlZWQ%3D","request":"CONTINUATION_REQUEST_TYPE_SEARCH"}},"loggingDirectives":{"trackingParams":"CDAQt6kLGAEiEwiY0sii9qSUAxU1eCoJHQsBNJo="}}}],"trackingParams":"CA8Qui8iEwiY0sii9qSUAxU1eCoJHQsBNJo=","subMenu":{"searchSubMenuRenderer":{"title":{"runs":[{"text":"Search options"}]},"groups":[{"searchFilterGroupRenderer":{"title":{"simpleText":"Type"},"filters":[{"searchFilterRenderer":{"label":{"simpleText":"Videos"},"navigationEndpoint":{"clickTrackingParams":"CC8Qk3UYACITCJjSyKL2pJQDFTV4KgkdCwE0msoBBEwf9WM=","commandMetadata":{"webCommandMetadata":{"url":"/results?search_query=tera&sp=EgIQAQ%253D%253D","webPageType":"WEB_PAGE_TYPE_SEARCH","rootVe":4724}},"searchEndpoint":{"query":"tera","params":"EgIQAQ%3D%3D"}},"tooltip":"Search for Videos","trackingParams":"CC8Qk3UYACITCJjSyKL2pJQDFTV4KgkdCwE0mg=="}},{"searchFilterRenderer":{"label":{"simpleText":"Shorts"},"navigationEndpoint":{"clickTrackingParams":"CC4Qk3UYASITCJjSyKL2pJQDFTV4KgkdCwE0msoBBEwf9WM=","commandMetadata":{"webCommandMetadata":{"url":"/results?search_query=tera&sp=EgIQCQ%253D%253D","webPageType":"WEB_PAGE_TYPE_SEARCH","rootVe":4724}},"searchEndpoint":{"query":"tera","params":"EgIQCQ%3D%3D"}},"tooltip":"Search for Shorts","trackingParams":"CC4Qk3UYASITCJjSyKL2pJQDFTV4KgkdCwE0mg=="}},{"searchFilterRenderer":{"label":{"simpleText":"Channels"},"navigationEndpoint":{"clickTrackingParams":"CC0Qk3UYAiITCJjSyKL2pJQDFTV4KgkdCwE0msoBBEwf9WM=","commandMetadata":{"webCommandMetadata":{"url":"/results?search_query=tera&sp=EgIQAg%253D%253D","webPageType":"WEB_PAGE_TYPE_SEARCH","rootVe":4724}},"searchEndpoint":{"query":"tera","params":"EgIQAg%3D%3D"}},"tooltip":"Search for Channels","trackingParams":"CC0Qk3UYAiITCJjSyKL2pJQDFTV4KgkdCwE0mg=="}},{"searchFilterRenderer":{"label":{"simpleText":"Playlists"},"navigationEndpoint":{"clickTrackingParams":"CCwQk3UYAyITCJjSyKL2pJQDFTV4KgkdCwE0msoBBEwf9WM=","commandMetadata":{"webCommandMetadata":{"url":"/results?search_query=tera&sp=EgIQAw%253D%253D","webPageType":"WEB_PAGE_TYPE_SEARCH","rootVe":4724}},"searchEndpoint":{"query":"tera","params":"EgIQAw%3D%3D"}},"tooltip":"Search for Playlists","trackingParams":"CCwQk3UYAyITCJjSyKL2pJQDFTV4KgkdCwE0mg=="}},{"searchFilterRenderer":{"label":{"simpleText":"Movies"},"navigationEndpoint":{"clickTrackingParams":"CCsQk3UYBCITCJjSyKL2pJQDFTV4KgkdCwE0msoBBEwf9WM=","commandMetadata":{"webCommandMetadata":{"url":"/results?search_query=tera&sp=EgIQBA%253D%253D","webPageType":"WEB_PAGE_TYPE_SEARCH","rootVe":4724}},"searchEndpoint":{"query":"tera","params":"EgIQBA%3D%3D"}},"tooltip":"Search for Movies","trackingParams":"CCsQk3UYBCITCJjSyKL2pJQDFTV4KgkdCwE0mg=="}}],"trackingParams":"CCoQknUYACITCJjSyKL2pJQDFTV4KgkdCwE0mg=="}},{"searchFilterGroupRenderer":{"title":{"simpleText":"Duration"},"filters":[{"searchFilterRenderer":{"label":{"simpleText":"Under 3 minutes"},"navigationEndpoint":{"clickTrackingParams":"CCkQk3UYACITCJjSyKL2pJQDFTV4KgkdCwE0msoBBEwf9WM=","commandMetadata":{"webCommandMetadata":{"url":"/results?search_query=tera&sp=EgIYBA%253D%253D","webPageType":"WEB_PAGE_TYPE_SEARCH","rootVe":4724}},"searchEndpoint":{"query":"tera","params":"EgIYBA%3D%3D"}},"tooltip":"Search for Under 3 minutes","trackingParams":"CCkQk3UYACIT
1778079488.795 10430   567   710 I OkHttp  : CJjSyKL2pJQDFTV4KgkdCwE0mg=="}},{"searchFilterRenderer":{"label":{"simpleText":"3–20 minutes"},"navigationEndpoint":{"clickTrackingParams":"CCgQk3UYASITCJjSyKL2pJQDFTV4KgkdCwE0msoBBEwf9WM=","commandMetadata":{"webCommandMetadata":{"url":"/results?search_query=tera&sp=EgIYBQ%253D%253D","webPageType":"WEB_PAGE_TYPE_SEARCH","rootVe":4724}},"searchEndpoint":{"query":"tera","params":"EgIYBQ%3D%3D"}},"tooltip":"Search for 3–20 minutes","trackingParams":"CCgQk3UYASITCJjSyKL2pJQDFTV4KgkdCwE0mg=="}},{"searchFilterRenderer":{"label":{"simpleText":"Over 20 minutes"},"navigationEndpoint":{"clickTrackingParams":"CCcQk3UYAiITCJjSyKL2pJQDFTV4KgkdCwE0msoBBEwf9WM=","commandMetadata":{"webCommandMetadata":{"url":"/results?search_query=tera&sp=EgIYAg%253D%253D","webPageType":"WEB_PAGE_TYPE_SEARCH","rootVe":4724}},"searchEndpoint":{"query":"tera","params":"EgIYAg%3D%3D"}},"tooltip":"Search for Over 20 minutes","trackingParams":"CCcQk3UYAiITCJjSyKL2pJQDFTV4KgkdCwE0mg=="}}],"trackingParams":"CCYQknUYASITCJjSyKL2pJQDFTV4KgkdCwE0mg=="}},{"searchFilterGroupRenderer":{"title":{"simpleText":"Upload date"},"filters":[{"searchFilterRenderer":{"label":{"simpleText":"Today"},"navigationEndpoint":{"clickTrackingParams":"CCUQk3UYACITCJjSyKL2pJQDFTV4KgkdCwE0msoBBEwf9WM=","commandMetadata":{"webCommandMetadata":{"url":"/results?search_query=tera&sp=EgIIAg%253D%253D","webPageType":"WEB_PAGE_TYPE_SEARCH","rootVe":4724}},"searchEndpoint":{"query":"tera","params":"EgIIAg%3D%3D"}},"tooltip":"Search for Today","trackingParams":"CCUQk3UYACITCJjSyKL2pJQDFTV4KgkdCwE0mg=="}},{"searchFilterRenderer":{"label":{"simpleText":"This week"},"navigationEndpoint":{"clickTrackingParams":"CCQQk3UYASITCJjSyKL2pJQDFTV4KgkdCwE0msoBBEwf9WM=","commandMetadata":{"webCommandMetadata":{"url":"/results?search_query=tera&sp=EgIIAw%253D%253D","webPageType":"WEB_PAGE_TYPE_SEARCH","rootVe":4724}},"searchEndpoint":{"query":"tera","params":"EgIIAw%3D%3D"}},"tooltip":"Search for This week","trackingParams":"CCQQk3UYASITCJjSyKL2pJQDFTV4KgkdCwE0mg=="}},{"searchFilterRenderer":{"label":{"simpleText":"This month"},"navigationEndpoint":{"clickTrackingParams":"CCMQk3UYAiITCJjSyKL2pJQDFTV4KgkdCwE0msoBBEwf9WM=","commandMetadata":{"webCommandMetadata":{"url":"/results?search_query=tera&sp=EgIIBA%253D%253D","webPageType":"WEB_PAGE_TYPE_SEARCH","rootVe":4724}},"searchEndpoint":{"query":"tera","params":"EgIIBA%3D%3D"}},"tooltip":"Search for This month","trackingParams":"CCMQk3UYAiITCJjSyKL2pJQDFTV4KgkdCwE0mg=="}},{"searchFilterRenderer":{"label":{"simpleText":"This year"},"navigationEndpoint":{"clickTrackingParams":"CCIQk3UYAyITCJjSyKL2pJQDFTV4KgkdCwE0msoBBEwf9WM=","commandMetadata":{"webCommandMetadata":{"url":"/results?search_query=tera&sp=EgIIBQ%253D%253D","webPageType":"WEB_PAGE_TYPE_SEARCH","rootVe":4724}},"searchEndpoint":{"query":"tera","params":"EgIIBQ%3D%3D"}},"tooltip":"Search for This year","trackingParams":"CCIQk3UYAyITCJjSyKL2pJQDFTV4KgkdCwE0mg=="}}],"trackingParams":"CCEQknUYAiITCJjSyKL2pJQDFTV4KgkdCwE0mg=="}},{"searchFilterGroupRenderer":{"title":{"simpleText":"Features"},"filters":[{"searchFilterRenderer":{"label":{"simpleText":"Live"},"navigationEndpoint":{"clickTrackingParams":"CCAQk3UYACITCJjSyKL2pJQDFTV4KgkdCwE0msoBBEwf9WM=","commandMetadata":{"webCommandMetadata":{"url":"/results?search_query=tera&sp=EgJAAQ%253D%253D","webPageType":"WEB_PAGE_TYPE_SEARCH","rootVe":4724}},"searchEndpoint":{"query":"tera","params":"EgJAAQ%3D%3D"}},"tooltip":"Search for Live","trackingParams":"CCAQk3UYACITCJjSyKL2pJQDFTV4KgkdCwE0mg=="}},{"searchFilterRenderer":{"label":{"simpleText":"4K"},"navigationEndpoint":{"clickTrackingParams":"CB8Qk3UYASITCJjSyKL2pJQDFTV4KgkdCwE0msoBBEwf9WM=","commandMetadata":{"webCommandMetadata":{"url":"/results?search_query=tera&sp=EgJwAQ%253D%253D","webPageType":"WEB_PAGE_TYPE_SEARCH","rootVe":4724}},"searchEndpoint":{"query":"tera","params":"EgJwAQ%3D%3D"}},"tooltip":"Search for 4K","trackingParams":"CB8Qk3UYASITCJjSyKL2pJQDFTV4KgkdCwE0mg=="}},{"searchFilterRenderer":{"label":{"simpleText":"HD"},"navigationE
1778079488.796 10430   567   710 I OkHttp  : ndpoint":{"clickTrackingParams":"CB4Qk3UYAiITCJjSyKL2pJQDFTV4KgkdCwE0msoBBEwf9WM=","commandMetadata":{"webCommandMetadata":{"url":"/results?search_query=tera&sp=EgIgAQ%253D%253D","webPageType":"WEB_PAGE_TYPE_SEARCH","rootVe":4724}},"searchEndpoint":{"query":"tera","params":"EgIgAQ%3D%3D"}},"tooltip":"Search for HD","trackingParams":"CB4Qk3UYAiITCJjSyKL2pJQDFTV4KgkdCwE0mg=="}},{"searchFilterRenderer":{"label":{"simpleText":"Subtitles/CC"},"navigationEndpoint":{"clickTrackingParams":"CB0Qk3UYAyITCJjSyKL2pJQDFTV4KgkdCwE0msoBBEwf9WM=","commandMetadata":{"webCommandMetadata":{"url":"/results?search_query=tera&sp=EgIoAQ%253D%253D","webPageType":"WEB_PAGE_TYPE_SEARCH","rootVe":4724}},"searchEndpoint":{"query":"tera","params":"EgIoAQ%3D%3D"}},"tooltip":"Search for Subtitles/CC","trackingParams":"CB0Qk3UYAyITCJjSyKL2pJQDFTV4KgkdCwE0mg=="}},{"searchFilterRenderer":{"label":{"simpleText":"Creative Commons"},"navigationEndpoint":{"clickTrackingParams":"CBwQk3UYBCITCJjSyKL2pJQDFTV4KgkdCwE0msoBBEwf9WM=","commandMetadata":{"webCommandMetadata":{"url":"/results?search_query=tera&sp=EgIwAQ%253D%253D","webPageType":"WEB_PAGE_TYPE_SEARCH","rootVe":4724}},"searchEndpoint":{"query":"tera","params":"EgIwAQ%3D%3D"}},"tooltip":"Search for Creative Commons","trackingParams":"CBwQk3UYBCITCJjSyKL2pJQDFTV4KgkdCwE0mg=="}},{"searchFilterRenderer":{"label":{"simpleText":"360°"},"navigationEndpoint":{"clickTrackingParams":"CBsQk3UYBSITCJjSyKL2pJQDFTV4KgkdCwE0msoBBEwf9WM=","commandMetadata":{"webCommandMetadata":{"url":"/results?search_query=tera&sp=EgJ4AQ%253D%253D","webPageType":"WEB_PAGE_TYPE_SEARCH","rootVe":4724}},"searchEndpoint":{"query":"tera","params":"EgJ4AQ%3D%3D"}},"tooltip":"Search for 360°","trackingParams":"CBsQk3UYBSITCJjSyKL2pJQDFTV4KgkdCwE0mg=="}},{"searchFilterRenderer":{"label":{"simpleText":"VR180"},"navigationEndpoint":{"clickTrackingParams":"CBoQk3UYBiITCJjSyKL2pJQDFTV4KgkdCwE0msoBBEwf9WM=","commandMetadata":{"webCommandMetadata":{"url":"/results?search_query=tera&sp=EgPQAQE%253D","webPageType":"WEB_PAGE_TYPE_SEARCH","rootVe":4724}},"searchEndpoint":{"query":"tera","params":"EgPQAQE%3D"}},"tooltip":"Search for VR180","trackingParams":"CBoQk3UYBiITCJjSyKL2pJQDFTV4KgkdCwE0mg=="}},{"searchFilterRenderer":{"label":{"simpleText":"3D"},"navigationEndpoint":{"clickTrackingParams":"CBkQk3UYByITCJjSyKL2pJQDFTV4KgkdCwE0msoBBEwf9WM=","commandMetadata":{"webCommandMetadata":{"url":"/results?search_query=tera&sp=EgI4AQ%253D%253D","webPageType":"WEB_PAGE_TYPE_SEARCH","rootVe":4724}},"searchEndpoint":{"query":"tera","params":"EgI4AQ%3D%3D"}},"tooltip":"Search for 3D","trackingParams":"CBkQk3UYByITCJjSyKL2pJQDFTV4KgkdCwE0mg=="}},{"searchFilterRenderer":{"label":{"simpleText":"HDR"},"navigationEndpoint":{"clickTrackingParams":"CBgQk3UYCCITCJjSyKL2pJQDFTV4KgkdCwE0msoBBEwf9WM=","commandMetadata":{"webCommandMetadata":{"url":"/results?search_query=tera&sp=EgPIAQE%253D","webPageType":"WEB_PAGE_TYPE_SEARCH","rootVe":4724}},"searchEndpoint":{"query":"tera","params":"EgPIAQE%3D"}},"tooltip":"Search for HDR","trackingParams":"CBgQk3UYCCITCJjSyKL2pJQDFTV4KgkdCwE0mg=="}},{"searchFilterRenderer":{"label":{"simpleText":"Location"},"navigationEndpoint":{"clickTrackingParams":"CBcQk3UYCSITCJjSyKL2pJQDFTV4KgkdCwE0msoBBEwf9WM=","commandMetadata":{"webCommandMetadata":{"url":"/results?search_query=tera&sp=EgO4AQE%253D","webPageType":"WEB_PAGE_TYPE_SEARCH","rootVe":4724}},"searchEndpoint":{"query":"tera","params":"EgO4AQE%3D"}},"tooltip":"Search for Location","trackingParams":"CBcQk3UYCSITCJjSyKL2pJQDFTV4KgkdCwE0mg=="}},{"searchFilterRenderer":{"label":{"simpleText":"Purchased"},"navigationEndpoint":{"clickTrackingParams":"CBYQk3UYCiITCJjSyKL2pJQDFTV4KgkdCwE0msoBBEwf9WM=","commandMetadata":{"webCommandMetadata":{"url":"/results?search_query=tera&sp=EgJIAQ%253D%253D","webPageType":"WEB_PAGE_TYPE_SEARCH","rootVe":4724}},"searchEndpoint":{"query":"tera","params":"EgJIAQ%3D%3D"}},"tooltip":"Search for Purchased","trackingParams":"CBYQk3UYCiITCJjSyKL2pJQDFTV4KgkdCwE0mg=="}}],"trackingParams":"CBUQknUYAy
1778079489.323 10430   567   567 I Choreographer: Skipped 33 frames!  The application may be doing too much work on its main thread.
1778079491.197 10430   567   567 D ShuffleDebug: showAndPlaySong (single song overload) called for 'Tera Mera Rishta Purana (HD) Video Song | Awarapan Movie Song | Emraan Hashmi Songs | Mustafa Zahid'
1778079491.202 10430   567   567 D TransitionDebug: Timeline changed (reason=0). Cancelling pending transition.
1778079491.209 10430   567   567 D MusicService_PixelTune: Skipping media button preference update on API 31+ while inactive: playWhenReady=false, state=1
1778079491.209 10430   567   567 D TransitionDebug: onMediaItemTransition: 0J0HZrDvbjY (reason=3)
1778079491.212 10430   567   567 D MusicService_PixelTune: Skipping media button preference update on API 31+ while inactive: playWhenReady=false, state=1
1778079491.213 10430   567   567 W MusicService_PixelTune: onAvailableCommandsChanged. Can Seek Command? false. IsSeekable? false. Duration: -9223372036854775807
1778079491.217 10430   567   567 D MusicService_PixelTune: Playback state changed: 2
1778079491.217 10430   567   567 D MusicService_PixelTune: Skipping media button preference update on API 31+ while inactive: playWhenReady=false, state=2
1778079491.239 10430   567   619 I OkHttp  : --> POST https://www.youtube.com/youtubei/v1/player?prettyPrint=false&$fields=microformat,playabilityStatus,storyboards,videoDetails
1778079491.239 10430   567   619 I OkHttp  : Content-Type: application/json
1778079491.239 10430   567   619 I OkHttp  : Content-Length: 402
1778079491.239 10430   567   619 I OkHttp  : Origin: https://www.youtube.com
1778079491.239 10430   567   619 I OkHttp  : Referer: https://www.youtube.com
1778079491.239 10430   567   619 I OkHttp  : Cookie: SOCS=CAE=
1778079491.239 10430   567   619 I OkHttp  : X-YouTube-Client-Version: 2.20260505.01.00
1778079491.239 10430   567   619 I OkHttp  : X-YouTube-Client-Name: 1
1778079491.239 10430   567   619 I OkHttp  : Accept-Language: en-GB, en;q=0.9
1778079491.239 10430   567   619 I OkHttp  : User-Agent: PixelTune/1.0 (Android; Music Player)
1778079491.240 10430   567   619 I OkHttp  : {"contentCheckOk":true,"context":{"request":{"internalExperimentFlags":[],"useSsl":true},"client":{"utcOffsetMinutes":0,"hl":"en-GB","gl":"GB","clientName":"WEB","originalUrl":"https://www.youtube.com","clientVersion":"2.20260505.01.00","platform":"DESKTOP","visitorData":"Cgs3OTFXQ1ZGb0dfVSiv6-nPBjIKCgJHQhIEEgAgPA%3D%3D"},"user":{"lockedSafetyMode":false}},"racyCheckOk":true,"videoId":"0J0HZrDvbjY"}
1778079491.240 10430   567   619 I OkHttp  : --> END POST (402-byte body)
1778079491.247 10430   567   988 D LyricsRepository: ===== FETCH LYRICS START: Vishesh Films - Tera Mera Rishta Purana (HD) Video Song | Awarapan Movie Song | Emraan Hashmi Songs | Mustafa Zahid (forceRefresh=false, source=EMBEDDED_FIRST) =====
1778079491.247 10430   567   988 D LyricsRepository: ===== NO IN-MEMORY CACHE HIT, proceeding to fetch =====
1778079491.249 10430   567   988 W LyricsRepository: Error fetching from source 1: For input string: "0J0HZrDvbjY"
1778079491.276 10430   567  1485 I OkHttp  : --> GET https://lrclib.net/api/search?q=Vishesh%20Films%20Tera%20Mera%20Rishta%20Purana%20%20Video%20Song%20%7C%20Awarapan%20Movie%20Song%20%7C%20Emraan%20Hashmi%20Songs%20%7C%20Mustafa%20Zahid
1778079491.276 10430   567  1485 I OkHttp  : User-Agent: PixelTune/1.0 (Android; Music Player)
1778079491.276 10430   567  1485 I OkHttp  : Accept: application/json
1778079491.276 10430   567  1485 I OkHttp  : --> END GET
1778079491.276 10430   567  1487 I OkHttp  : --> GET https://lrclib.net/api/search?track_name=Tera%20Mera%20Rishta%20Purana%20%20Video%20Song%20%7C%20Awarapan%20Movie%20Song%20%7C%20Emraan%20Hashmi%20Songs%20%7C%20Mustafa%20Zahid&artist_name=Vishesh%20Films
1778079491.277 10430   567  1487 I OkHttp  : User-Agent: PixelTune/1.0 (Android; Music Player)
1778079491.277 10430   567  1487 I OkHttp  : Accept: application/json
1778079491.277 10430   567  1487 I OkHttp  : --> END GET
1778079491.278 10430   567   669 D YouTubeRepository$getAudioStreamUrl: Extracting YouTube streams for: https://www.youtube.com/watch?v=0J0HZrDvbjY
1778079491.282 10430   567   669 I OkHttp  : --> POST https://www.youtube.com/youtubei/v1/player?prettyPrint=false&$fields=microformat,playabilityStatus,storyboards,videoDetails
1778079491.282 10430   567   669 I OkHttp  : Content-Type: application/json
1778079491.282 10430   567   669 I OkHttp  : Content-Length: 402
1778079491.282 10430   567   669 I OkHttp  : Origin: https://www.youtube.com
1778079491.282 10430   567   669 I OkHttp  : Referer: https://www.youtube.com
1778079491.282 10430   567   669 I OkHttp  : Cookie: SOCS=CAE=
1778079491.282 10430   567   669 I OkHttp  : X-YouTube-Client-Version: 2.20260505.01.00
1778079491.282 10430   567   669 I OkHttp  : X-YouTube-Client-Name: 1
1778079491.282 10430   567   669 I OkHttp  : Accept-Language: en-GB, en;q=0.9
1778079491.282 10430   567   669 I OkHttp  : User-Agent: PixelTune/1.0 (Android; Music Player)
1778079491.283 10430   567   669 I OkHttp  : {"contentCheckOk":true,"context":{"request":{"internalExperimentFlags":[],"useSsl":true},"client":{"utcOffsetMinutes":0,"hl":"en-GB","gl":"GB","clientName":"WEB","originalUrl":"https://www.youtube.com","clientVersion":"2.20260505.01.00","platform":"DESKTOP","visitorData":"CgtIbE5FQXh2ZGx3UyiQ8-TPBjIKCgJHQhIEEgAgHg%3D%3D"},"user":{"lockedSafetyMode":false}},"racyCheckOk":true,"videoId":"0J0HZrDvbjY"}
1778079491.283 10430   567   669 I OkHttp  : --> END POST (402-byte body)
1778079491.332 10430   567   567 D PlaylistVM: Loading songs for selection. Page: 1, PageSize: 100
1778079491.472 10430   567   619 I OkHttp  : <-- 200 https://www.youtube.com/youtubei/v1/player?prettyPrint=false&$fields=microformat,playabilityStatus,storyboards,videoDetails (231ms)
1778079491.472 10430   567   619 I OkHttp  : content-type: application/json; charset=UTF-8
1778079491.472 10430   567   619 I OkHttp  : vary: Origin
1778079491.473 10430   567   619 I OkHttp  : vary: X-Origin
1778079491.473 10430   567   619 I OkHttp  : vary: Referer
1778079491.473 10430   567   619 I OkHttp  : date: Wed, 06 May 2026 14:58:12 GMT
1778079491.473 10430   567   619 I OkHttp  : server: scaffolding on HTTPServer2
1778079491.473 10430   567   619 I OkHttp  : x-xss-protection: 0
1778079491.473 10430   567   619 I OkHttp  : x-frame-options: SAMEORIGIN
1778079491.473 10430   567   619 I OkHttp  : x-content-type-options: nosniff
1778079491.473 10430   567   619 I OkHttp  : alt-svc: h3=":443"; ma=2592000,h3-29=":443"; ma=2592000
1778079491.477 10430   567   619 I OkHttp  : {"playabilityStatus":{"status":"UNPLAYABLE","reason":"Video unavailable","errorScreen":{"playerErrorMessageRenderer":{"subreason":{"simpleText":"The page needs to be reloaded."},"reason":{"runs":[{"text":"The page needs to be reloaded."}]},"proceedButton":{"buttonRenderer":{"style":"STYLE_PRIMARY","size":"SIZE_DEFAULT","isDisabled":false,"text":{"runs":[{"text":"Reload"}]},"trackingParams":"CAEQ8FsiEwj16Jek9qSUAxVJ0qACHRuRIdM=","command":{"clickTrackingParams":"CAEQ8FsiEwj16Jek9qSUAxVJ0qACHRuRIdPKAQSj3TwW","signalAction":{"signal":"RELOAD_PAGE"}}}},"thumbnail":{"thumbnails":[{"url":"//s.ytimg.com/yts/img/meh7-vflGevej7.png","width":140,"height":100}]},"icon":{"iconType":"ERROR_OUTLINE"}}},"skip":{"playabilityErrorSkipConfig":{"skipOnPlayabilityError":false}},"contextParams":"Q0FFU0FnZ0I="},"videoDetails":{"videoId":"0J0HZrDvbjY","title":"Tera Mera Rishta Purana (HD) Video Song | Awarapan Movie Song | Emraan Hashmi Songs | Mustafa Zahid","lengthSeconds":"351","keywords":["awarapan movie","awarapan","awarapan movie songs","awarapan movie jukebox","bollywood hindi songs","latest hindi songs","emraan hashmi songs","shriya saran movies","emraan hashmi movies","emraan hashmi romantic scenes","mahesh bhatt movies","lyrical songs","awarapan movie scenes","awarapan movie all songs","toh phir aao full song","emraan hashmi shriya saran songs","tera mera rishta purana","tera mera rishta song","tera mera rishta lyrical video","tera mera rishta emraan hashmi song","hindi song"],"channelId":"UCA6q5E9yd7cSgl8m0TrxOmQ","isOwnerViewing":false,"shortDescription":"Presenting \"Tera Mera Rishta Purana\" Full video song in the voice of Mustafa Zahid from Hindi movie \"Awarapan\" (2007) Starring Emraan Hashmi & Shriya Saran. Writer Sayeed Quadri, Produced by Mukesh Bhatt and Directed by Mohit Suri.\n\nSong : Tera Mera Rishta Purana Full Song\nSinger : Mustafa Zahid \nMusic Director: Pritam Chakraborty\nLyrics : Sayeed Quadri \nMovie : Awarapan (2007)\nStarcast : Emraan Hashmi,  Shriya Saran, Mrinalini Sharma and Ashutosh Rana\nReleasing Date : 6th July, 2007\n\nLyrics : \nTera yakin kyon maine kiya\nNahi tujhse raah kyon juda\nMujh pe yeh zindagi karti\nRahi sitam tune hi di hai panah\nTera mera rishta puraana\nTera mera rishta puraana\nTera mera rishta puraana\n\n\nHai kya tadap hai hai yeh kaisi saza\nTu kyun mujhe aaj yaad aa gaya\nBechain din mere bechain raat hai\nKya main karu kuchh bata\nYeh mere paanv hi khud meri bediyaan\nUss se tu mujhe chhooda\nTera mera rishta purana\nTera mera rishta purana\nTera mera rishta purana\nTera mera rishta purana\n\n\nKya mujh mein hai\nShaks woh keh raha\nAa aab main du karz tera chuka\nAankhen hai nam meri\nSaasein chubhan meri\nZakham huwa pir haara\nDil ke viraane mein\nMere phasane mein\nTu hi toh har dum raha\nTera mera rishta purana\nTera mera rishta purana\nTera mera rishta purana\nTera mera rishta purana\nOh tera mera rishta purana\nOh tera mera rishta purana.\n\n#AwarapanMovie #TeraMeraRishtaSong #MustafaZahidSongs #VisheshFilms\n\nTop Videos Must Watch :\nJalebi Movie Trailer : hhttps://youtu.be/exF94JTVy8k\nBegum Jaan Trailer : https://youtu.be/rhmT2nfc6ko\nSadak 2 Trailer : https://youtu.be/Ltvt4p_1xSU\n\nSubscribe to Vishesh Films Youtube Channel to watch more upcoming videos everyday.\nhttps://youtube.com/c/VisheshFilmsOfficial?sub_confirmation=1\n\nStay connected with us on:\nhttps://www.facebook.com/VisheshFilms/\nhttps://www.twitter.com/VisheshFilms/\nhttps://www.instagram.com/VisheshFilms/","isCrawlable":true,"thumbnail":{"thumbnails":[{"url":"https://i.ytimg.com/vi/0J0HZrDvbjY/hqdefault.jpg?sqp=-oaymwEiCKgBEF5IWvKriqkDFQgBFQAAAAAYASUAAMhCPQCAokN4AQ==&rs=AOn4CLBZ9HaSY3j2dVohc_kd1Ep9286SxA","width":168,"height":94},{"url":"https://i.ytimg.com/vi/0J0HZrDvbjY/hqdefault.jpg?sqp=-oaymwEiCMQBEG5IWvKriqkDFQgBFQAAAAAYASUAAMhCPQCAokN4AQ==&rs=AOn4CLB5zDEo4jn45umf0Kmnr88SRqrUXA","width":196,"height":110},{"url":"https://i.ytimg.com/vi/0J0HZrDvbjY/hqdefault.jpg?sqp=-oaymwEjCPYBEIoBSFryq4qpAxUIARUAAAAAGAElAADIQj0AgKJDeAE=&rs=AOn4C
1778079491.477 10430   567   619 I OkHttp  : LBtrRll7CJsjMtHRFtsh71GGYWbpQ","width":246,"height":138},{"url":"https://i.ytimg.com/vi/0J0HZrDvbjY/hqdefault.jpg?sqp=-oaymwEjCNACELwBSFryq4qpAxUIARUAAAAAGAElAADIQj0AgKJDeAE=&rs=AOn4CLDlVqpRaFUgXxrfaGGmRbtuhXSMAw","width":336,"height":188},{"url":"https://i.ytimg.com/vi/0J0HZrDvbjY/maxresdefault.jpg?v=67d16214","width":1920,"height":1080}]},"allowRatings":true,"viewCount":"190309649","author":"Vishesh Films","isLowLatencyLiveStream":false,"isPrivate":false,"isUnpluggedCorpus":false,"latencyClass":"MDE_STREAM_OPTIMIZATIONS_RENDERER_LATENCY_NORMAL","isLiveContent":false,"isTvfilmVideo":false},"microformat":{"playerMicroformatRenderer":{"thumbnail":{"thumbnails":[{"url":"https://i.ytimg.com/vi/0J0HZrDvbjY/maxresdefault.jpg","width":1280,"height":720}]},"embed":{"iframeUrl":"https://www.youtube.com/embed/0J0HZrDvbjY","width":1280,"height":720},"title":{"simpleText":"Tera Mera Rishta Purana (HD) Video Song | Awarapan Movie Song | Emraan Hashmi Songs | Mustafa Zahid"},"description":{"simpleText":"Presenting \"Tera Mera Rishta Purana\" Full video song in the voice of Mustafa Zahid from Hindi movie \"Awarapan\" (2007) Starring Emraan Hashmi & Shriya Saran. Writer Sayeed Quadri, Produced by Mukesh Bhatt and Directed by Mohit Suri.\n\nSong : Tera Mera Rishta Purana Full Song\nSinger : Mustafa Zahid \nMusic Director: Pritam Chakraborty\nLyrics : Sayeed Quadri \nMovie : Awarapan (2007)\nStarcast : Emraan Hashmi,  Shriya Saran, Mrinalini Sharma and Ashutosh Rana\nReleasing Date : 6th July, 2007\n\nLyrics : \nTera yakin kyon maine kiya\nNahi tujhse raah kyon juda\nMujh pe yeh zindagi karti\nRahi sitam tune hi di hai panah\nTera mera rishta puraana\nTera mera rishta puraana\nTera mera rishta puraana\n\n\nHai kya tadap hai hai yeh kaisi saza\nTu kyun mujhe aaj yaad aa gaya\nBechain din mere bechain raat hai\nKya main karu kuchh bata\nYeh mere paanv hi khud meri bediyaan\nUss se tu mujhe chhooda\nTera mera rishta purana\nTera mera rishta purana\nTera mera rishta purana\nTera mera rishta purana\n\n\nKya mujh mein hai\nShaks woh keh raha\nAa aab main du karz tera chuka\nAankhen hai nam meri\nSaasein chubhan meri\nZakham huwa pir haara\nDil ke viraane mein\nMere phasane mein\nTu hi toh har dum raha\nTera mera rishta purana\nTera mera rishta purana\nTera mera rishta purana\nTera mera rishta purana\nOh tera mera rishta purana\nOh tera mera rishta purana.\n\n#AwarapanMovie #TeraMeraRishtaSong #MustafaZahidSongs #VisheshFilms\n\nTop Videos Must Watch :\nJalebi Movie Trailer : hhttps://youtu.be/exF94JTVy8k\nBegum Jaan Trailer : https://youtu.be/rhmT2nfc6ko\nSadak 2 Trailer : https://youtu.be/Ltvt4p_1xSU\n\nSubscribe to Vishesh Films Youtube Channel to watch more upcoming videos everyday.\nhttps://youtube.com/c/VisheshFilmsOfficial?sub_confirmation=1\n\nStay connected with us on:\nhttps://www.facebook.com/VisheshFilms/\nhttps://www.twitter.com/VisheshFilms/\nhttps://www.instagram.com/VisheshFilms/"},"lengthSeconds":"352","ownerProfileUrl":"http://www.youtube.com/@VisheshFilmsOfficial","externalChannelId":"UCA6q5E9yd7cSgl8m0TrxOmQ","isFamilySafe":true,"availableCountries":["AD","AE","AF","AG","AI","AL","AM","AO","AQ","AR","AS","AT","AU","AW","AX","AZ","BA","BB","BD","BE","BF","BG","BH","BI","BJ","BL","BM","BN","BO","BQ","BR","BS","BT","BV","BW","BZ","CA","CC","CD","CF","CG","CH","CI","CK","CL","CM","CN","CO","CR","CU","CV","CW","CX","CY","CZ","DE","DJ","DK","DM","DO","DZ","EC","EE","EG","EH","ER","ES","ET","FI","FJ","FK","FM","FO","FR","GA","GB","GD","GE","GF","GG","GH","GI","GL","GM","GN","GP","GQ","GR","GS","GT","GU","GW","GY","HK","HM","HN","HR","HT","HU","ID","IE","IL","IM","IN","IO","IQ","IR","IS","IT","JE","JM","JO","JP","KE","KG","KH","KI","KM","KN","KP","KR","KW","KY","KZ","LA","LB","LC","LI","LK","LR","LS","LT","LU","LV","LY","MA","MC","MD","ME","MF","MG","MH","MK","ML","MM","MN","MO","MP","MQ","MR","MS","MT","MU","MV","MW","MX","MY","MZ","NA","NC","NE","NF","NG","NI","NL","NO","NP","NR","NU","NZ","OM","PA","PE","PF","PG","PH","PK","PL","PM","PN","PR","PS","PT","PW","PY",
1778079491.477 10430   567   619 I OkHttp  : "QA","RE","RO","RS","RW","SA","SB","SC","SD","SE","SG","SH","SI","SJ","SK","SL","SM","SN","SO","SR","SS","ST","SV","SX","SY","SZ","TC","TD","TF","TG","TH","TJ","TK","TL","TM","TN","TO","TR","TT","TV","TW","TZ","UA","UG","UM","US","UY","UZ","VA","VC","VE","VG","VI","VN","VU","WF","WS","YE","YT","ZA","ZM","ZW"],"isUnlisted":false,"hasYpcMetadata":false,"viewCount":"190309649","category":"Entertainment","publishDate":"2022-03-22T05:00:12-07:00","ownerChannelName":"Vishesh Films","liveBroadcastDetails":{"isLiveNow":false,"startTimestamp":"2022-03-22T12:00:12+00:00","endTimestamp":"2022-03-22T12:07:57+00:00"},"uploadDate":"2022-03-22T05:00:12-07:00","isShortsEligible":false,"externalVideoId":"0J0HZrDvbjY","likeCount":"1047106","canonicalUrl":"https://www.youtube.com/watch?v=0J0HZrDvbjY"}}}
1778079491.477 10430   567   619 I OkHttp  : <-- END HTTP (234ms, 8851-byte body)
1778079491.486 10430   567   619 E YouTubeRepository$getAutoplayRecommendation: Error getting autoplay recommendation
1778079491.486 10430   567   619 E YouTubeRepository$getAutoplayRecommendation: org.schabi.newpipe.extractor.exceptions.ContentNotAvailableException: The page needs to be reloaded.
1778079491.486 10430   567   619 E YouTubeRepository$getAutoplayRecommendation: 	at org.schabi.newpipe.extractor.services.youtube.extractors.YoutubeStreamExtractor.checkPlayabilityStatus(YoutubeStreamExtractor.java:900)
1778079491.486 10430   567   619 E YouTubeRepository$getAutoplayRecommendation: 	at org.schabi.newpipe.extractor.services.youtube.extractors.YoutubeStreamExtractor.onFetchPage(YoutubeStreamExtractor.java:827)
1778079491.486 10430   567   619 E YouTubeRepository$getAutoplayRecommendation: 	at org.schabi.newpipe.extractor.Extractor.fetchPage(Extractor.java:60)
1778079491.486 10430   567   619 E YouTubeRepository$getAutoplayRecommendation: 	at com.theveloper.pixeltune.data.youtube.YouTubeRepository$getAutoplayRecommendation$2.invokeSuspend(YouTubeRepository.kt:204)
1778079491.486 10430   567   619 E YouTubeRepository$getAutoplayRecommendation: 	at com.theveloper.pixeltune.data.youtube.YouTubeRepository$getAutoplayRecommendation$2.invoke(Unknown Source:8)
1778079491.486 10430   567   619 E YouTubeRepository$getAutoplayRecommendation: 	at com.theveloper.pixeltune.data.youtube.YouTubeRepository$getAutoplayRecommendation$2.invoke(Unknown Source:4)
1778079491.486 10430   567   619 E YouTubeRepository$getAutoplayRecommendation: 	at kotlinx.coroutines.intrinsics.UndispatchedKt.startUndispatchedOrReturn(Undispatched.kt:42)
1778079491.486 10430   567   619 E YouTubeRepository$getAutoplayRecommendation: 	at kotlinx.coroutines.BuildersKt__Builders_commonKt.withContext(Builders.common.kt:164)
1778079491.486 10430   567   619 E YouTubeRepository$getAutoplayRecommendation: 	at kotlinx.coroutines.BuildersKt.withContext(Unknown Source:1)
1778079491.486 10430   567   619 E YouTubeRepository$getAutoplayRecommendation: 	at com.theveloper.pixeltune.data.youtube.YouTubeRepository.getAutoplayRecommendation-BWLJW6A(YouTubeRepository.kt:199)
1778079491.486 10430   567   619 E YouTubeRepository$getAutoplayRecommendation: 	at com.theveloper.pixeltune.data.service.MusicService$playerListener$1$onMediaItemTransition$1.invokeSuspend(MusicService.kt:902)
1778079491.486 10430   567   619 E YouTubeRepository$getAutoplayRecommendation: 	at kotlin.coroutines.jvm.internal.BaseContinuationImpl.resumeWith(ContinuationImpl.kt:34)
1778079491.486 10430   567   619 E YouTubeRepository$getAutoplayRecommendation: 	at kotlinx.coroutines.DispatchedTask.run(DispatchedTask.kt:99)
1778079491.486 10430   567   619 E YouTubeRepository$getAutoplayRecommendation: 	at kotlinx.coroutines.internal.LimitedDispatcher$Worker.run(LimitedDispatcher.kt:113)
1778079491.486 10430   567   619 E YouTubeRepository$getAutoplayRecommendation: 	at kotlinx.coroutines.scheduling.TaskImpl.run(Tasks.kt:89)
1778079491.486 10430   567   619 E YouTubeRepository$getAutoplayRecommendation: 	at kotlinx.coroutines.scheduling.CoroutineScheduler.runSafely(CoroutineScheduler.kt:589)
1778079491.486 10430   567   619 E YouTubeRepository$getAutoplayRecommendation: 	at kotlinx.coroutines.scheduling.CoroutineScheduler$Worker.executeTask(CoroutineScheduler.kt:823)
1778079491.486 10430   567   619 E YouTubeRepository$getAutoplayRecommendation: 	at kotlinx.coroutines.scheduling.CoroutineScheduler$Worker.runWorker(CoroutineScheduler.kt:720)
1778079491.486 10430   567   619 E YouTubeRepository$getAutoplayRecommendation: 	at kotlinx.coroutines.scheduling.CoroutineScheduler$Worker.run(CoroutineScheduler.kt:707)
1778079491.520 10430   567   669 I OkHttp  : <-- 200 https://www.youtube.com/youtubei/v1/player?prettyPrint=false&$fields=microformat,playabilityStatus,storyboards,videoDetails (237ms)
1778079491.521 10430   567   669 I OkHttp  : content-type: application/json; charset=UTF-8
1778079491.521 10430   567   669 I OkHttp  : vary: Origin
1778079491.521 10430   567   669 I OkHttp  : vary: X-Origin
1778079491.521 10430   567   669 I OkHttp  : vary: Referer
1778079491.521 10430   567   669 I OkHttp  : date: Wed, 06 May 2026 14:58:12 GMT
1778079491.521 10430   567   669 I OkHttp  : server: scaffolding on HTTPServer2
1778079491.521 10430   567   669 I OkHttp  : x-xss-protection: 0
1778079491.522 10430   567   669 I OkHttp  : x-frame-options: SAMEORIGIN
1778079491.522 10430   567   669 I OkHttp  : x-content-type-options: nosniff
1778079491.522 10430   567   669 I OkHttp  : alt-svc: h3=":443"; ma=2592000,h3-29=":443"; ma=2592000
1778079491.526 10430   567   669 I OkHttp  : {"playabilityStatus":{"status":"UNPLAYABLE","reason":"Video unavailable","errorScreen":{"playerErrorMessageRenderer":{"subreason":{"simpleText":"The page needs to be reloaded."},"reason":{"runs":[{"text":"The page needs to be reloaded."}]},"proceedButton":{"buttonRenderer":{"style":"STYLE_PRIMARY","size":"SIZE_DEFAULT","isDisabled":false,"text":{"runs":[{"text":"Reload"}]},"trackingParams":"CAEQ8FsiEwiK_p2k9qSUAxVe5VUJHQoECLo=","command":{"clickTrackingParams":"CAEQ8FsiEwiK_p2k9qSUAxVe5VUJHQoECLrKAQQ06sGa","signalAction":{"signal":"RELOAD_PAGE"}}}},"thumbnail":{"thumbnails":[{"url":"//s.ytimg.com/yts/img/meh7-vflGevej7.png","width":140,"height":100}]},"icon":{"iconType":"ERROR_OUTLINE"}}},"skip":{"playabilityErrorSkipConfig":{"skipOnPlayabilityError":false}},"contextParams":"Q0FFU0FnZ0I="},"videoDetails":{"videoId":"0J0HZrDvbjY","title":"Tera Mera Rishta Purana (HD) Video Song | Awarapan Movie Song | Emraan Hashmi Songs | Mustafa Zahid","lengthSeconds":"351","keywords":["awarapan movie","awarapan","awarapan movie songs","awarapan movie jukebox","bollywood hindi songs","latest hindi songs","emraan hashmi songs","shriya saran movies","emraan hashmi movies","emraan hashmi romantic scenes","mahesh bhatt movies","lyrical songs","awarapan movie scenes","awarapan movie all songs","toh phir aao full song","emraan hashmi shriya saran songs","tera mera rishta purana","tera mera rishta song","tera mera rishta lyrical video","tera mera rishta emraan hashmi song","hindi song"],"channelId":"UCA6q5E9yd7cSgl8m0TrxOmQ","isOwnerViewing":false,"shortDescription":"Presenting \"Tera Mera Rishta Purana\" Full video song in the voice of Mustafa Zahid from Hindi movie \"Awarapan\" (2007) Starring Emraan Hashmi & Shriya Saran. Writer Sayeed Quadri, Produced by Mukesh Bhatt and Directed by Mohit Suri.\n\nSong : Tera Mera Rishta Purana Full Song\nSinger : Mustafa Zahid \nMusic Director: Pritam Chakraborty\nLyrics : Sayeed Quadri \nMovie : Awarapan (2007)\nStarcast : Emraan Hashmi,  Shriya Saran, Mrinalini Sharma and Ashutosh Rana\nReleasing Date : 6th July, 2007\n\nLyrics : \nTera yakin kyon maine kiya\nNahi tujhse raah kyon juda\nMujh pe yeh zindagi karti\nRahi sitam tune hi di hai panah\nTera mera rishta puraana\nTera mera rishta puraana\nTera mera rishta puraana\n\n\nHai kya tadap hai hai yeh kaisi saza\nTu kyun mujhe aaj yaad aa gaya\nBechain din mere bechain raat hai\nKya main karu kuchh bata\nYeh mere paanv hi khud meri bediyaan\nUss se tu mujhe chhooda\nTera mera rishta purana\nTera mera rishta purana\nTera mera rishta purana\nTera mera rishta purana\n\n\nKya mujh mein hai\nShaks woh keh raha\nAa aab main du karz tera chuka\nAankhen hai nam meri\nSaasein chubhan meri\nZakham huwa pir haara\nDil ke viraane mein\nMere phasane mein\nTu hi toh har dum raha\nTera mera rishta purana\nTera mera rishta purana\nTera mera rishta purana\nTera mera rishta purana\nOh tera mera rishta purana\nOh tera mera rishta purana.\n\n#AwarapanMovie #TeraMeraRishtaSong #MustafaZahidSongs #VisheshFilms\n\nTop Videos Must Watch :\nJalebi Movie Trailer : hhttps://youtu.be/exF94JTVy8k\nBegum Jaan Trailer : https://youtu.be/rhmT2nfc6ko\nSadak 2 Trailer : https://youtu.be/Ltvt4p_1xSU\n\nSubscribe to Vishesh Films Youtube Channel to watch more upcoming videos everyday.\nhttps://youtube.com/c/VisheshFilmsOfficial?sub_confirmation=1\n\nStay connected with us on:\nhttps://www.facebook.com/VisheshFilms/\nhttps://www.twitter.com/VisheshFilms/\nhttps://www.instagram.com/VisheshFilms/","isCrawlable":true,"thumbnail":{"thumbnails":[{"url":"https://i.ytimg.com/vi/0J0HZrDvbjY/hqdefault.jpg?sqp=-oaymwEiCKgBEF5IWvKriqkDFQgBFQAAAAAYASUAAMhCPQCAokN4AQ==&rs=AOn4CLBZ9HaSY3j2dVohc_kd1Ep9286SxA","width":168,"height":94},{"url":"https://i.ytimg.com/vi/0J0HZrDvbjY/hqdefault.jpg?sqp=-oaymwEiCMQBEG5IWvKriqkDFQgBFQAAAAAYASUAAMhCPQCAokN4AQ==&rs=AOn4CLB5zDEo4jn45umf0Kmnr88SRqrUXA","width":196,"height":110},{"url":"https://i.ytimg.com/vi/0J0HZrDvbjY/hqdefault.jpg?sqp=-oaymwEjCPYBEIoBSFryq4qpAxUIARUAAAAAGAElAADIQj0AgKJDeAE=&rs=AOn4C
1778079491.526 10430   567   669 I OkHttp  : LBtrRll7CJsjMtHRFtsh71GGYWbpQ","width":246,"height":138},{"url":"https://i.ytimg.com/vi/0J0HZrDvbjY/hqdefault.jpg?sqp=-oaymwEjCNACELwBSFryq4qpAxUIARUAAAAAGAElAADIQj0AgKJDeAE=&rs=AOn4CLDlVqpRaFUgXxrfaGGmRbtuhXSMAw","width":336,"height":188},{"url":"https://i.ytimg.com/vi/0J0HZrDvbjY/maxresdefault.jpg?v=67d16214","width":1920,"height":1080}]},"allowRatings":true,"viewCount":"190309649","author":"Vishesh Films","isLowLatencyLiveStream":false,"isPrivate":false,"isUnpluggedCorpus":false,"latencyClass":"MDE_STREAM_OPTIMIZATIONS_RENDERER_LATENCY_NORMAL","isLiveContent":false,"isTvfilmVideo":false},"microformat":{"playerMicroformatRenderer":{"thumbnail":{"thumbnails":[{"url":"https://i.ytimg.com/vi/0J0HZrDvbjY/maxresdefault.jpg","width":1280,"height":720}]},"embed":{"iframeUrl":"https://www.youtube.com/embed/0J0HZrDvbjY","width":1280,"height":720},"title":{"simpleText":"Tera Mera Rishta Purana (HD) Video Song | Awarapan Movie Song | Emraan Hashmi Songs | Mustafa Zahid"},"description":{"simpleText":"Presenting \"Tera Mera Rishta Purana\" Full video song in the voice of Mustafa Zahid from Hindi movie \"Awarapan\" (2007) Starring Emraan Hashmi & Shriya Saran. Writer Sayeed Quadri, Produced by Mukesh Bhatt and Directed by Mohit Suri.\n\nSong : Tera Mera Rishta Purana Full Song\nSinger : Mustafa Zahid \nMusic Director: Pritam Chakraborty\nLyrics : Sayeed Quadri \nMovie : Awarapan (2007)\nStarcast : Emraan Hashmi,  Shriya Saran, Mrinalini Sharma and Ashutosh Rana\nReleasing Date : 6th July, 2007\n\nLyrics : \nTera yakin kyon maine kiya\nNahi tujhse raah kyon juda\nMujh pe yeh zindagi karti\nRahi sitam tune hi di hai panah\nTera mera rishta puraana\nTera mera rishta puraana\nTera mera rishta puraana\n\n\nHai kya tadap hai hai yeh kaisi saza\nTu kyun mujhe aaj yaad aa gaya\nBechain din mere bechain raat hai\nKya main karu kuchh bata\nYeh mere paanv hi khud meri bediyaan\nUss se tu mujhe chhooda\nTera mera rishta purana\nTera mera rishta purana\nTera mera rishta purana\nTera mera rishta purana\n\n\nKya mujh mein hai\nShaks woh keh raha\nAa aab main du karz tera chuka\nAankhen hai nam meri\nSaasein chubhan meri\nZakham huwa pir haara\nDil ke viraane mein\nMere phasane mein\nTu hi toh har dum raha\nTera mera rishta purana\nTera mera rishta purana\nTera mera rishta purana\nTera mera rishta purana\nOh tera mera rishta purana\nOh tera mera rishta purana.\n\n#AwarapanMovie #TeraMeraRishtaSong #MustafaZahidSongs #VisheshFilms\n\nTop Videos Must Watch :\nJalebi Movie Trailer : hhttps://youtu.be/exF94JTVy8k\nBegum Jaan Trailer : https://youtu.be/rhmT2nfc6ko\nSadak 2 Trailer : https://youtu.be/Ltvt4p_1xSU\n\nSubscribe to Vishesh Films Youtube Channel to watch more upcoming videos everyday.\nhttps://youtube.com/c/VisheshFilmsOfficial?sub_confirmation=1\n\nStay connected with us on:\nhttps://www.facebook.com/VisheshFilms/\nhttps://www.twitter.com/VisheshFilms/\nhttps://www.instagram.com/VisheshFilms/"},"lengthSeconds":"352","ownerProfileUrl":"http://www.youtube.com/@VisheshFilmsOfficial","externalChannelId":"UCA6q5E9yd7cSgl8m0TrxOmQ","isFamilySafe":true,"availableCountries":["AD","AE","AF","AG","AI","AL","AM","AO","AQ","AR","AS","AT","AU","AW","AX","AZ","BA","BB","BD","BE","BF","BG","BH","BI","BJ","BL","BM","BN","BO","BQ","BR","BS","BT","BV","BW","BZ","CA","CC","CD","CF","CG","CH","CI","CK","CL","CM","CN","CO","CR","CU","CV","CW","CX","CY","CZ","DE","DJ","DK","DM","DO","DZ","EC","EE","EG","EH","ER","ES","ET","FI","FJ","FK","FM","FO","FR","GA","GB","GD","GE","GF","GG","GH","GI","GL","GM","GN","GP","GQ","GR","GS","GT","GU","GW","GY","HK","HM","HN","HR","HT","HU","ID","IE","IL","IM","IN","IO","IQ","IR","IS","IT","JE","JM","JO","JP","KE","KG","KH","KI","KM","KN","KP","KR","KW","KY","KZ","LA","LB","LC","LI","LK","LR","LS","LT","LU","LV","LY","MA","MC","MD","ME","MF","MG","MH","MK","ML","MM","MN","MO","MP","MQ","MR","MS","MT","MU","MV","MW","MX","MY","MZ","NA","NC","NE","NF","NG","NI","NL","NO","NP","NR","NU","NZ","OM","PA","PE","PF","PG","PH","PK","PL","PM","PN","PR","PS","PT","PW","PY",
1778079491.526 10430   567   669 I OkHttp  : "QA","RE","RO","RS","RW","SA","SB","SC","SD","SE","SG","SH","SI","SJ","SK","SL","SM","SN","SO","SR","SS","ST","SV","SX","SY","SZ","TC","TD","TF","TG","TH","TJ","TK","TL","TM","TN","TO","TR","TT","TV","TW","TZ","UA","UG","UM","US","UY","UZ","VA","VC","VE","VG","VI","VN","VU","WF","WS","YE","YT","ZA","ZM","ZW"],"isUnlisted":false,"hasYpcMetadata":false,"viewCount":"190309649","category":"Entertainment","publishDate":"2022-03-22T05:00:12-07:00","ownerChannelName":"Vishesh Films","liveBroadcastDetails":{"isLiveNow":false,"startTimestamp":"2022-03-22T12:00:12+00:00","endTimestamp":"2022-03-22T12:07:57+00:00"},"uploadDate":"2022-03-22T05:00:12-07:00","isShortsEligible":false,"externalVideoId":"0J0HZrDvbjY","likeCount":"1047106","canonicalUrl":"https://www.youtube.com/watch?v=0J0HZrDvbjY"}}}
1778079491.526 10430   567   669 I OkHttp  : <-- END HTTP (240ms, 8851-byte body)
1778079491.536 10430   567   669 E YouTubeRepository$getAudioStreamUrl: Error extracting YouTube stream for 0J0HZrDvbjY
1778079491.536 10430   567   669 E YouTubeRepository$getAudioStreamUrl: org.schabi.newpipe.extractor.exceptions.ContentNotAvailableException: The page needs to be reloaded.
1778079491.536 10430   567   669 E YouTubeRepository$getAudioStreamUrl: 	at org.schabi.newpipe.extractor.services.youtube.extractors.YoutubeStreamExtractor.checkPlayabilityStatus(YoutubeStreamExtractor.java:900)
1778079491.536 10430   567   669 E YouTubeRepository$getAudioStreamUrl: 	at org.schabi.newpipe.extractor.services.youtube.extractors.YoutubeStreamExtractor.onFetchPage(YoutubeStreamExtractor.java:827)
1778079491.536 10430   567   669 E YouTubeRepository$getAudioStreamUrl: 	at org.schabi.newpipe.extractor.Extractor.fetchPage(Extractor.java:60)
1778079491.536 10430   567   669 E YouTubeRepository$getAudioStreamUrl: 	at com.theveloper.pixeltune.data.youtube.YouTubeRepository$getAudioStreamUrl$2.invokeSuspend(YouTubeRepository.kt:38)
1778079491.536 10430   567   669 E YouTubeRepository$getAudioStreamUrl: 	at com.theveloper.pixeltune.data.youtube.YouTubeRepository$getAudioStreamUrl$2.invoke(Unknown Source:8)
1778079491.536 10430   567   669 E YouTubeRepository$getAudioStreamUrl: 	at com.theveloper.pixeltune.data.youtube.YouTubeRepository$getAudioStreamUrl$2.invoke(Unknown Source:4)
1778079491.536 10430   567   669 E YouTubeRepository$getAudioStreamUrl: 	at kotlinx.coroutines.intrinsics.UndispatchedKt.startUndispatchedOrReturn(Undispatched.kt:42)
1778079491.536 10430   567   669 E YouTubeRepository$getAudioStreamUrl: 	at kotlinx.coroutines.BuildersKt__Builders_commonKt.withContext(Builders.common.kt:164)
1778079491.536 10430   567   669 E YouTubeRepository$getAudioStreamUrl: 	at kotlinx.coroutines.BuildersKt.withContext(Unknown Source:1)
1778079491.536 10430   567   669 E YouTubeRepository$getAudioStreamUrl: 	at com.theveloper.pixeltune.data.youtube.YouTubeRepository.getAudioStreamUrl-0E7RQCE(YouTubeRepository.kt:29)
1778079491.536 10430   567   669 E YouTubeRepository$getAudioStreamUrl: 	at com.theveloper.pixeltune.data.youtube.YouTubeStreamProxy.getOrFetchStreamUrl(YouTubeStreamProxy.kt:268)
1778079491.536 10430   567   669 E YouTubeRepository$getAudioStreamUrl: 	at com.theveloper.pixeltune.data.youtube.YouTubeStreamProxy.access$getOrFetchStreamUrl(YouTubeStreamProxy.kt:34)
1778079491.536 10430   567   669 E YouTubeRepository$getAudioStreamUrl: 	at com.theveloper.pixeltune.data.youtube.YouTubeStreamProxy$createServer$1$1$1.invokeSuspend(YouTubeStreamProxy.kt:155)
1778079491.536 10430   567   669 E YouTubeRepository$getAudioStreamUrl: 	at com.theveloper.pixeltune.data.youtube.YouTubeStreamProxy$createServer$1$1$1.invoke(Unknown Source:11)
1778079491.536 10430   567   669 E YouTubeRepository$getAudioStreamUrl: 	at com.theveloper.pixeltune.data.youtube.YouTubeStreamProxy$createServer$1$1$1.invoke(Unknown Source:6)
1778079491.536 10430   567   669 E YouTubeRepository$getAudioStreamUrl: 	at io.ktor.server.routing.Route$buildPipeline$1$1.invokeSuspend(Route.kt:116)
1778079491.537 10430   567   669 E YouTubeRepository$getAudioStreamUrl: 	at io.ktor.server.routing.Route$buildPipeline$1$1.invoke(Unknown Source:13)
1778079491.537 10430   567   669 E YouTubeRepository$getAudioStreamUrl: 	at io.ktor.server.routing.Route$buildPipeline$1$1.invoke(Unknown Source:6)
1778079491.537 10430   567   669 E YouTubeRepository$getAudioStreamUrl: 	at io.ktor.util.pipeline.SuspendFunctionGun.loop(SuspendFunctionGun.kt:131)
1778079491.537 10430   567   669 E YouTubeRepository$getAudioStreamUrl: 	at io.ktor.util.pipeline.SuspendFunctionGun.proceed(SuspendFunctionGun.kt:89)
1778079491.537 10430   567   669 E YouTubeRepository$getAudioStreamUrl: 	at io.ktor.util.pipeline.SuspendFunctionGun.execute$ktor_utils(SuspendFunctionGun.kt:109)
1778079491.537 10430   567   669 E YouTubeRepository$getAudioStreamUrl: 	at io.ktor.util.pipeline.Pipeline.execute(Pipeline.kt:77)
1778079491.537 10430   567   669 E YouTubeRepository$getAudioStreamUrl: 	at io.ktor.server.routing.Routing$executeResult$$inlined$execute$1.invokeSuspend(Pipeline.kt:478)
1778079491.537 10430   567   669 E YouTubeRepository$getAudioStreamUrl: 	at io.ktor.server.routing.Routing$executeResult$$inlined$execute$1.invoke(Unknown Source:8)
1778079491.537 10430   567   669 E YouTubeRepository$getAudioStreamUrl: 	at io.ktor.server.routing.Routing$executeResult$$inlined$execute$1.invoke(Unknown Source:2)
1778079491.537 10430   567   669 E YouTubeRepository$getAudioStreamUrl: 	at io.ktor.util.debug.ContextUtilsKt.initContextInDebugMode(ContextUtils.kt:17)
1778079491.537 10430   567   669 E YouTubeRepository$getAudioStreamUrl: 	at io.ktor.server.routing.Routing.executeResult(Routing.kt:190)
1778079491.537 10430   567   669 E YouTubeRepository$getAudioStreamUrl: 	at io.ktor.server.routing.Routing.interceptor(Routing.kt:64)
1778079491.537 10430   567   669 E YouTubeRepository$getAudioStreamUrl: 	at io.ktor.server.routing.Routing$Plugin$install$1.invokeSuspend(Routing.kt:140)
1778079491.537 10430   567   669 E YouTubeRepository$getAudioStreamUrl: 	at io.ktor.server.routing.Routing$Plugin$install$1.invoke(Unknown Source:11)
1778079491.537 10430   567   669 E YouTubeRepository$getAudioStreamUrl: 	at io.ktor.server.routing.Routing$Plugin$install$1.invoke(Unknown Source:6)
1778079491.537 10430   567   669 E YouTubeRepository$getAudioStreamUrl: 	at io.ktor.util.pipeline.SuspendFunctionGun.loop(SuspendFunctionGun.kt:131)
1778079491.537 10430   567   669 E YouTubeRepository$getAudioStreamUrl: 	at io.ktor.util.pipeline.SuspendFunctionGun.proceed(SuspendFunctionGun.kt:89)
1778079491.537 10430   567   669 E YouTubeRepository$getAudioStreamUrl: 	at io.ktor.server.engine.BaseApplicationEngineKt$installDefaultTransformationChecker$1.invokeSuspend(BaseApplicationEngine.kt:124)
1778079491.537 10430   567   669 E YouTubeRepository$getAudioStreamUrl: 	at io.ktor.server.engine.BaseApplicationEngineKt$installDefaultTransformationChecker$1.invoke(Unknown Source:9)
1778079491.537 10430   567   669 E YouTubeRepository$getAudioStreamUrl: 	at io.ktor.server.engine.BaseApplicationEngineKt$installDefaultTransformationChecker$1.invoke(Unknown Source:6)
1778079491.537 10430   567   669 E YouTubeRepository$getAudioStreamUrl: 	at io.ktor.util.pipeline.SuspendFunctionGun.loop(SuspendFunctionGun.kt:131)
1778079491.537 10430   567   669 E YouTubeRepository$getAudioStreamUrl: 	at io.ktor.util.pipeline.SuspendFunctionGun.proceed(SuspendFunctionGun.kt:89)
1778079491.537 10430   567   669 E YouTubeRepository$getAudioStreamUrl: 	at io.ktor.util.pipeline.SuspendFunctionGun.execute$ktor_utils(SuspendFunctionGun.kt:109)
1778079491.538 10430   567   669 E YouTubeRepository$getAudioStreamUrl: 	at io.ktor.util.pipeline.Pipeline.execute(Pipeline.kt:77)
1778079491.538 10430   567   669 E YouTubeRepository$getAudioStreamUrl: 	at io.ktor.server.engine.DefaultEnginePipelineKt$defaultEnginePipeline$1$invokeSuspend$$inlined$execute$1.invokeSuspend(Pipeline.kt:478)
1778079491.538 10430   567   669 E YouTubeRepository$getAudioStreamUrl: 	at io.ktor.server.engine.DefaultEnginePipelineKt$defaultEnginePipeline$1$invokeSuspend$$inlined$execute$1.invoke(Unknown Source:8)
1778079491.538 10430   567   669 E YouTubeRepository$getAudioStreamUrl: 	at io.ktor.server.engine.DefaultEnginePipelineKt$defaultEnginePipeline$1$invokeSuspend$$inlined$execute$1.invoke(Unknown Source:2)
1778079491.538 10430   567   669 E YouTubeRepository$getAudioStreamUrl: 	at io.ktor.util.debug.ContextUtilsKt.initContextInDebugMode(ContextUtils.kt:17)
1778079491.538 10430   567   669 E YouTubeRepository$getAudioStreamUrl: 	at io.ktor.server.engine.DefaultEnginePipelineKt$defaultEnginePipeline$1.invokeSuspend(DefaultEnginePipeline.kt:123)
1778079491.538 10430   567   669 E YouTubeRepository$getAudioStreamUrl: 	at io.ktor.server.engine.DefaultEnginePipelineKt$defaultEnginePipeline$1.invoke(Unknown Source:9)
1778079491.538 10430   567   669 E YouTubeRepository$getAudioStreamUrl: 	at io.ktor.server.engine.DefaultEnginePipelineKt$defaultEnginePipeline$1.invoke(Unknown Source:6)
1778079491.538 10430   567   669 E YouTubeRepository$getAudioStreamUrl: 	at io.ktor.util.pipeline.SuspendFunctionGun.loop(SuspendFunctionGun.kt:131)
1778079491.538 10430   567   669 E YouTubeRepository$getAudioStreamUrl: 	at io.ktor.util.pipeline.SuspendFunctionGun.proceed(SuspendFunctionGun.kt:89)
1778079491.538 10430   567   669 E YouTubeRepository$getAudioStreamUrl: 	at io.ktor.util.pipeline.SuspendFunctionGun.execute$ktor_utils(SuspendFunctionGun.kt:109)
1778079491.538 10430   567   669 E YouTubeRepository$getAudioStreamUrl: 	at io.ktor.util.pipeline.Pipeline.execute(Pipeline.kt:77)
1778079491.538 10430   567   669 E YouTubeRepository$getAudioStreamUrl: 	at io.ktor.server.cio.CIOApplicationEngine$handleRequest$2$invokeSuspend$$inlined$execute$1.invokeSuspend(Pipeline.kt:478)
1778079491.538 10430   567   669 E YouTubeRepository$getAudioStreamUrl: 	at io.ktor.server.cio.CIOApplicationEngine$handleRequest$2$invokeSuspend$$inlined$execute$1.invoke(Unknown Source:8)
1778079491.538 10430   567   669 E YouTubeRepository$getAudioStreamUrl: 	at io.ktor.server.cio.CIOApplicationEngine$handleRequest$2$invokeSuspend$$inlined$execute$1.invoke(Unknown Source:2)
1778079491.538 10430   567   669 E YouTubeRepository$getAudioStreamUrl: 	at io.ktor.util.debug.ContextUtilsKt.initContextInDebugMode(ContextUtils.kt:17)
1778079491.539 10430   567   669 E YouTubeRepository$getAudioStreamUrl: 	at io.ktor.server.cio.CIOApplicationEngine$handleRequest$2.invokeSuspend(CIOApplicationEngine.kt:239)
1778079491.539 10430   567   669 E YouTubeRepository$getAudioStreamUrl: 	at kotlin.coroutines.jvm.internal.BaseContinuationImpl.resumeWith(ContinuationImpl.kt:34)
1778079491.539 10430   567   669 E YouTubeRepository$getAudioStreamUrl: 	at kotlinx.coroutines.DispatchedTask.run(DispatchedTask.kt:101)
1778079491.539 10430   567   669 E YouTubeRepository$getAudioStreamUrl: 	at kotlinx.coroutines.internal.LimitedDispatcher$Worker.run(LimitedDispatcher.kt:113)
1778079491.539 10430   567   669 E YouTubeRepository$getAudioStreamUrl: 	at kotlinx.coroutines.scheduling.TaskImpl.run(Tasks.kt:89)
1778079491.539 10430   567   669 E YouTubeRepository$getAudioStreamUrl: 	at kotlinx.coroutines.scheduling.CoroutineScheduler.runSafely(CoroutineScheduler.kt:589)
1778079491.539 10430   567   669 E YouTubeRepository$getAudioStreamUrl: 	at kotlinx.coroutines.scheduling.CoroutineScheduler$Worker.executeTask(CoroutineScheduler.kt:823)
1778079491.539 10430   567   669 E YouTubeRepository$getAudioStreamUrl: 	at kotlinx.coroutines.scheduling.CoroutineScheduler$Worker.runWorker(CoroutineScheduler.kt:720)
1778079491.539 10430   567   669 E YouTubeRepository$getAudioStreamUrl: 	at kotlinx.coroutines.scheduling.CoroutineScheduler$Worker.run(CoroutineScheduler.kt:707)
1778079491.693 10430   567   567 D TransitionDebug: No next track (index=1, count=1, repeatMode=0). No transition.
1778079491.709 10430   567   567 D PlaylistVM: Loaded 22 songs for selection.
1778079492.044 10430   567   577 I pixeltune.debug: Background concurrent copying GC freed 9479KB AllocSpace bytes, 20(516KB) LOS objects, 49% free, 19MB/38MB, paused 217us,148us total 197.286ms
1778079492.061 10430   567   567 I Choreographer: Skipped 36 frames!  The application may be doing too much work on its main thread.
1778079492.314 10430   567   567 I Choreographer: Skipped 30 frames!  The application may be doing too much work on its main thread.
1778079492.427 10430   567   847 D YouTubeRepository$getAudioStreamUrl: Extracting YouTube streams for: https://www.youtube.com/watch?v=0J0HZrDvbjY
1778079492.444 10430   567   847 I OkHttp  : --> POST https://www.youtube.com/youtubei/v1/player?prettyPrint=false&$fields=microformat,playabilityStatus,storyboards,videoDetails
1778079492.444 10430   567   847 I OkHttp  : Content-Type: application/json
1778079492.444 10430   567   847 I OkHttp  : Content-Length: 402
1778079492.445 10430   567   847 I OkHttp  : Origin: https://www.youtube.com
1778079492.445 10430   567   847 I OkHttp  : Referer: https://www.youtube.com
1778079492.445 10430   567   847 I OkHttp  : Cookie: SOCS=CAE=
1778079492.445 10430   567   847 I OkHttp  : X-YouTube-Client-Version: 2.20260505.01.00
1778079492.445 10430   567   847 I OkHttp  : X-YouTube-Client-Name: 1
1778079492.445 10430   567   847 I OkHttp  : Accept-Language: en-GB, en;q=0.9
1778079492.446 10430   567   847 I OkHttp  : User-Agent: PixelTune/1.0 (Android; Music Player)
1778079492.447 10430   567   847 I OkHttp  : {"contentCheckOk":true,"context":{"request":{"internalExperimentFlags":[],"useSsl":true},"client":{"utcOffsetMinutes":0,"hl":"en-GB","gl":"GB","clientName":"WEB","originalUrl":"https://www.youtube.com","clientVersion":"2.20260505.01.00","platform":"DESKTOP","visitorData":"CgtsMXRMQmZtTkpkUCjswt7PBjIKCgJHQhIEEgAgYQ%3D%3D"},"user":{"lockedSafetyMode":false}},"racyCheckOk":true,"videoId":"0J0HZrDvbjY"}
1778079492.447 10430   567   847 I OkHttp  : --> END POST (402-byte body)
1778079492.583 10430   567   841 W MusicService_PixelTune: No se encontraron widgets para actualizar
1778079492.593 10430   567   841 W WearStatePublisher: Failed to read artwork bytes from URI: https://i.ytimg.com/vi/0J0HZrDvbjY/hq720.jpg?sqp=-oaymwEjCOgCEMoBSFryq4qpAxUIARUAAAAAGAElAADIQj0AgKJDeAE=&rs=AOn4CLC8pwbbcoeyKHY2mEgVicZieDN7Og
1778079492.593 10430   567   841 W WearStatePublisher: java.io.FileNotFoundException: No content provider: https://i.ytimg.com/vi/0J0HZrDvbjY/hq720.jpg?sqp=-oaymwEjCOgCEMoBSFryq4qpAxUIARUAAAAAGAElAADIQj0AgKJDeAE=&rs=AOn4CLC8pwbbcoeyKHY2mEgVicZieDN7Og
1778079492.593 10430   567   841 W WearStatePublisher: 	at android.content.ContentResolver.openTypedAssetFileDescriptor(ContentResolver.java:2013)
1778079492.593 10430   567   841 W WearStatePublisher: 	at android.content.ContentResolver.openAssetFileDescriptor(ContentResolver.java:1842)
1778079492.593 10430   567   841 W WearStatePublisher: 	at android.content.ContentResolver.openInputStream(ContentResolver.java:1518)
1778079492.593 10430   567   841 W WearStatePublisher: 	at com.theveloper.pixeltune.data.service.wear.WearStatePublisher.readBytesFromUriCapped(WearStatePublisher.kt:144)
1778079492.593 10430   567   841 W WearStatePublisher: 	at com.theveloper.pixeltune.data.service.wear.WearStatePublisher.resolveArtworkBytesForWear(WearStatePublisher.kt:135)
1778079492.593 10430   567   841 W WearStatePublisher: 	at com.theveloper.pixeltune.data.service.wear.WearStatePublisher.publishStateInternal(WearStatePublisher.kt:119)
1778079492.593 10430   567   841 W WearStatePublisher: 	at com.theveloper.pixeltune.data.service.wear.WearStatePublisher.access$publishStateInternal(WearStatePublisher.kt:36)
1778079492.593 10430   567   841 W WearStatePublisher: 	at com.theveloper.pixeltune.data.service.wear.WearStatePublisher$publishState$1.invokeSuspend(WearStatePublisher.kt:66)
1778079492.593 10430   567   841 W WearStatePublisher: 	at kotlin.coroutines.jvm.internal.BaseContinuationImpl.resumeWith(ContinuationImpl.kt:34)
1778079492.593 10430   567   841 W WearStatePublisher: 	at kotlinx.coroutines.DispatchedTask.run(DispatchedTask.kt:101)
1778079492.593 10430   567   841 W WearStatePublisher: 	at kotlinx.coroutines.internal.LimitedDispatcher$Worker.run(LimitedDispatcher.kt:113)
1778079492.593 10430   567   841 W WearStatePublisher: 	at kotlinx.coroutines.scheduling.TaskImpl.run(Tasks.kt:89)
1778079492.593 10430   567   841 W WearStatePublisher: 	at kotlinx.coroutines.scheduling.CoroutineScheduler.runSafely(CoroutineScheduler.kt:589)
1778079492.593 10430   567   841 W WearStatePublisher: 	at kotlinx.coroutines.scheduling.CoroutineScheduler$Worker.executeTask(CoroutineScheduler.kt:823)
1778079492.593 10430   567   841 W WearStatePublisher: 	at kotlinx.coroutines.scheduling.CoroutineScheduler$Worker.runWorker(CoroutineScheduler.kt:720)
1778079492.593 10430   567   841 W WearStatePublisher: 	at kotlinx.coroutines.scheduling.CoroutineScheduler$Worker.run(CoroutineScheduler.kt:707)
1778079492.593 10430   567   841 W WearStatePublisher: Failed URI artwork fallback render: https://i.ytimg.com/vi/0J0HZrDvbjY/hq720.jpg?sqp=-oaymwEjCOgCEMoBSFryq4qpAxUIARUAAAAAGAElAADIQj0AgKJDeAE=&rs=AOn4CLC8pwbbcoeyKHY2mEgVicZieDN7Og
1778079492.593 10430   567   841 W WearStatePublisher: java.io.FileNotFoundException: No content provider: https://i.ytimg.com/vi/0J0HZrDvbjY/hq720.jpg?sqp=-oaymwEjCOgCEMoBSFryq4qpAxUIARUAAAAAGAElAADIQj0AgKJDeAE=&rs=AOn4CLC8pwbbcoeyKHY2mEgVicZieDN7Og
1778079492.593 10430   567   841 W WearStatePublisher: 	at android.content.ContentResolver.openTypedAssetFileDescriptor(ContentResolver.java:2013)
1778079492.593 10430   567   841 W WearStatePublisher: 	at android.content.ContentResolver.openAssetFileDescriptor(ContentResolver.java:1842)
1778079492.593 10430   567   841 W WearStatePublisher: 	at android.content.ContentResolver.openInputStream(ContentResolver.java:1518)
1778079492.593 10430   567   841 W WearStatePublisher: 	at com.theveloper.pixeltune.data.service.wear.WearStatePublisher.decodeBoundedBitmapFromUri(WearStatePublisher.kt:264)
1778079492.593 10430   567   841 W WearStatePublisher: 	at com.theveloper.pixeltune.data.service.wear.WearStatePublisher.renderUriArtworkForWear(WearStatePublisher.kt:177)
1778079492.593 10430   567   841 W WearStatePublisher: 	at com.theveloper.pixeltune.data.service.wear.WearStatePublisher.resolveArtworkBytesForWear(WearStatePublisher.kt:136)
1778079492.593 10430   567   841 W WearStatePublisher: 	at com.theveloper.pixeltune.data.service.wear.WearStatePublisher.publishStateInternal(WearStatePublisher.kt:119)
1778079492.593 10430   567   841 W WearStatePublisher: 	at com.theveloper.pixeltune.data.service.wear.WearStatePublisher.access$publishStateInternal(WearStatePublisher.kt:36)
1778079492.593 10430   567   841 W WearStatePublisher: 	at com.theveloper.pixeltune.data.service.wear.WearStatePublisher$publishState$1.invokeSuspend(WearStatePublisher.kt:66)
1778079492.593 10430   567   841 W WearStatePublisher: 	at kotlin.coroutines.jvm.internal.BaseContinuationImpl.resumeWith(ContinuationImpl.kt:34)
1778079492.593 10430   567   841 W WearStatePublisher: 	at kotlinx.coroutines.DispatchedTask.run(DispatchedTask.kt:101)
1778079492.593 10430   567   841 W WearStatePublisher: 	at kotlinx.coroutines.internal.LimitedDispatcher$Worker.run(LimitedDispatcher.kt:113)
1778079492.593 10430   567   841 W WearStatePublisher: 	at kotlinx.coroutines.scheduling.TaskImpl.run(Tasks.kt:89)
1778079492.593 10430   567   841 W WearStatePublisher: 	at kotlinx.coroutines.scheduling.CoroutineScheduler.runSafely(CoroutineScheduler.kt:589)
1778079492.593 10430   567   841 W WearStatePublisher: 	at kotlinx.coroutines.scheduling.CoroutineScheduler$Worker.executeTask(CoroutineScheduler.kt:823)
1778079492.593 10430   567   841 W WearStatePublisher: 	at kotlinx.coroutines.scheduling.CoroutineScheduler$Worker.runWorker(CoroutineScheduler.kt:720)
1778079492.593 10430   567   841 W WearStatePublisher: 	at kotlinx.coroutines.scheduling.CoroutineScheduler$Worker.run(CoroutineScheduler.kt:707)
1778079492.597 10430   567   841 D WearStatePublisher: Published state to Wear: Tera Mera Rishta Purana (HD) Video Song | Awarapan Movie Song | Emraan Hashmi Songs | Mustafa Zahid (playing=false)
1778079492.700 10430   567   847 I OkHttp  : <-- 200 https://www.youtube.com/youtubei/v1/player?prettyPrint=false&$fields=microformat,playabilityStatus,storyboards,videoDetails (252ms)
1778079492.700 10430   567   847 I OkHttp  : content-type: application/json; charset=UTF-8
1778079492.700 10430   567   847 I OkHttp  : vary: Origin
1778079492.700 10430   567   847 I OkHttp  : vary: X-Origin
1778079492.700 10430   567   847 I OkHttp  : vary: Referer
1778079492.700 10430   567   847 I OkHttp  : date: Wed, 06 May 2026 14:58:13 GMT
1778079492.700 10430   567   847 I OkHttp  : server: scaffolding on HTTPServer2
1778079492.700 10430   567   847 I OkHttp  : x-xss-protection: 0
1778079492.700 10430   567   847 I OkHttp  : x-frame-options: SAMEORIGIN
1778079492.700 10430   567   847 I OkHttp  : x-content-type-options: nosniff
1778079492.700 10430   567   847 I OkHttp  : alt-svc: h3=":443"; ma=2592000,h3-29=":443"; ma=2592000
1778079492.702 10430   567   847 I OkHttp  : {"playabilityStatus":{"status":"UNPLAYABLE","reason":"Video unavailable","errorScreen":{"playerErrorMessageRenderer":{"subreason":{"simpleText":"The page needs to be reloaded."},"reason":{"runs":[{"text":"The page needs to be reloaded."}]},"proceedButton":{"buttonRenderer":{"style":"STYLE_PRIMARY","size":"SIZE_DEFAULT","isDisabled":false,"text":{"runs":[{"text":"Reload"}]},"trackingParams":"CAEQ8FsiEwi56OKk9qSUAxUcoKwCHb2eO1Y=","command":{"clickTrackingParams":"CAEQ8FsiEwi56OKk9qSUAxUcoKwCHb2eO1bKAQRGHyCb","signalAction":{"signal":"RELOAD_PAGE"}}}},"thumbnail":{"thumbnails":[{"url":"//s.ytimg.com/yts/img/meh7-vflGevej7.png","width":140,"height":100}]},"icon":{"iconType":"ERROR_OUTLINE"}}},"skip":{"playabilityErrorSkipConfig":{"skipOnPlayabilityError":false}},"contextParams":"Q0FFU0FnZ0I="},"videoDetails":{"videoId":"0J0HZrDvbjY","title":"Tera Mera Rishta Purana (HD) Video Song | Awarapan Movie Song | Emraan Hashmi Songs | Mustafa Zahid","lengthSeconds":"351","keywords":["awarapan movie","awarapan","awarapan movie songs","awarapan movie jukebox","bollywood hindi songs","latest hindi songs","emraan hashmi songs","shriya saran movies","emraan hashmi movies","emraan hashmi romantic scenes","mahesh bhatt movies","lyrical songs","awarapan movie scenes","awarapan movie all songs","toh phir aao full song","emraan hashmi shriya saran songs","tera mera rishta purana","tera mera rishta song","tera mera rishta lyrical video","tera mera rishta emraan hashmi song","hindi song"],"channelId":"UCA6q5E9yd7cSgl8m0TrxOmQ","isOwnerViewing":false,"shortDescription":"Presenting \"Tera Mera Rishta Purana\" Full video song in the voice of Mustafa Zahid from Hindi movie \"Awarapan\" (2007) Starring Emraan Hashmi & Shriya Saran. Writer Sayeed Quadri, Produced by Mukesh Bhatt and Directed by Mohit Suri.\n\nSong : Tera Mera Rishta Purana Full Song\nSinger : Mustafa Zahid \nMusic Director: Pritam Chakraborty\nLyrics : Sayeed Quadri \nMovie : Awarapan (2007)\nStarcast : Emraan Hashmi,  Shriya Saran, Mrinalini Sharma and Ashutosh Rana\nReleasing Date : 6th July, 2007\n\nLyrics : \nTera yakin kyon maine kiya\nNahi tujhse raah kyon juda\nMujh pe yeh zindagi karti\nRahi sitam tune hi di hai panah\nTera mera rishta puraana\nTera mera rishta puraana\nTera mera rishta puraana\n\n\nHai kya tadap hai hai yeh kaisi saza\nTu kyun mujhe aaj yaad aa gaya\nBechain din mere bechain raat hai\nKya main karu kuchh bata\nYeh mere paanv hi khud meri bediyaan\nUss se tu mujhe chhooda\nTera mera rishta purana\nTera mera rishta purana\nTera mera rishta purana\nTera mera rishta purana\n\n\nKya mujh mein hai\nShaks woh keh raha\nAa aab main du karz tera chuka\nAankhen hai nam meri\nSaasein chubhan meri\nZakham huwa pir haara\nDil ke viraane mein\nMere phasane mein\nTu hi toh har dum raha\nTera mera rishta purana\nTera mera rishta purana\nTera mera rishta purana\nTera mera rishta purana\nOh tera mera rishta purana\nOh tera mera rishta purana.\n\n#AwarapanMovie #TeraMeraRishtaSong #MustafaZahidSongs #VisheshFilms\n\nTop Videos Must Watch :\nJalebi Movie Trailer : hhttps://youtu.be/exF94JTVy8k\nBegum Jaan Trailer : https://youtu.be/rhmT2nfc6ko\nSadak 2 Trailer : https://youtu.be/Ltvt4p_1xSU\n\nSubscribe to Vishesh Films Youtube Channel to watch more upcoming videos everyday.\nhttps://youtube.com/c/VisheshFilmsOfficial?sub_confirmation=1\n\nStay connected with us on:\nhttps://www.facebook.com/VisheshFilms/\nhttps://www.twitter.com/VisheshFilms/\nhttps://www.instagram.com/VisheshFilms/","isCrawlable":true,"thumbnail":{"thumbnails":[{"url":"https://i.ytimg.com/vi/0J0HZrDvbjY/hqdefault.jpg?sqp=-oaymwEiCKgBEF5IWvKriqkDFQgBFQAAAAAYASUAAMhCPQCAokN4AQ==&rs=AOn4CLBZ9HaSY3j2dVohc_kd1Ep9286SxA","width":168,"height":94},{"url":"https://i.ytimg.com/vi/0J0HZrDvbjY/hqdefault.jpg?sqp=-oaymwEiCMQBEG5IWvKriqkDFQgBFQAAAAAYASUAAMhCPQCAokN4AQ==&rs=AOn4CLB5zDEo4jn45umf0Kmnr88SRqrUXA","width":196,"height":110},{"url":"https://i.ytimg.com/vi/0J0HZrDvbjY/hqdefault.jpg?sqp=-oaymwEjCPYBEIoBSFryq4qpAxUIARUAAAAAGAElAADIQj0AgKJDeAE=&rs=AOn4C
1778079492.702 10430   567   847 I OkHttp  : LBtrRll7CJsjMtHRFtsh71GGYWbpQ","width":246,"height":138},{"url":"https://i.ytimg.com/vi/0J0HZrDvbjY/hqdefault.jpg?sqp=-oaymwEjCNACELwBSFryq4qpAxUIARUAAAAAGAElAADIQj0AgKJDeAE=&rs=AOn4CLDlVqpRaFUgXxrfaGGmRbtuhXSMAw","width":336,"height":188},{"url":"https://i.ytimg.com/vi/0J0HZrDvbjY/maxresdefault.jpg?v=67d16214","width":1920,"height":1080}]},"allowRatings":true,"viewCount":"190309649","author":"Vishesh Films","isLowLatencyLiveStream":false,"isPrivate":false,"isUnpluggedCorpus":false,"latencyClass":"MDE_STREAM_OPTIMIZATIONS_RENDERER_LATENCY_NORMAL","isLiveContent":false,"isTvfilmVideo":false},"microformat":{"playerMicroformatRenderer":{"thumbnail":{"thumbnails":[{"url":"https://i.ytimg.com/vi/0J0HZrDvbjY/maxresdefault.jpg","width":1280,"height":720}]},"embed":{"iframeUrl":"https://www.youtube.com/embed/0J0HZrDvbjY","width":1280,"height":720},"title":{"simpleText":"Tera Mera Rishta Purana (HD) Video Song | Awarapan Movie Song | Emraan Hashmi Songs | Mustafa Zahid"},"description":{"simpleText":"Presenting \"Tera Mera Rishta Purana\" Full video song in the voice of Mustafa Zahid from Hindi movie \"Awarapan\" (2007) Starring Emraan Hashmi & Shriya Saran. Writer Sayeed Quadri, Produced by Mukesh Bhatt and Directed by Mohit Suri.\n\nSong : Tera Mera Rishta Purana Full Song\nSinger : Mustafa Zahid \nMusic Director: Pritam Chakraborty\nLyrics : Sayeed Quadri \nMovie : Awarapan (2007)\nStarcast : Emraan Hashmi,  Shriya Saran, Mrinalini Sharma and Ashutosh Rana\nReleasing Date : 6th July, 2007\n\nLyrics : \nTera yakin kyon maine kiya\nNahi tujhse raah kyon juda\nMujh pe yeh zindagi karti\nRahi sitam tune hi di hai panah\nTera mera rishta puraana\nTera mera rishta puraana\nTera mera rishta puraana\n\n\nHai kya tadap hai hai yeh kaisi saza\nTu kyun mujhe aaj yaad aa gaya\nBechain din mere bechain raat hai\nKya main karu kuchh bata\nYeh mere paanv hi khud meri bediyaan\nUss se tu mujhe chhooda\nTera mera rishta purana\nTera mera rishta purana\nTera mera rishta purana\nTera mera rishta purana\n\n\nKya mujh mein hai\nShaks woh keh raha\nAa aab main du karz tera chuka\nAankhen hai nam meri\nSaasein chubhan meri\nZakham huwa pir haara\nDil ke viraane mein\nMere phasane mein\nTu hi toh har dum raha\nTera mera rishta purana\nTera mera rishta purana\nTera mera rishta purana\nTera mera rishta purana\nOh tera mera rishta purana\nOh tera mera rishta purana.\n\n#AwarapanMovie #TeraMeraRishtaSong #MustafaZahidSongs #VisheshFilms\n\nTop Videos Must Watch :\nJalebi Movie Trailer : hhttps://youtu.be/exF94JTVy8k\nBegum Jaan Trailer : https://youtu.be/rhmT2nfc6ko\nSadak 2 Trailer : https://youtu.be/Ltvt4p_1xSU\n\nSubscribe to Vishesh Films Youtube Channel to watch more upcoming videos everyday.\nhttps://youtube.com/c/VisheshFilmsOfficial?sub_confirmation=1\n\nStay connected with us on:\nhttps://www.facebook.com/VisheshFilms/\nhttps://www.twitter.com/VisheshFilms/\nhttps://www.instagram.com/VisheshFilms/"},"lengthSeconds":"352","ownerProfileUrl":"http://www.youtube.com/@VisheshFilmsOfficial","externalChannelId":"UCA6q5E9yd7cSgl8m0TrxOmQ","isFamilySafe":true,"availableCountries":["AD","AE","AF","AG","AI","AL","AM","AO","AQ","AR","AS","AT","AU","AW","AX","AZ","BA","BB","BD","BE","BF","BG","BH","BI","BJ","BL","BM","BN","BO","BQ","BR","BS","BT","BV","BW","BZ","CA","CC","CD","CF","CG","CH","CI","CK","CL","CM","CN","CO","CR","CU","CV","CW","CX","CY","CZ","DE","DJ","DK","DM","DO","DZ","EC","EE","EG","EH","ER","ES","ET","FI","FJ","FK","FM","FO","FR","GA","GB","GD","GE","GF","GG","GH","GI","GL","GM","GN","GP","GQ","GR","GS","GT","GU","GW","GY","HK","HM","HN","HR","HT","HU","ID","IE","IL","IM","IN","IO","IQ","IR","IS","IT","JE","JM","JO","JP","KE","KG","KH","KI","KM","KN","KP","KR","KW","KY","KZ","LA","LB","LC","LI","LK","LR","LS","LT","LU","LV","LY","MA","MC","MD","ME","MF","MG","MH","MK","ML","MM","MN","MO","MP","MQ","MR","MS","MT","MU","MV","MW","MX","MY","MZ","NA","NC","NE","NF","NG","NI","NL","NO","NP","NR","NU","NZ","OM","PA","PE","PF","PG","PH","PK","PL","PM","PN","PR","PS","PT","PW","PY",
1778079492.703 10430   567   847 I OkHttp  : "QA","RE","RO","RS","RW","SA","SB","SC","SD","SE","SG","SH","SI","SJ","SK","SL","SM","SN","SO","SR","SS","ST","SV","SX","SY","SZ","TC","TD","TF","TG","TH","TJ","TK","TL","TM","TN","TO","TR","TT","TV","TW","TZ","UA","UG","UM","US","UY","UZ","VA","VC","VE","VG","VI","VN","VU","WF","WS","YE","YT","ZA","ZM","ZW"],"isUnlisted":false,"hasYpcMetadata":false,"viewCount":"190309649","category":"Entertainment","publishDate":"2022-03-22T05:00:12-07:00","ownerChannelName":"Vishesh Films","liveBroadcastDetails":{"isLiveNow":false,"startTimestamp":"2022-03-22T12:00:12+00:00","endTimestamp":"2022-03-22T12:07:57+00:00"},"uploadDate":"2022-03-22T05:00:12-07:00","isShortsEligible":false,"externalVideoId":"0J0HZrDvbjY","likeCount":"1047106","canonicalUrl":"https://www.youtube.com/watch?v=0J0HZrDvbjY"}}}
1778079492.703 10430   567   847 I OkHttp  : <-- END HTTP (253ms, 8851-byte body)
1778079492.707 10430   567   847 E YouTubeRepository$getAudioStreamUrl: Error extracting YouTube stream for 0J0HZrDvbjY
1778079492.707 10430   567   847 E YouTubeRepository$getAudioStreamUrl: org.schabi.newpipe.extractor.exceptions.ContentNotAvailableException: The page needs to be reloaded.
1778079492.707 10430   567   847 E YouTubeRepository$getAudioStreamUrl: 	at org.schabi.newpipe.extractor.services.youtube.extractors.YoutubeStreamExtractor.checkPlayabilityStatus(YoutubeStreamExtractor.java:900)
1778079492.707 10430   567   847 E YouTubeRepository$getAudioStreamUrl: 	at org.schabi.newpipe.extractor.services.youtube.extractors.YoutubeStreamExtractor.onFetchPage(YoutubeStreamExtractor.java:827)
1778079492.707 10430   567   847 E YouTubeRepository$getAudioStreamUrl: 	at org.schabi.newpipe.extractor.Extractor.fetchPage(Extractor.java:60)
1778079492.707 10430   567   847 E YouTubeRepository$getAudioStreamUrl: 	at com.theveloper.pixeltune.data.youtube.YouTubeRepository$getAudioStreamUrl$2.invokeSuspend(YouTubeRepository.kt:38)
1778079492.707 10430   567   847 E YouTubeRepository$getAudioStreamUrl: 	at com.theveloper.pixeltune.data.youtube.YouTubeRepository$getAudioStreamUrl$2.invoke(Unknown Source:8)
1778079492.707 10430   567   847 E YouTubeRepository$getAudioStreamUrl: 	at com.theveloper.pixeltune.data.youtube.YouTubeRepository$getAudioStreamUrl$2.invoke(Unknown Source:4)
1778079492.707 10430   567   847 E YouTubeRepository$getAudioStreamUrl: 	at kotlinx.coroutines.intrinsics.UndispatchedKt.startUndispatchedOrReturn(Undispatched.kt:42)
1778079492.707 10430   567   847 E YouTubeRepository$getAudioStreamUrl: 	at kotlinx.coroutines.BuildersKt__Builders_commonKt.withContext(Builders.common.kt:164)
1778079492.707 10430   567   847 E YouTubeRepository$getAudioStreamUrl: 	at kotlinx.coroutines.BuildersKt.withContext(Unknown Source:1)
1778079492.707 10430   567   847 E YouTubeRepository$getAudioStreamUrl: 	at com.theveloper.pixeltune.data.youtube.YouTubeRepository.getAudioStreamUrl-0E7RQCE(YouTubeRepository.kt:29)
1778079492.707 10430   567   847 E YouTubeRepository$getAudioStreamUrl: 	at com.theveloper.pixeltune.data.youtube.YouTubeStreamProxy.getOrFetchStreamUrl(YouTubeStreamProxy.kt:268)
1778079492.707 10430   567   847 E YouTubeRepository$getAudioStreamUrl: 	at com.theveloper.pixeltune.data.youtube.YouTubeStreamProxy.access$getOrFetchStreamUrl(YouTubeStreamProxy.kt:34)
1778079492.708 10430   567   847 E YouTubeRepository$getAudioStreamUrl: 	at com.theveloper.pixeltune.data.youtube.YouTubeStreamProxy$createServer$1$1$1.invokeSuspend(YouTubeStreamProxy.kt:155)
1778079492.708 10430   567   847 E YouTubeRepository$getAudioStreamUrl: 	at com.theveloper.pixeltune.data.youtube.YouTubeStreamProxy$createServer$1$1$1.invoke(Unknown Source:11)
1778079492.708 10430   567   847 E YouTubeRepository$getAudioStreamUrl: 	at com.theveloper.pixeltune.data.youtube.YouTubeStreamProxy$createServer$1$1$1.invoke(Unknown Source:6)
1778079492.708 10430   567   847 E YouTubeRepository$getAudioStreamUrl: 	at io.ktor.server.routing.Route$buildPipeline$1$1.invokeSuspend(Route.kt:116)
1778079492.708 10430   567   847 E YouTubeRepository$getAudioStreamUrl: 	at io.ktor.server.routing.Route$buildPipeline$1$1.invoke(Unknown Source:13)
1778079492.708 10430   567   847 E YouTubeRepository$getAudioStreamUrl: 	at io.ktor.server.routing.Route$buildPipeline$1$1.invoke(Unknown Source:6)
1778079492.708 10430   567   847 E YouTubeRepository$getAudioStreamUrl: 	at io.ktor.util.pipeline.SuspendFunctionGun.loop(SuspendFunctionGun.kt:131)
1778079492.708 10430   567   847 E YouTubeRepository$getAudioStreamUrl: 	at io.ktor.util.pipeline.SuspendFunctionGun.proceed(SuspendFunctionGun.kt:89)
1778079492.708 10430   567   847 E YouTubeRepository$getAudioStreamUrl: 	at io.ktor.util.pipeline.SuspendFunctionGun.execute$ktor_utils(SuspendFunctionGun.kt:109)
1778079492.708 10430   567   847 E YouTubeRepository$getAudioStreamUrl: 	at io.ktor.util.pipeline.Pipeline.execute(Pipeline.kt:77)
1778079492.708 10430   567   847 E YouTubeRepository$getAudioStreamUrl: 	at io.ktor.server.routing.Routing$executeResult$$inlined$execute$1.invokeSuspend(Pipeline.kt:478)
1778079492.708 10430   567   847 E YouTubeRepository$getAudioStreamUrl: 	at io.ktor.server.routing.Routing$executeResult$$inlined$execute$1.invoke(Unknown Source:8)
1778079492.708 10430   567   847 E YouTubeRepository$getAudioStreamUrl: 	at io.ktor.server.routing.Routing$executeResult$$inlined$execute$1.invoke(Unknown Source:2)
1778079492.708 10430   567   847 E YouTubeRepository$getAudioStreamUrl: 	at io.ktor.util.debug.ContextUtilsKt.initContextInDebugMode(ContextUtils.kt:17)
1778079492.708 10430   567   847 E YouTubeRepository$getAudioStreamUrl: 	at io.ktor.server.routing.Routing.executeResult(Routing.kt:190)
1778079492.708 10430   567   847 E YouTubeRepository$getAudioStreamUrl: 	at io.ktor.server.routing.Routing.interceptor(Routing.kt:64)
1778079492.708 10430   567   847 E YouTubeRepository$getAudioStreamUrl: 	at io.ktor.server.routing.Routing$Plugin$install$1.invokeSuspend(Routing.kt:140)
1778079492.708 10430   567   847 E YouTubeRepository$getAudioStreamUrl: 	at io.ktor.server.routing.Routing$Plugin$install$1.invoke(Unknown Source:11)
1778079492.708 10430   567   847 E YouTubeRepository$getAudioStreamUrl: 	at io.ktor.server.routing.Routing$Plugin$install$1.invoke(Unknown Source:6)
1778079492.708 10430   567   847 E YouTubeRepository$getAudioStreamUrl: 	at io.ktor.util.pipeline.SuspendFunctionGun.loop(SuspendFunctionGun.kt:131)
1778079492.708 10430   567   847 E YouTubeRepository$getAudioStreamUrl: 	at io.ktor.util.pipeline.SuspendFunctionGun.proceed(SuspendFunctionGun.kt:89)
1778079492.708 10430   567   847 E YouTubeRepository$getAudioStreamUrl: 	at io.ktor.server.engine.BaseApplicationEngineKt$installDefaultTransformationChecker$1.invokeSuspend(BaseApplicationEngine.kt:124)
1778079492.708 10430   567   847 E YouTubeRepository$getAudioStreamUrl: 	at io.ktor.server.engine.BaseApplicationEngineKt$installDefaultTransformationChecker$1.invoke(Unknown Source:9)
1778079492.708 10430   567   847 E YouTubeRepository$getAudioStreamUrl: 	at io.ktor.server.engine.BaseApplicationEngineKt$installDefaultTransformationChecker$1.invoke(Unknown Source:6)
1778079492.708 10430   567   847 E YouTubeRepository$getAudioStreamUrl: 	at io.ktor.util.pipeline.SuspendFunctionGun.loop(SuspendFunctionGun.kt:131)
1778079492.708 10430   567   847 E YouTubeRepository$getAudioStreamUrl: 	at io.ktor.util.pipeline.SuspendFunctionGun.proceed(SuspendFunctionGun.kt:89)
1778079492.708 10430   567   847 E YouTubeRepository$getAudioStreamUrl: 	at io.ktor.util.pipeline.SuspendFunctionGun.execute$ktor_utils(SuspendFunctionGun.kt:109)
1778079492.708 10430   567   847 E YouTubeRepository$getAudioStreamUrl: 	at io.ktor.util.pipeline.Pipeline.execute(Pipeline.kt:77)
1778079492.708 10430   567   847 E YouTubeRepository$getAudioStreamUrl: 	at io.ktor.server.engine.DefaultEnginePipelineKt$defaultEnginePipeline$1$invokeSuspend$$inlined$execute$1.invokeSuspend(Pipeline.kt:478)
1778079492.708 10430   567   847 E YouTubeRepository$getAudioStreamUrl: 	at io.ktor.server.engine.DefaultEnginePipelineKt$defaultEnginePipeline$1$invokeSuspend$$inlined$execute$1.invoke(Unknown Source:8)
1778079492.708 10430   567   847 E YouTubeRepository$getAudioStreamUrl: 	at io.ktor.server.engine.DefaultEnginePipelineKt$defaultEnginePipeline$1$invokeSuspend$$inlined$execute$1.invoke(Unknown Source:2)
1778079492.708 10430   567   847 E YouTubeRepository$getAudioStreamUrl: 	at io.ktor.util.debug.ContextUtilsKt.initContextInDebugMode(ContextUtils.kt:17)
1778079492.708 10430   567   847 E YouTubeRepository$getAudioStreamUrl: 	at io.ktor.server.engine.DefaultEnginePipelineKt$defaultEnginePipeline$1.invokeSuspend(DefaultEnginePipeline.kt:123)
1778079492.708 10430   567   847 E YouTubeRepository$getAudioStreamUrl: 	at io.ktor.server.engine.DefaultEnginePipelineKt$defaultEnginePipeline$1.invoke(Unknown Source:9)
1778079492.708 10430   567   847 E YouTubeRepository$getAudioStreamUrl: 	at io.ktor.server.engine.DefaultEnginePipelineKt$defaultEnginePipeline$1.invoke(Unknown Source:6)
1778079492.708 10430   567   847 E YouTubeRepository$getAudioStreamUrl: 	at io.ktor.util.pipeline.SuspendFunctionGun.loop(SuspendFunctionGun.kt:131)
1778079492.708 10430   567   847 E YouTubeRepository$getAudioStreamUrl: 	at io.ktor.util.pipeline.SuspendFunctionGun.proceed(SuspendFunctionGun.kt:89)
1778079492.708 10430   567   847 E YouTubeRepository$getAudioStreamUrl: 	at io.ktor.util.pipeline.SuspendFunctionGun.execute$ktor_utils(SuspendFunctionGun.kt:109)
1778079492.708 10430   567   847 E YouTubeRepository$getAudioStreamUrl: 	at io.ktor.util.pipeline.Pipeline.execute(Pipeline.kt:77)
1778079492.708 10430   567   847 E YouTubeRepository$getAudioStreamUrl: 	at io.ktor.server.cio.CIOApplicationEngine$handleRequest$2$invokeSuspend$$inlined$execute$1.invokeSuspend(Pipeline.kt:478)
1778079492.708 10430   567   847 E YouTubeRepository$getAudioStreamUrl: 	at io.ktor.server.cio.CIOApplicationEngine$handleRequest$2$invokeSuspend$$inlined$execute$1.invoke(Unknown Source:8)
1778079492.708 10430   567   847 E YouTubeRepository$getAudioStreamUrl: 	at io.ktor.server.cio.CIOApplicationEngine$handleRequest$2$invokeSuspend$$inlined$execute$1.invoke(Unknown Source:2)
1778079492.708 10430   567   847 E YouTubeRepository$getAudioStreamUrl: 	at io.ktor.util.debug.ContextUtilsKt.initContextInDebugMode(ContextUtils.kt:17)
1778079492.708 10430   567   847 E YouTubeRepository$getAudioStreamUrl: 	at io.ktor.server.cio.CIOApplicationEngine$handleRequest$2.invokeSuspend(CIOApplicationEngine.kt:239)
1778079492.708 10430   567   847 E YouTubeRepository$getAudioStreamUrl: 	at kotlin.coroutines.jvm.internal.BaseContinuationImpl.resumeWith(ContinuationImpl.kt:34)
1778079492.708 10430   567   847 E YouTubeRepository$getAudioStreamUrl: 	at kotlinx.coroutines.DispatchedTask.run(DispatchedTask.kt:101)
1778079492.708 10430   567   847 E YouTubeRepository$getAudioStreamUrl: 	at kotlinx.coroutines.internal.LimitedDispatcher$Worker.run(LimitedDispatcher.kt:113)
1778079492.708 10430   567   847 E YouTubeRepository$getAudioStreamUrl: 	at kotlinx.coroutines.scheduling.TaskImpl.run(Tasks.kt:89)
1778079492.708 10430   567   847 E YouTubeRepository$getAudioStreamUrl: 	at kotlinx.coroutines.scheduling.CoroutineScheduler.runSafely(CoroutineScheduler.kt:589)
1778079492.708 10430   567   847 E YouTubeRepository$getAudioStreamUrl: 	at kotlinx.coroutines.scheduling.CoroutineScheduler$Worker.executeTask(CoroutineScheduler.kt:823)
1778079492.708 10430   567   847 E YouTubeRepository$getAudioStreamUrl: 	at kotlinx.coroutines.scheduling.CoroutineScheduler$Worker.runWorker(CoroutineScheduler.kt:720)
1778079492.708 10430   567   847 E YouTubeRepository$getAudioStreamUrl: 	at kotlinx.coroutines.scheduling.CoroutineScheduler$Worker.run(CoroutineScheduler.kt:707)
1778079493.731 10430   567   847 D YouTubeRepository$getAudioStreamUrl: Extracting YouTube streams for: https://www.youtube.com/watch?v=0J0HZrDvbjY
1778079493.738 10430   567   847 I OkHttp  : --> POST https://www.youtube.com/youtubei/v1/player?prettyPrint=false&$fields=microformat,playabilityStatus,storyboards,videoDetails
1778079493.738 10430   567   847 I OkHttp  : Content-Type: application/json
1778079493.738 10430   567   847 I OkHttp  : Content-Length: 400
1778079493.738 10430   567   847 I OkHttp  : Origin: https://www.youtube.com
1778079493.738 10430   567   847 I OkHttp  : Referer: https://www.youtube.com
1778079493.738 10430   567   847 I OkHttp  : Cookie: SOCS=CAE=
1778079493.738 10430   567   847 I OkHttp  : X-YouTube-Client-Version: 2.20260505.01.00
1778079493.738 10430   567   847 I OkHttp  : X-YouTube-Client-Name: 1
1778079493.738 10430   567   847 I OkHttp  : Accept-Language: en-GB, en;q=0.9
1778079493.738 10430   567   847 I OkHttp  : User-Agent: PixelTune/1.0 (Android; Music Player)
1778079493.738 10430   567   847 I OkHttp  : {"contentCheckOk":true,"context":{"request":{"internalExperimentFlags":[],"useSsl":true},"client":{"utcOffsetMinutes":0,"hl":"en-GB","gl":"GB","clientName":"WEB","originalUrl":"https://www.youtube.com","clientVersion":"2.20260505.01.00","platform":"DESKTOP","visitorData":"CgttZEtDVHFFSjRNTCihsdzPBjILCgJHQhIFEgAg0gE%3D"},"user":{"lockedSafetyMode":false}},"racyCheckOk":true,"videoId":"0J0HZrDvbjY"}
1778079493.738 10430   567   847 I OkHttp  : --> END POST (400-byte body)
1778079493.930 10430   567   847 I OkHttp  : <-- 200 https://www.youtube.com/youtubei/v1/player?prettyPrint=false&$fields=microformat,playabilityStatus,storyboards,videoDetails (190ms)
1778079493.930 10430   567   847 I OkHttp  : content-type: application/json; charset=UTF-8
1778079493.930 10430   567   847 I OkHttp  : vary: Origin
1778079493.930 10430   567   847 I OkHttp  : vary: X-Origin
1778079493.930 10430   567   847 I OkHttp  : vary: Referer
1778079493.930 10430   567   847 I OkHttp  : date: Wed, 06 May 2026 14:58:14 GMT
1778079493.930 10430   567   847 I OkHttp  : server: scaffolding on HTTPServer2
1778079493.930 10430   567   847 I OkHttp  : x-xss-protection: 0
1778079493.930 10430   567   847 I OkHttp  : x-frame-options: SAMEORIGIN
1778079493.930 10430   567   847 I OkHttp  : x-content-type-options: nosniff
1778079493.930 10430   567   847 I OkHttp  : alt-svc: h3=":443"; ma=2592000,h3-29=":443"; ma=2592000
1778079493.933 10430   567   847 I OkHttp  : {"playabilityStatus":{"status":"UNPLAYABLE","reason":"Video unavailable","errorScreen":{"playerErrorMessageRenderer":{"subreason":{"simpleText":"The page needs to be reloaded."},"reason":{"runs":[{"text":"The page needs to be reloaded."}]},"proceedButton":{"buttonRenderer":{"style":"STYLE_PRIMARY","size":"SIZE_DEFAULT","isDisabled":false,"text":{"runs":[{"text":"Reload"}]},"trackingParams":"CAEQ8FsiEwiMnLCl9qSUAxWr1aACHdMuADQ=","command":{"clickTrackingParams":"CAEQ8FsiEwiMnLCl9qSUAxWr1aACHdMuADTKAQRxschg","signalAction":{"signal":"RELOAD_PAGE"}}}},"thumbnail":{"thumbnails":[{"url":"//s.ytimg.com/yts/img/meh7-vflGevej7.png","width":140,"height":100}]},"icon":{"iconType":"ERROR_OUTLINE"}}},"skip":{"playabilityErrorSkipConfig":{"skipOnPlayabilityError":false}},"contextParams":"Q0FFU0FnZ0I="},"videoDetails":{"videoId":"0J0HZrDvbjY","title":"Tera Mera Rishta Purana (HD) Video Song | Awarapan Movie Song | Emraan Hashmi Songs | Mustafa Zahid","lengthSeconds":"351","keywords":["awarapan movie","awarapan","awarapan movie songs","awarapan movie jukebox","bollywood hindi songs","latest hindi songs","emraan hashmi songs","shriya saran movies","emraan hashmi movies","emraan hashmi romantic scenes","mahesh bhatt movies","lyrical songs","awarapan movie scenes","awarapan movie all songs","toh phir aao full song","emraan hashmi shriya saran songs","tera mera rishta purana","tera mera rishta song","tera mera rishta lyrical video","tera mera rishta emraan hashmi song","hindi song"],"channelId":"UCA6q5E9yd7cSgl8m0TrxOmQ","isOwnerViewing":false,"shortDescription":"Presenting \"Tera Mera Rishta Purana\" Full video song in the voice of Mustafa Zahid from Hindi movie \"Awarapan\" (2007) Starring Emraan Hashmi & Shriya Saran. Writer Sayeed Quadri, Produced by Mukesh Bhatt and Directed by Mohit Suri.\n\nSong : Tera Mera Rishta Purana Full Song\nSinger : Mustafa Zahid \nMusic Director: Pritam Chakraborty\nLyrics : Sayeed Quadri \nMovie : Awarapan (2007)\nStarcast : Emraan Hashmi,  Shriya Saran, Mrinalini Sharma and Ashutosh Rana\nReleasing Date : 6th July, 2007\n\nLyrics : \nTera yakin kyon maine kiya\nNahi tujhse raah kyon juda\nMujh pe yeh zindagi karti\nRahi sitam tune hi di hai panah\nTera mera rishta puraana\nTera mera rishta puraana\nTera mera rishta puraana\n\n\nHai kya tadap hai hai yeh kaisi saza\nTu kyun mujhe aaj yaad aa gaya\nBechain din mere bechain raat hai\nKya main karu kuchh bata\nYeh mere paanv hi khud meri bediyaan\nUss se tu mujhe chhooda\nTera mera rishta purana\nTera mera rishta purana\nTera mera rishta purana\nTera mera rishta purana\n\n\nKya mujh mein hai\nShaks woh keh raha\nAa aab main du karz tera chuka\nAankhen hai nam meri\nSaasein chubhan meri\nZakham huwa pir haara\nDil ke viraane mein\nMere phasane mein\nTu hi toh har dum raha\nTera mera rishta purana\nTera mera rishta purana\nTera mera rishta purana\nTera mera rishta purana\nOh tera mera rishta purana\nOh tera mera rishta purana.\n\n#AwarapanMovie #TeraMeraRishtaSong #MustafaZahidSongs #VisheshFilms\n\nTop Videos Must Watch :\nJalebi Movie Trailer : hhttps://youtu.be/exF94JTVy8k\nBegum Jaan Trailer : https://youtu.be/rhmT2nfc6ko\nSadak 2 Trailer : https://youtu.be/Ltvt4p_1xSU\n\nSubscribe to Vishesh Films Youtube Channel to watch more upcoming videos everyday.\nhttps://youtube.com/c/VisheshFilmsOfficial?sub_confirmation=1\n\nStay connected with us on:\nhttps://www.facebook.com/VisheshFilms/\nhttps://www.twitter.com/VisheshFilms/\nhttps://www.instagram.com/VisheshFilms/","isCrawlable":true,"thumbnail":{"thumbnails":[{"url":"https://i.ytimg.com/vi/0J0HZrDvbjY/hqdefault.jpg?sqp=-oaymwEiCKgBEF5IWvKriqkDFQgBFQAAAAAYASUAAMhCPQCAokN4AQ==&rs=AOn4CLBZ9HaSY3j2dVohc_kd1Ep9286SxA","width":168,"height":94},{"url":"https://i.ytimg.com/vi/0J0HZrDvbjY/hqdefault.jpg?sqp=-oaymwEiCMQBEG5IWvKriqkDFQgBFQAAAAAYASUAAMhCPQCAokN4AQ==&rs=AOn4CLB5zDEo4jn45umf0Kmnr88SRqrUXA","width":196,"height":110},{"url":"https://i.ytimg.com/vi/0J0HZrDvbjY/hqdefault.jpg?sqp=-oaymwEjCPYBEIoBSFryq4qpAxUIARUAAAAAGAElAADIQj0AgKJDeAE=&rs=AOn4C
1778079493.933 10430   567   847 I OkHttp  : LBtrRll7CJsjMtHRFtsh71GGYWbpQ","width":246,"height":138},{"url":"https://i.ytimg.com/vi/0J0HZrDvbjY/hqdefault.jpg?sqp=-oaymwEjCNACELwBSFryq4qpAxUIARUAAAAAGAElAADIQj0AgKJDeAE=&rs=AOn4CLDlVqpRaFUgXxrfaGGmRbtuhXSMAw","width":336,"height":188},{"url":"https://i.ytimg.com/vi/0J0HZrDvbjY/maxresdefault.jpg?v=67d16214","width":1920,"height":1080}]},"allowRatings":true,"viewCount":"190309649","author":"Vishesh Films","isLowLatencyLiveStream":false,"isPrivate":false,"isUnpluggedCorpus":false,"latencyClass":"MDE_STREAM_OPTIMIZATIONS_RENDERER_LATENCY_NORMAL","isLiveContent":false,"isTvfilmVideo":false},"microformat":{"playerMicroformatRenderer":{"thumbnail":{"thumbnails":[{"url":"https://i.ytimg.com/vi/0J0HZrDvbjY/maxresdefault.jpg","width":1280,"height":720}]},"embed":{"iframeUrl":"https://www.youtube.com/embed/0J0HZrDvbjY","width":1280,"height":720},"title":{"simpleText":"Tera Mera Rishta Purana (HD) Video Song | Awarapan Movie Song | Emraan Hashmi Songs | Mustafa Zahid"},"description":{"simpleText":"Presenting \"Tera Mera Rishta Purana\" Full video song in the voice of Mustafa Zahid from Hindi movie \"Awarapan\" (2007) Starring Emraan Hashmi & Shriya Saran. Writer Sayeed Quadri, Produced by Mukesh Bhatt and Directed by Mohit Suri.\n\nSong : Tera Mera Rishta Purana Full Song\nSinger : Mustafa Zahid \nMusic Director: Pritam Chakraborty\nLyrics : Sayeed Quadri \nMovie : Awarapan (2007)\nStarcast : Emraan Hashmi,  Shriya Saran, Mrinalini Sharma and Ashutosh Rana\nReleasing Date : 6th July, 2007\n\nLyrics : \nTera yakin kyon maine kiya\nNahi tujhse raah kyon juda\nMujh pe yeh zindagi karti\nRahi sitam tune hi di hai panah\nTera mera rishta puraana\nTera mera rishta puraana\nTera mera rishta puraana\n\n\nHai kya tadap hai hai yeh kaisi saza\nTu kyun mujhe aaj yaad aa gaya\nBechain din mere bechain raat hai\nKya main karu kuchh bata\nYeh mere paanv hi khud meri bediyaan\nUss se tu mujhe chhooda\nTera mera rishta purana\nTera mera rishta purana\nTera mera rishta purana\nTera mera rishta purana\n\n\nKya mujh mein hai\nShaks woh keh raha\nAa aab main du karz tera chuka\nAankhen hai nam meri\nSaasein chubhan meri\nZakham huwa pir haara\nDil ke viraane mein\nMere phasane mein\nTu hi toh har dum raha\nTera mera rishta purana\nTera mera rishta purana\nTera mera rishta purana\nTera mera rishta purana\nOh tera mera rishta purana\nOh tera mera rishta purana.\n\n#AwarapanMovie #TeraMeraRishtaSong #MustafaZahidSongs #VisheshFilms\n\nTop Videos Must Watch :\nJalebi Movie Trailer : hhttps://youtu.be/exF94JTVy8k\nBegum Jaan Trailer : https://youtu.be/rhmT2nfc6ko\nSadak 2 Trailer : https://youtu.be/Ltvt4p_1xSU\n\nSubscribe to Vishesh Films Youtube Channel to watch more upcoming videos everyday.\nhttps://youtube.com/c/VisheshFilmsOfficial?sub_confirmation=1\n\nStay connected with us on:\nhttps://www.facebook.com/VisheshFilms/\nhttps://www.twitter.com/VisheshFilms/\nhttps://www.instagram.com/VisheshFilms/"},"lengthSeconds":"352","ownerProfileUrl":"http://www.youtube.com/@VisheshFilmsOfficial","externalChannelId":"UCA6q5E9yd7cSgl8m0TrxOmQ","isFamilySafe":true,"availableCountries":["AD","AE","AF","AG","AI","AL","AM","AO","AQ","AR","AS","AT","AU","AW","AX","AZ","BA","BB","BD","BE","BF","BG","BH","BI","BJ","BL","BM","BN","BO","BQ","BR","BS","BT","BV","BW","BZ","CA","CC","CD","CF","CG","CH","CI","CK","CL","CM","CN","CO","CR","CU","CV","CW","CX","CY","CZ","DE","DJ","DK","DM","DO","DZ","EC","EE","EG","EH","ER","ES","ET","FI","FJ","FK","FM","FO","FR","GA","GB","GD","GE","GF","GG","GH","GI","GL","GM","GN","GP","GQ","GR","GS","GT","GU","GW","GY","HK","HM","HN","HR","HT","HU","ID","IE","IL","IM","IN","IO","IQ","IR","IS","IT","JE","JM","JO","JP","KE","KG","KH","KI","KM","KN","KP","KR","KW","KY","KZ","LA","LB","LC","LI","LK","LR","LS","LT","LU","LV","LY","MA","MC","MD","ME","MF","MG","MH","MK","ML","MM","MN","MO","MP","MQ","MR","MS","MT","MU","MV","MW","MX","MY","MZ","NA","NC","NE","NF","NG","NI","NL","NO","NP","NR","NU","NZ","OM","PA","PE","PF","PG","PH","PK","PL","PM","PN","PR","PS","PT","PW","PY",
1778079493.933 10430   567   847 I OkHttp  : "QA","RE","RO","RS","RW","SA","SB","SC","SD","SE","SG","SH","SI","SJ","SK","SL","SM","SN","SO","SR","SS","ST","SV","SX","SY","SZ","TC","TD","TF","TG","TH","TJ","TK","TL","TM","TN","TO","TR","TT","TV","TW","TZ","UA","UG","UM","US","UY","UZ","VA","VC","VE","VG","VI","VN","VU","WF","WS","YE","YT","ZA","ZM","ZW"],"isUnlisted":false,"hasYpcMetadata":false,"viewCount":"190309649","category":"Entertainment","publishDate":"2022-03-22T05:00:12-07:00","ownerChannelName":"Vishesh Films","liveBroadcastDetails":{"isLiveNow":false,"startTimestamp":"2022-03-22T12:00:12+00:00","endTimestamp":"2022-03-22T12:07:57+00:00"},"uploadDate":"2022-03-22T05:00:12-07:00","isShortsEligible":false,"externalVideoId":"0J0HZrDvbjY","likeCount":"1047106","canonicalUrl":"https://www.youtube.com/watch?v=0J0HZrDvbjY"}}}
1778079493.933 10430   567   847 I OkHttp  : <-- END HTTP (193ms, 8851-byte body)
1778079493.939 10430   567   847 E YouTubeRepository$getAudioStreamUrl: Error extracting YouTube stream for 0J0HZrDvbjY
1778079493.939 10430   567   847 E YouTubeRepository$getAudioStreamUrl: org.schabi.newpipe.extractor.exceptions.ContentNotAvailableException: The page needs to be reloaded.
1778079493.939 10430   567   847 E YouTubeRepository$getAudioStreamUrl: 	at org.schabi.newpipe.extractor.services.youtube.extractors.YoutubeStreamExtractor.checkPlayabilityStatus(YoutubeStreamExtractor.java:900)
1778079493.939 10430   567   847 E YouTubeRepository$getAudioStreamUrl: 	at org.schabi.newpipe.extractor.services.youtube.extractors.YoutubeStreamExtractor.onFetchPage(YoutubeStreamExtractor.java:827)
1778079493.939 10430   567   847 E YouTubeRepository$getAudioStreamUrl: 	at org.schabi.newpipe.extractor.Extractor.fetchPage(Extractor.java:60)
1778079493.939 10430   567   847 E YouTubeRepository$getAudioStreamUrl: 	at com.theveloper.pixeltune.data.youtube.YouTubeRepository$getAudioStreamUrl$2.invokeSuspend(YouTubeRepository.kt:38)
1778079493.939 10430   567   847 E YouTubeRepository$getAudioStreamUrl: 	at com.theveloper.pixeltune.data.youtube.YouTubeRepository$getAudioStreamUrl$2.invoke(Unknown Source:8)
1778079493.939 10430   567   847 E YouTubeRepository$getAudioStreamUrl: 	at com.theveloper.pixeltune.data.youtube.YouTubeRepository$getAudioStreamUrl$2.invoke(Unknown Source:4)
1778079493.939 10430   567   847 E YouTubeRepository$getAudioStreamUrl: 	at kotlinx.coroutines.intrinsics.UndispatchedKt.startUndispatchedOrReturn(Undispatched.kt:42)
1778079493.939 10430   567   847 E YouTubeRepository$getAudioStreamUrl: 	at kotlinx.coroutines.BuildersKt__Builders_commonKt.withContext(Builders.common.kt:164)
1778079493.939 10430   567   847 E YouTubeRepository$getAudioStreamUrl: 	at kotlinx.coroutines.BuildersKt.withContext(Unknown Source:1)
1778079493.939 10430   567   847 E YouTubeRepository$getAudioStreamUrl: 	at com.theveloper.pixeltune.data.youtube.YouTubeRepository.getAudioStreamUrl-0E7RQCE(YouTubeRepository.kt:29)
1778079493.939 10430   567   847 E YouTubeRepository$getAudioStreamUrl: 	at com.theveloper.pixeltune.data.youtube.YouTubeStreamProxy.getOrFetchStreamUrl(YouTubeStreamProxy.kt:268)
1778079493.940 10430   567   847 E YouTubeRepository$getAudioStreamUrl: 	at com.theveloper.pixeltune.data.youtube.YouTubeStreamProxy.access$getOrFetchStreamUrl(YouTubeStreamProxy.kt:34)
1778079493.940 10430   567   847 E YouTubeRepository$getAudioStreamUrl: 	at com.theveloper.pixeltune.data.youtube.YouTubeStreamProxy$createServer$1$1$1.invokeSuspend(YouTubeStreamProxy.kt:155)
1778079493.940 10430   567   847 E YouTubeRepository$getAudioStreamUrl: 	at com.theveloper.pixeltune.data.youtube.YouTubeStreamProxy$createServer$1$1$1.invoke(Unknown Source:11)
1778079493.940 10430   567   847 E YouTubeRepository$getAudioStreamUrl: 	at com.theveloper.pixeltune.data.youtube.YouTubeStreamProxy$createServer$1$1$1.invoke(Unknown Source:6)
1778079493.940 10430   567   847 E YouTubeRepository$getAudioStreamUrl: 	at io.ktor.server.routing.Route$buildPipeline$1$1.invokeSuspend(Route.kt:116)
1778079493.940 10430   567   847 E YouTubeRepository$getAudioStreamUrl: 	at io.ktor.server.routing.Route$buildPipeline$1$1.invoke(Unknown Source:13)
1778079493.940 10430   567   847 E YouTubeRepository$getAudioStreamUrl: 	at io.ktor.server.routing.Route$buildPipeline$1$1.invoke(Unknown Source:6)
1778079493.940 10430   567   847 E YouTubeRepository$getAudioStreamUrl: 	at io.ktor.util.pipeline.SuspendFunctionGun.loop(SuspendFunctionGun.kt:131)
1778079493.940 10430   567   847 E YouTubeRepository$getAudioStreamUrl: 	at io.ktor.util.pipeline.SuspendFunctionGun.proceed(SuspendFunctionGun.kt:89)
1778079493.940 10430   567   847 E YouTubeRepository$getAudioStreamUrl: 	at io.ktor.util.pipeline.SuspendFunctionGun.execute$ktor_utils(SuspendFunctionGun.kt:109)
1778079493.940 10430   567   847 E YouTubeRepository$getAudioStreamUrl: 	at io.ktor.util.pipeline.Pipeline.execute(Pipeline.kt:77)
1778079493.940 10430   567   847 E YouTubeRepository$getAudioStreamUrl: 	at io.ktor.server.routing.Routing$executeResult$$inlined$execute$1.invokeSuspend(Pipeline.kt:478)
1778079493.940 10430   567   847 E YouTubeRepository$getAudioStreamUrl: 	at io.ktor.server.routing.Routing$executeResult$$inlined$execute$1.invoke(Unknown Source:8)
1778079493.940 10430   567   847 E YouTubeRepository$getAudioStreamUrl: 	at io.ktor.server.routing.Routing$executeResult$$inlined$execute$1.invoke(Unknown Source:2)
1778079493.940 10430   567   847 E YouTubeRepository$getAudioStreamUrl: 	at io.ktor.util.debug.ContextUtilsKt.initContextInDebugMode(ContextUtils.kt:17)
1778079493.940 10430   567   847 E YouTubeRepository$getAudioStreamUrl: 	at io.ktor.server.routing.Routing.executeResult(Routing.kt:190)
1778079493.940 10430   567   847 E YouTubeRepository$getAudioStreamUrl: 	at io.ktor.server.routing.Routing.interceptor(Routing.kt:64)
1778079493.941 10430   567   847 E YouTubeRepository$getAudioStreamUrl: 	at io.ktor.server.routing.Routing$Plugin$install$1.invokeSuspend(Routing.kt:140)
1778079493.941 10430   567   847 E YouTubeRepository$getAudioStreamUrl: 	at io.ktor.server.routing.Routing$Plugin$install$1.invoke(Unknown Source:11)
1778079493.941 10430   567   847 E YouTubeRepository$getAudioStreamUrl: 	at io.ktor.server.routing.Routing$Plugin$install$1.invoke(Unknown Source:6)
1778079493.941 10430   567   847 E YouTubeRepository$getAudioStreamUrl: 	at io.ktor.util.pipeline.SuspendFunctionGun.loop(SuspendFunctionGun.kt:131)
1778079493.941 10430   567   847 E YouTubeRepository$getAudioStreamUrl: 	at io.ktor.util.pipeline.SuspendFunctionGun.proceed(SuspendFunctionGun.kt:89)
1778079493.941 10430   567   847 E YouTubeRepository$getAudioStreamUrl: 	at io.ktor.server.engine.BaseApplicationEngineKt$installDefaultTransformationChecker$1.invokeSuspend(BaseApplicationEngine.kt:124)
1778079493.941 10430   567   847 E YouTubeRepository$getAudioStreamUrl: 	at io.ktor.server.engine.BaseApplicationEngineKt$installDefaultTransformationChecker$1.invoke(Unknown Source:9)
1778079493.941 10430   567   847 E YouTubeRepository$getAudioStreamUrl: 	at io.ktor.server.engine.BaseApplicationEngineKt$installDefaultTransformationChecker$1.invoke(Unknown Source:6)
1778079493.941 10430   567   847 E YouTubeRepository$getAudioStreamUrl: 	at io.ktor.util.pipeline.SuspendFunctionGun.loop(SuspendFunctionGun.kt:131)
1778079493.941 10430   567   847 E YouTubeRepository$getAudioStreamUrl: 	at io.ktor.util.pipeline.SuspendFunctionGun.proceed(SuspendFunctionGun.kt:89)
1778079493.941 10430   567   847 E YouTubeRepository$getAudioStreamUrl: 	at io.ktor.util.pipeline.SuspendFunctionGun.execute$ktor_utils(SuspendFunctionGun.kt:109)
1778079493.941 10430   567   847 E YouTubeRepository$getAudioStreamUrl: 	at io.ktor.util.pipeline.Pipeline.execute(Pipeline.kt:77)
1778079493.941 10430   567   847 E YouTubeRepository$getAudioStreamUrl: 	at io.ktor.server.engine.DefaultEnginePipelineKt$defaultEnginePipeline$1$invokeSuspend$$inlined$execute$1.invokeSuspend(Pipeline.kt:478)
1778079493.941 10430   567   847 E YouTubeRepository$getAudioStreamUrl: 	at io.ktor.server.engine.DefaultEnginePipelineKt$defaultEnginePipeline$1$invokeSuspend$$inlined$execute$1.invoke(Unknown Source:8)
1778079493.941 10430   567   847 E YouTubeRepository$getAudioStreamUrl: 	at io.ktor.server.engine.DefaultEnginePipelineKt$defaultEnginePipeline$1$invokeSuspend$$inlined$execute$1.invoke(Unknown Source:2)
1778079493.941 10430   567   847 E YouTubeRepository$getAudioStreamUrl: 	at io.ktor.util.debug.ContextUtilsKt.initContextInDebugMode(ContextUtils.kt:17)
1778079493.941 10430   567   847 E YouTubeRepository$getAudioStreamUrl: 	at io.ktor.server.engine.DefaultEnginePipelineKt$defaultEnginePipeline$1.invokeSuspend(DefaultEnginePipeline.kt:123)
1778079493.941 10430   567   847 E YouTubeRepository$getAudioStreamUrl: 	at io.ktor.server.engine.DefaultEnginePipelineKt$defaultEnginePipeline$1.invoke(Unknown Source:9)
1778079493.942 10430   567   847 E YouTubeRepository$getAudioStreamUrl: 	at io.ktor.server.engine.DefaultEnginePipelineKt$defaultEnginePipeline$1.invoke(Unknown Source:6)
1778079493.942 10430   567   847 E YouTubeRepository$getAudioStreamUrl: 	at io.ktor.util.pipeline.SuspendFunctionGun.loop(SuspendFunctionGun.kt:131)
1778079493.942 10430   567   847 E YouTubeRepository$getAudioStreamUrl: 	at io.ktor.util.pipeline.SuspendFunctionGun.proceed(SuspendFunctionGun.kt:89)
1778079493.942 10430   567   847 E YouTubeRepository$getAudioStreamUrl: 	at io.ktor.util.pipeline.SuspendFunctionGun.execute$ktor_utils(SuspendFunctionGun.kt:109)
1778079493.942 10430   567   847 E YouTubeRepository$getAudioStreamUrl: 	at io.ktor.util.pipeline.Pipeline.execute(Pipeline.kt:77)
1778079493.942 10430   567   847 E YouTubeRepository$getAudioStreamUrl: 	at io.ktor.server.cio.CIOApplicationEngine$handleRequest$2$invokeSuspend$$inlined$execute$1.invokeSuspend(Pipeline.kt:478)
1778079493.942 10430   567   847 E YouTubeRepository$getAudioStreamUrl: 	at io.ktor.server.cio.CIOApplicationEngine$handleRequest$2$invokeSuspend$$inlined$execute$1.invoke(Unknown Source:8)
1778079493.942 10430   567   847 E YouTubeRepository$getAudioStreamUrl: 	at io.ktor.server.cio.CIOApplicationEngine$handleRequest$2$invokeSuspend$$inlined$execute$1.invoke(Unknown Source:2)
1778079493.942 10430   567   847 E YouTubeRepository$getAudioStreamUrl: 	at io.ktor.util.debug.ContextUtilsKt.initContextInDebugMode(ContextUtils.kt:17)
1778079493.942 10430   567   847 E YouTubeRepository$getAudioStreamUrl: 	at io.ktor.server.cio.CIOApplicationEngine$handleRequest$2.invokeSuspend(CIOApplicationEngine.kt:239)
1778079493.942 10430   567   847 E YouTubeRepository$getAudioStreamUrl: 	at kotlin.coroutines.jvm.internal.BaseContinuationImpl.resumeWith(ContinuationImpl.kt:34)
1778079493.942 10430   567   847 E YouTubeRepository$getAudioStreamUrl: 	at kotlinx.coroutines.DispatchedTask.run(DispatchedTask.kt:101)
1778079493.942 10430   567   847 E YouTubeRepository$getAudioStreamUrl: 	at kotlinx.coroutines.internal.LimitedDispatcher$Worker.run(LimitedDispatcher.kt:113)
1778079493.942 10430   567   847 E YouTubeRepository$getAudioStreamUrl: 	at kotlinx.coroutines.scheduling.TaskImpl.run(Tasks.kt:89)
1778079493.942 10430   567   847 E YouTubeRepository$getAudioStreamUrl: 	at kotlinx.coroutines.scheduling.CoroutineScheduler.runSafely(CoroutineScheduler.kt:589)
1778079493.942 10430   567   847 E YouTubeRepository$getAudioStreamUrl: 	at kotlinx.coroutines.scheduling.CoroutineScheduler$Worker.executeTask(CoroutineScheduler.kt:823)
1778079493.942 10430   567   847 E YouTubeRepository$getAudioStreamUrl: 	at kotlinx.coroutines.scheduling.CoroutineScheduler$Worker.runWorker(CoroutineScheduler.kt:720)
1778079493.943 10430   567   847 E YouTubeRepository$getAudioStreamUrl: 	at kotlinx.coroutines.scheduling.CoroutineScheduler$Worker.run(CoroutineScheduler.kt:707)
1778079495.960 10430   567   841 D YouTubeRepository$getAudioStreamUrl: Extracting YouTube streams for: https://www.youtube.com/watch?v=0J0HZrDvbjY
1778079495.963 10430   567   841 I OkHttp  : --> POST https://www.youtube.com/youtubei/v1/player?prettyPrint=false&$fields=microformat,playabilityStatus,storyboards,videoDetails
1778079495.963 10430   567   841 I OkHttp  : Content-Type: application/json
1778079495.963 10430   567   841 I OkHttp  : Content-Length: 402
1778079495.963 10430   567   841 I OkHttp  : Origin: https://www.youtube.com
1778079495.963 10430   567   841 I OkHttp  : Referer: https://www.youtube.com
1778079495.964 10430   567   841 I OkHttp  : Cookie: SOCS=CAE=
1778079495.964 10430   567   841 I OkHttp  : X-YouTube-Client-Version: 2.20260505.01.00
1778079495.964 10430   567   841 I OkHttp  : X-YouTube-Client-Name: 1
1778079495.964 10430   567   841 I OkHttp  : Accept-Language: en-GB, en;q=0.9
1778079495.964 10430   567   841 I OkHttp  : User-Agent: PixelTune/1.0 (Android; Music Player)
1778079495.964 10430   567   841 I OkHttp  : {"contentCheckOk":true,"context":{"request":{"internalExperimentFlags":[],"useSsl":true},"client":{"utcOffsetMinutes":0,"hl":"en-GB","gl":"GB","clientName":"WEB","originalUrl":"https://www.youtube.com","clientVersion":"2.20260505.01.00","platform":"DESKTOP","visitorData":"CgtPd3JVdXVXYWsxMCiDptfPBjIKCgJHQhIEEgAgaA%3D%3D"},"user":{"lockedSafetyMode":false}},"racyCheckOk":true,"videoId":"0J0HZrDvbjY"}
1778079495.964 10430   567   841 I OkHttp  : --> END POST (402-byte body)
1778079496.353 10430   567   841 I OkHttp  : <-- 200 https://www.youtube.com/youtubei/v1/player?prettyPrint=false&$fields=microformat,playabilityStatus,storyboards,videoDetails (388ms)
1778079496.353 10430   567   841 I OkHttp  : content-type: application/json; charset=UTF-8
1778079496.353 10430   567   841 I OkHttp  : vary: Origin
1778079496.353 10430   567   841 I OkHttp  : vary: X-Origin
1778079496.354 10430   567   841 I OkHttp  : vary: Referer
1778079496.354 10430   567   841 I OkHttp  : date: Wed, 06 May 2026 14:58:17 GMT
1778079496.354 10430   567   841 I OkHttp  : server: scaffolding on HTTPServer2
1778079496.354 10430   567   841 I OkHttp  : x-xss-protection: 0
1778079496.354 10430   567   841 I OkHttp  : x-frame-options: SAMEORIGIN
1778079496.354 10430   567   841 I OkHttp  : x-content-type-options: nosniff
1778079496.354 10430   567   841 I OkHttp  : alt-svc: h3=":443"; ma=2592000,h3-29=":443"; ma=2592000
1778079496.359 10430   567   841 I OkHttp  : {"playabilityStatus":{"status":"UNPLAYABLE","reason":"Video unavailable","errorScreen":{"playerErrorMessageRenderer":{"subreason":{"simpleText":"The page needs to be reloaded."},"reason":{"runs":[{"text":"The page needs to be reloaded."}]},"proceedButton":{"buttonRenderer":{"style":"STYLE_PRIMARY","size":"SIZE_DEFAULT","isDisabled":false,"text":{"runs":[{"text":"Reload"}]},"trackingParams":"CAEQ8FsiEwig67em9qSUAxVB41UJHRkYHWw=","command":{"clickTrackingParams":"CAEQ8FsiEwig67em9qSUAxVB41UJHRkYHWzKAQQHtUGl","signalAction":{"signal":"RELOAD_PAGE"}}}},"thumbnail":{"thumbnails":[{"url":"//s.ytimg.com/yts/img/meh7-vflGevej7.png","width":140,"height":100}]},"icon":{"iconType":"ERROR_OUTLINE"}}},"skip":{"playabilityErrorSkipConfig":{"skipOnPlayabilityError":false}},"contextParams":"Q0FFU0FnZ0I="},"videoDetails":{"videoId":"0J0HZrDvbjY","title":"Tera Mera Rishta Purana (HD) Video Song | Awarapan Movie Song | Emraan Hashmi Songs | Mustafa Zahid","lengthSeconds":"351","keywords":["awarapan movie","awarapan","awarapan movie songs","awarapan movie jukebox","bollywood hindi songs","latest hindi songs","emraan hashmi songs","shriya saran movies","emraan hashmi movies","emraan hashmi romantic scenes","mahesh bhatt movies","lyrical songs","awarapan movie scenes","awarapan movie all songs","toh phir aao full song","emraan hashmi shriya saran songs","tera mera rishta purana","tera mera rishta song","tera mera rishta lyrical video","tera mera rishta emraan hashmi song","hindi song"],"channelId":"UCA6q5E9yd7cSgl8m0TrxOmQ","isOwnerViewing":false,"shortDescription":"Presenting \"Tera Mera Rishta Purana\" Full video song in the voice of Mustafa Zahid from Hindi movie \"Awarapan\" (2007) Starring Emraan Hashmi & Shriya Saran. Writer Sayeed Quadri, Produced by Mukesh Bhatt and Directed by Mohit Suri.\n\nSong : Tera Mera Rishta Purana Full Song\nSinger : Mustafa Zahid \nMusic Director: Pritam Chakraborty\nLyrics : Sayeed Quadri \nMovie : Awarapan (2007)\nStarcast : Emraan Hashmi,  Shriya Saran, Mrinalini Sharma and Ashutosh Rana\nReleasing Date : 6th July, 2007\n\nLyrics : \nTera yakin kyon maine kiya\nNahi tujhse raah kyon juda\nMujh pe yeh zindagi karti\nRahi sitam tune hi di hai panah\nTera mera rishta puraana\nTera mera rishta puraana\nTera mera rishta puraana\n\n\nHai kya tadap hai hai yeh kaisi saza\nTu kyun mujhe aaj yaad aa gaya\nBechain din mere bechain raat hai\nKya main karu kuchh bata\nYeh mere paanv hi khud meri bediyaan\nUss se tu mujhe chhooda\nTera mera rishta purana\nTera mera rishta purana\nTera mera rishta purana\nTera mera rishta purana\n\n\nKya mujh mein hai\nShaks woh keh raha\nAa aab main du karz tera chuka\nAankhen hai nam meri\nSaasein chubhan meri\nZakham huwa pir haara\nDil ke viraane mein\nMere phasane mein\nTu hi toh har dum raha\nTera mera rishta purana\nTera mera rishta purana\nTera mera rishta purana\nTera mera rishta purana\nOh tera mera rishta purana\nOh tera mera rishta purana.\n\n#AwarapanMovie #TeraMeraRishtaSong #MustafaZahidSongs #VisheshFilms\n\nTop Videos Must Watch :\nJalebi Movie Trailer : hhttps://youtu.be/exF94JTVy8k\nBegum Jaan Trailer : https://youtu.be/rhmT2nfc6ko\nSadak 2 Trailer : https://youtu.be/Ltvt4p_1xSU\n\nSubscribe to Vishesh Films Youtube Channel to watch more upcoming videos everyday.\nhttps://youtube.com/c/VisheshFilmsOfficial?sub_confirmation=1\n\nStay connected with us on:\nhttps://www.facebook.com/VisheshFilms/\nhttps://www.twitter.com/VisheshFilms/\nhttps://www.instagram.com/VisheshFilms/","isCrawlable":true,"thumbnail":{"thumbnails":[{"url":"https://i.ytimg.com/vi/0J0HZrDvbjY/hqdefault.jpg?sqp=-oaymwEiCKgBEF5IWvKriqkDFQgBFQAAAAAYASUAAMhCPQCAokN4AQ==&rs=AOn4CLBZ9HaSY3j2dVohc_kd1Ep9286SxA","width":168,"height":94},{"url":"https://i.ytimg.com/vi/0J0HZrDvbjY/hqdefault.jpg?sqp=-oaymwEiCMQBEG5IWvKriqkDFQgBFQAAAAAYASUAAMhCPQCAokN4AQ==&rs=AOn4CLB5zDEo4jn45umf0Kmnr88SRqrUXA","width":196,"height":110},{"url":"https://i.ytimg.com/vi/0J0HZrDvbjY/hqdefault.jpg?sqp=-oaymwEjCPYBEIoBSFryq4qpAxUIARUAAAAAGAElAADIQj0AgKJDeAE=&rs=AOn4C
1778079496.359 10430   567   841 I OkHttp  : LBtrRll7CJsjMtHRFtsh71GGYWbpQ","width":246,"height":138},{"url":"https://i.ytimg.com/vi/0J0HZrDvbjY/hqdefault.jpg?sqp=-oaymwEjCNACELwBSFryq4qpAxUIARUAAAAAGAElAADIQj0AgKJDeAE=&rs=AOn4CLDlVqpRaFUgXxrfaGGmRbtuhXSMAw","width":336,"height":188},{"url":"https://i.ytimg.com/vi/0J0HZrDvbjY/maxresdefault.jpg?v=67d16214","width":1920,"height":1080}]},"allowRatings":true,"viewCount":"190309649","author":"Vishesh Films","isLowLatencyLiveStream":false,"isPrivate":false,"isUnpluggedCorpus":false,"latencyClass":"MDE_STREAM_OPTIMIZATIONS_RENDERER_LATENCY_NORMAL","isLiveContent":false,"isTvfilmVideo":false},"microformat":{"playerMicroformatRenderer":{"thumbnail":{"thumbnails":[{"url":"https://i.ytimg.com/vi/0J0HZrDvbjY/maxresdefault.jpg","width":1280,"height":720}]},"embed":{"iframeUrl":"https://www.youtube.com/embed/0J0HZrDvbjY","width":1280,"height":720},"title":{"simpleText":"Tera Mera Rishta Purana (HD) Video Song | Awarapan Movie Song | Emraan Hashmi Songs | Mustafa Zahid"},"description":{"simpleText":"Presenting \"Tera Mera Rishta Purana\" Full video song in the voice of Mustafa Zahid from Hindi movie \"Awarapan\" (2007) Starring Emraan Hashmi & Shriya Saran. Writer Sayeed Quadri, Produced by Mukesh Bhatt and Directed by Mohit Suri.\n\nSong : Tera Mera Rishta Purana Full Song\nSinger : Mustafa Zahid \nMusic Director: Pritam Chakraborty\nLyrics : Sayeed Quadri \nMovie : Awarapan (2007)\nStarcast : Emraan Hashmi,  Shriya Saran, Mrinalini Sharma and Ashutosh Rana\nReleasing Date : 6th July, 2007\n\nLyrics : \nTera yakin kyon maine kiya\nNahi tujhse raah kyon juda\nMujh pe yeh zindagi karti\nRahi sitam tune hi di hai panah\nTera mera rishta puraana\nTera mera rishta puraana\nTera mera rishta puraana\n\n\nHai kya tadap hai hai yeh kaisi saza\nTu kyun mujhe aaj yaad aa gaya\nBechain din mere bechain raat hai\nKya main karu kuchh bata\nYeh mere paanv hi khud meri bediyaan\nUss se tu mujhe chhooda\nTera mera rishta purana\nTera mera rishta purana\nTera mera rishta purana\nTera mera rishta purana\n\n\nKya mujh mein hai\nShaks woh keh raha\nAa aab main du karz tera chuka\nAankhen hai nam meri\nSaasein chubhan meri\nZakham huwa pir haara\nDil ke viraane mein\nMere phasane mein\nTu hi toh har dum raha\nTera mera rishta purana\nTera mera rishta purana\nTera mera rishta purana\nTera mera rishta purana\nOh tera mera rishta purana\nOh tera mera rishta purana.\n\n#AwarapanMovie #TeraMeraRishtaSong #MustafaZahidSongs #VisheshFilms\n\nTop Videos Must Watch :\nJalebi Movie Trailer : hhttps://youtu.be/exF94JTVy8k\nBegum Jaan Trailer : https://youtu.be/rhmT2nfc6ko\nSadak 2 Trailer : https://youtu.be/Ltvt4p_1xSU\n\nSubscribe to Vishesh Films Youtube Channel to watch more upcoming videos everyday.\nhttps://youtube.com/c/VisheshFilmsOfficial?sub_confirmation=1\n\nStay connected with us on:\nhttps://www.facebook.com/VisheshFilms/\nhttps://www.twitter.com/VisheshFilms/\nhttps://www.instagram.com/VisheshFilms/"},"lengthSeconds":"352","ownerProfileUrl":"http://www.youtube.com/@VisheshFilmsOfficial","externalChannelId":"UCA6q5E9yd7cSgl8m0TrxOmQ","isFamilySafe":true,"availableCountries":["AD","AE","AF","AG","AI","AL","AM","AO","AQ","AR","AS","AT","AU","AW","AX","AZ","BA","BB","BD","BE","BF","BG","BH","BI","BJ","BL","BM","BN","BO","BQ","BR","BS","BT","BV","BW","BZ","CA","CC","CD","CF","CG","CH","CI","CK","CL","CM","CN","CO","CR","CU","CV","CW","CX","CY","CZ","DE","DJ","DK","DM","DO","DZ","EC","EE","EG","EH","ER","ES","ET","FI","FJ","FK","FM","FO","FR","GA","GB","GD","GE","GF","GG","GH","GI","GL","GM","GN","GP","GQ","GR","GS","GT","GU","GW","GY","HK","HM","HN","HR","HT","HU","ID","IE","IL","IM","IN","IO","IQ","IR","IS","IT","JE","JM","JO","JP","KE","KG","KH","KI","KM","KN","KP","KR","KW","KY","KZ","LA","LB","LC","LI","LK","LR","LS","LT","LU","LV","LY","MA","MC","MD","ME","MF","MG","MH","MK","ML","MM","MN","MO","MP","MQ","MR","MS","MT","MU","MV","MW","MX","MY","MZ","NA","NC","NE","NF","NG","NI","NL","NO","NP","NR","NU","NZ","OM","PA","PE","PF","PG","PH","PK","PL","PM","PN","PR","PS","PT","PW","PY",
1778079496.359 10430   567   841 I OkHttp  : "QA","RE","RO","RS","RW","SA","SB","SC","SD","SE","SG","SH","SI","SJ","SK","SL","SM","SN","SO","SR","SS","ST","SV","SX","SY","SZ","TC","TD","TF","TG","TH","TJ","TK","TL","TM","TN","TO","TR","TT","TV","TW","TZ","UA","UG","UM","US","UY","UZ","VA","VC","VE","VG","VI","VN","VU","WF","WS","YE","YT","ZA","ZM","ZW"],"isUnlisted":false,"hasYpcMetadata":false,"viewCount":"190309649","category":"Entertainment","publishDate":"2022-03-22T05:00:12-07:00","ownerChannelName":"Vishesh Films","liveBroadcastDetails":{"isLiveNow":false,"startTimestamp":"2022-03-22T12:00:12+00:00","endTimestamp":"2022-03-22T12:07:57+00:00"},"uploadDate":"2022-03-22T05:00:12-07:00","isShortsEligible":false,"externalVideoId":"0J0HZrDvbjY","likeCount":"1047106","canonicalUrl":"https://www.youtube.com/watch?v=0J0HZrDvbjY"}}}
1778079496.359 10430   567   841 I OkHttp  : <-- END HTTP (392ms, 8851-byte body)
1778079496.363 10430   567   841 E YouTubeRepository$getAudioStreamUrl: Error extracting YouTube stream for 0J0HZrDvbjY
1778079496.363 10430   567   841 E YouTubeRepository$getAudioStreamUrl: org.schabi.newpipe.extractor.exceptions.ContentNotAvailableException: The page needs to be reloaded.
1778079496.363 10430   567   841 E YouTubeRepository$getAudioStreamUrl: 	at org.schabi.newpipe.extractor.services.youtube.extractors.YoutubeStreamExtractor.checkPlayabilityStatus(YoutubeStreamExtractor.java:900)
1778079496.363 10430   567   841 E YouTubeRepository$getAudioStreamUrl: 	at org.schabi.newpipe.extractor.services.youtube.extractors.YoutubeStreamExtractor.onFetchPage(YoutubeStreamExtractor.java:827)
1778079496.363 10430   567   841 E YouTubeRepository$getAudioStreamUrl: 	at org.schabi.newpipe.extractor.Extractor.fetchPage(Extractor.java:60)
1778079496.363 10430   567   841 E YouTubeRepository$getAudioStreamUrl: 	at com.theveloper.pixeltune.data.youtube.YouTubeRepository$getAudioStreamUrl$2.invokeSuspend(YouTubeRepository.kt:38)
1778079496.363 10430   567   841 E YouTubeRepository$getAudioStreamUrl: 	at com.theveloper.pixeltune.data.youtube.YouTubeRepository$getAudioStreamUrl$2.invoke(Unknown Source:8)
1778079496.363 10430   567   841 E YouTubeRepository$getAudioStreamUrl: 	at com.theveloper.pixeltune.data.youtube.YouTubeRepository$getAudioStreamUrl$2.invoke(Unknown Source:4)
1778079496.363 10430   567   841 E YouTubeRepository$getAudioStreamUrl: 	at kotlinx.coroutines.intrinsics.UndispatchedKt.startUndispatchedOrReturn(Undispatched.kt:42)
1778079496.363 10430   567   841 E YouTubeRepository$getAudioStreamUrl: 	at kotlinx.coroutines.BuildersKt__Builders_commonKt.withContext(Builders.common.kt:164)
1778079496.363 10430   567   841 E YouTubeRepository$getAudioStreamUrl: 	at kotlinx.coroutines.BuildersKt.withContext(Unknown Source:1)
1778079496.363 10430   567   841 E YouTubeRepository$getAudioStreamUrl: 	at com.theveloper.pixeltune.data.youtube.YouTubeRepository.getAudioStreamUrl-0E7RQCE(YouTubeRepository.kt:29)
1778079496.364 10430   567   841 E YouTubeRepository$getAudioStreamUrl: 	at com.theveloper.pixeltune.data.youtube.YouTubeStreamProxy.getOrFetchStreamUrl(YouTubeStreamProxy.kt:268)
1778079496.364 10430   567   841 E YouTubeRepository$getAudioStreamUrl: 	at com.theveloper.pixeltune.data.youtube.YouTubeStreamProxy.access$getOrFetchStreamUrl(YouTubeStreamProxy.kt:34)
1778079496.364 10430   567   841 E YouTubeRepository$getAudioStreamUrl: 	at com.theveloper.pixeltune.data.youtube.YouTubeStreamProxy$createServer$1$1$1.invokeSuspend(YouTubeStreamProxy.kt:155)
1778079496.364 10430   567   841 E YouTubeRepository$getAudioStreamUrl: 	at com.theveloper.pixeltune.data.youtube.YouTubeStreamProxy$createServer$1$1$1.invoke(Unknown Source:11)
1778079496.364 10430   567   841 E YouTubeRepository$getAudioStreamUrl: 	at com.theveloper.pixeltune.data.youtube.YouTubeStreamProxy$createServer$1$1$1.invoke(Unknown Source:6)
1778079496.364 10430   567   841 E YouTubeRepository$getAudioStreamUrl: 	at io.ktor.server.routing.Route$buildPipeline$1$1.invokeSuspend(Route.kt:116)
1778079496.364 10430   567   841 E YouTubeRepository$getAudioStreamUrl: 	at io.ktor.server.routing.Route$buildPipeline$1$1.invoke(Unknown Source:13)
1778079496.364 10430   567   841 E YouTubeRepository$getAudioStreamUrl: 	at io.ktor.server.routing.Route$buildPipeline$1$1.invoke(Unknown Source:6)
1778079496.364 10430   567   841 E YouTubeRepository$getAudioStreamUrl: 	at io.ktor.util.pipeline.SuspendFunctionGun.loop(SuspendFunctionGun.kt:131)
1778079496.364 10430   567   841 E YouTubeRepository$getAudioStreamUrl: 	at io.ktor.util.pipeline.SuspendFunctionGun.proceed(SuspendFunctionGun.kt:89)
1778079496.364 10430   567   841 E YouTubeRepository$getAudioStreamUrl: 	at io.ktor.util.pipeline.SuspendFunctionGun.execute$ktor_utils(SuspendFunctionGun.kt:109)
1778079496.364 10430   567   841 E YouTubeRepository$getAudioStreamUrl: 	at io.ktor.util.pipeline.Pipeline.execute(Pipeline.kt:77)
1778079496.364 10430   567   841 E YouTubeRepository$getAudioStreamUrl: 	at io.ktor.server.routing.Routing$executeResult$$inlined$execute$1.invokeSuspend(Pipeline.kt:478)
1778079496.364 10430   567   841 E YouTubeRepository$getAudioStreamUrl: 	at io.ktor.server.routing.Routing$executeResult$$inlined$execute$1.invoke(Unknown Source:8)
1778079496.364 10430   567   841 E YouTubeRepository$getAudioStreamUrl: 	at io.ktor.server.routing.Routing$executeResult$$inlined$execute$1.invoke(Unknown Source:2)
1778079496.365 10430   567   841 E YouTubeRepository$getAudioStreamUrl: 	at io.ktor.util.debug.ContextUtilsKt.initContextInDebugMode(ContextUtils.kt:17)
1778079496.365 10430   567   841 E YouTubeRepository$getAudioStreamUrl: 	at io.ktor.server.routing.Routing.executeResult(Routing.kt:190)
1778079496.365 10430   567   841 E YouTubeRepository$getAudioStreamUrl: 	at io.ktor.server.routing.Routing.interceptor(Routing.kt:64)
1778079496.365 10430   567   841 E YouTubeRepository$getAudioStreamUrl: 	at io.ktor.server.routing.Routing$Plugin$install$1.invokeSuspend(Routing.kt:140)
1778079496.365 10430   567   841 E YouTubeRepository$getAudioStreamUrl: 	at io.ktor.server.routing.Routing$Plugin$install$1.invoke(Unknown Source:11)
1778079496.365 10430   567   841 E YouTubeRepository$getAudioStreamUrl: 	at io.ktor.server.routing.Routing$Plugin$install$1.invoke(Unknown Source:6)
1778079496.365 10430   567   841 E YouTubeRepository$getAudioStreamUrl: 	at io.ktor.util.pipeline.SuspendFunctionGun.loop(SuspendFunctionGun.kt:131)
1778079496.365 10430   567   841 E YouTubeRepository$getAudioStreamUrl: 	at io.ktor.util.pipeline.SuspendFunctionGun.proceed(SuspendFunctionGun.kt:89)
1778079496.365 10430   567   841 E YouTubeRepository$getAudioStreamUrl: 	at io.ktor.server.engine.BaseApplicationEngineKt$installDefaultTransformationChecker$1.invokeSuspend(BaseApplicationEngine.kt:124)
1778079496.365 10430   567   841 E YouTubeRepository$getAudioStreamUrl: 	at io.ktor.server.engine.BaseApplicationEngineKt$installDefaultTransformationChecker$1.invoke(Unknown Source:9)
1778079496.365 10430   567   841 E YouTubeRepository$getAudioStreamUrl: 	at io.ktor.server.engine.BaseApplicationEngineKt$installDefaultTransformationChecker$1.invoke(Unknown Source:6)
1778079496.365 10430   567   841 E YouTubeRepository$getAudioStreamUrl: 	at io.ktor.util.pipeline.SuspendFunctionGun.loop(SuspendFunctionGun.kt:131)
1778079496.365 10430   567   841 E YouTubeRepository$getAudioStreamUrl: 	at io.ktor.util.pipeline.SuspendFunctionGun.proceed(SuspendFunctionGun.kt:89)
1778079496.365 10430   567   841 E YouTubeRepository$getAudioStreamUrl: 	at io.ktor.util.pipeline.SuspendFunctionGun.execute$ktor_utils(SuspendFunctionGun.kt:109)
1778079496.365 10430   567   841 E YouTubeRepository$getAudioStreamUrl: 	at io.ktor.util.pipeline.Pipeline.execute(Pipeline.kt:77)
1778079496.365 10430   567   841 E YouTubeRepository$getAudioStreamUrl: 	at io.ktor.server.engine.DefaultEnginePipelineKt$defaultEnginePipeline$1$invokeSuspend$$inlined$execute$1.invokeSuspend(Pipeline.kt:478)
1778079496.365 10430   567   841 E YouTubeRepository$getAudioStreamUrl: 	at io.ktor.server.engine.DefaultEnginePipelineKt$defaultEnginePipeline$1$invokeSuspend$$inlined$execute$1.invoke(Unknown Source:8)
1778079496.365 10430   567   841 E YouTubeRepository$getAudioStreamUrl: 	at io.ktor.server.engine.DefaultEnginePipelineKt$defaultEnginePipeline$1$invokeSuspend$$inlined$execute$1.invoke(Unknown Source:2)
1778079496.365 10430   567   841 E YouTubeRepository$getAudioStreamUrl: 	at io.ktor.util.debug.ContextUtilsKt.initContextInDebugMode(ContextUtils.kt:17)
1778079496.366 10430   567   841 E YouTubeRepository$getAudioStreamUrl: 	at io.ktor.server.engine.DefaultEnginePipelineKt$defaultEnginePipeline$1.invokeSuspend(DefaultEnginePipeline.kt:123)
1778079496.366 10430   567   841 E YouTubeRepository$getAudioStreamUrl: 	at io.ktor.server.engine.DefaultEnginePipelineKt$defaultEnginePipeline$1.invoke(Unknown Source:9)
1778079496.366 10430   567   841 E YouTubeRepository$getAudioStreamUrl: 	at io.ktor.server.engine.DefaultEnginePipelineKt$defaultEnginePipeline$1.invoke(Unknown Source:6)
1778079496.366 10430   567   841 E YouTubeRepository$getAudioStreamUrl: 	at io.ktor.util.pipeline.SuspendFunctionGun.loop(SuspendFunctionGun.kt:131)
1778079496.366 10430   567   841 E YouTubeRepository$getAudioStreamUrl: 	at io.ktor.util.pipeline.SuspendFunctionGun.proceed(SuspendFunctionGun.kt:89)
1778079496.366 10430   567   841 E YouTubeRepository$getAudioStreamUrl: 	at io.ktor.util.pipeline.SuspendFunctionGun.execute$ktor_utils(SuspendFunctionGun.kt:109)
1778079496.366 10430   567   841 E YouTubeRepository$getAudioStreamUrl: 	at io.ktor.util.pipeline.Pipeline.execute(Pipeline.kt:77)
1778079496.366 10430   567   841 E YouTubeRepository$getAudioStreamUrl: 	at io.ktor.server.cio.CIOApplicationEngine$handleRequest$2$invokeSuspend$$inlined$execute$1.invokeSuspend(Pipeline.kt:478)
1778079496.366 10430   567   841 E YouTubeRepository$getAudioStreamUrl: 	at io.ktor.server.cio.CIOApplicationEngine$handleRequest$2$invokeSuspend$$inlined$execute$1.invoke(Unknown Source:8)
1778079496.366 10430   567   841 E YouTubeRepository$getAudioStreamUrl: 	at io.ktor.server.cio.CIOApplicationEngine$handleRequest$2$invokeSuspend$$inlined$execute$1.invoke(Unknown Source:2)
1778079496.366 10430   567   841 E YouTubeRepository$getAudioStreamUrl: 	at io.ktor.util.debug.ContextUtilsKt.initContextInDebugMode(ContextUtils.kt:17)
1778079496.366 10430   567   841 E YouTubeRepository$getAudioStreamUrl: 	at io.ktor.server.cio.CIOApplicationEngine$handleRequest$2.invokeSuspend(CIOApplicationEngine.kt:239)
1778079496.366 10430   567   841 E YouTubeRepository$getAudioStreamUrl: 	at kotlin.coroutines.jvm.internal.BaseContinuationImpl.resumeWith(ContinuationImpl.kt:34)
1778079496.366 10430   567   841 E YouTubeRepository$getAudioStreamUrl: 	at kotlinx.coroutines.DispatchedTask.run(DispatchedTask.kt:101)
1778079496.366 10430   567   841 E YouTubeRepository$getAudioStreamUrl: 	at kotlinx.coroutines.internal.LimitedDispatcher$Worker.run(LimitedDispatcher.kt:113)
1778079496.366 10430   567   841 E YouTubeRepository$getAudioStreamUrl: 	at kotlinx.coroutines.scheduling.TaskImpl.run(Tasks.kt:89)
1778079496.367 10430   567   841 E YouTubeRepository$getAudioStreamUrl: 	at kotlinx.coroutines.scheduling.CoroutineScheduler.runSafely(CoroutineScheduler.kt:589)
1778079496.367 10430   567   841 E YouTubeRepository$getAudioStreamUrl: 	at kotlinx.coroutines.scheduling.CoroutineScheduler$Worker.executeTask(CoroutineScheduler.kt:823)
1778079496.367 10430   567   841 E YouTubeRepository$getAudioStreamUrl: 	at kotlinx.coroutines.scheduling.CoroutineScheduler$Worker.runWorker(CoroutineScheduler.kt:720)
1778079496.367 10430   567   841 E YouTubeRepository$getAudioStreamUrl: 	at kotlinx.coroutines.scheduling.CoroutineScheduler$Worker.run(CoroutineScheduler.kt:707)
1778079496.378 10430   567   747 E ExoPlayerImplInternal: Playback error
1778079496.378 10430   567   747 E ExoPlayerImplInternal:   androidx.media3.exoplayer.ExoPlaybackException: Source error
1778079496.378 10430   567   747 E ExoPlayerImplInternal:       at androidx.media3.exoplayer.ExoPlayerImplInternal.handleIoException(ExoPlayerImplInternal.java:941)
1778079496.378 10430   567   747 E ExoPlayerImplInternal:       at androidx.media3.exoplayer.ExoPlayerImplInternal.handleMessage(ExoPlayerImplInternal.java:913)
1778079496.378 10430   567   747 E ExoPlayerImplInternal:       at android.os.Handler.dispatchMessage(Handler.java:107)
1778079496.378 10430   567   747 E ExoPlayerImplInternal:       at android.os.Looper.loopOnce(Looper.java:238)
1778079496.378 10430   567   747 E ExoPlayerImplInternal:       at android.os.Looper.loop(Looper.java:357)
1778079496.378 10430   567   747 E ExoPlayerImplInternal:       at android.os.HandlerThread.run(HandlerThread.java:85)
1778079496.378 10430   567   747 E ExoPlayerImplInternal:   Caused by: androidx.media3.datasource.HttpDataSource$InvalidResponseCodeException: Response code: 404
1778079496.378 10430   567   747 E ExoPlayerImplInternal:       at androidx.media3.datasource.DefaultHttpDataSource.open(DefaultHttpDataSource.java:403)
1778079496.378 10430   567   747 E ExoPlayerImplInternal:       at androidx.media3.datasource.DefaultDataSource.open(DefaultDataSource.java:277)
1778079496.378 10430   567   747 E ExoPlayerImplInternal:       at androidx.media3.datasource.ResolvingDataSource.open(ResolvingDataSource.java:110)
1778079496.378 10430   567   747 E ExoPlayerImplInternal:       at androidx.media3.datasource.StatsDataSource.open(StatsDataSource.java:89)
1778079496.378 10430   567   747 E ExoPlayerImplInternal:       at androidx.media3.exoplayer.source.ProgressiveMediaPeriod$ExtractingLoadable.load(ProgressiveMediaPeriod.java:1152)
1778079496.378 10430   567   747 E ExoPlayerImplInternal:       at androidx.media3.exoplayer.upstream.Loader$LoadTask.run(Loader.java:453)
1778079496.378 10430   567   747 E ExoPlayerImplInternal:       at java.util.concurrent.ThreadPoolExecutor.runWorker(ThreadPoolExecutor.java:1154)
1778079496.378 10430   567   747 E ExoPlayerImplInternal:       at java.util.concurrent.ThreadPoolExecutor$Worker.run(ThreadPoolExecutor.java:652)
1778079496.378 10430   567   747 E ExoPlayerImplInternal:       at java.lang.Thread.run(Thread.java:1564)
1778079496.383 10430   567   567 E MusicService_PixelTune: Error en el reproductor:
1778079496.383 10430   567   567 E MusicService_PixelTune: androidx.media3.exoplayer.ExoPlaybackException: Source error
1778079496.383 10430   567   567 E MusicService_PixelTune: 	at androidx.media3.exoplayer.ExoPlayerImplInternal.handleIoException(ExoPlayerImplInternal.java:941)
1778079496.383 10430   567   567 E MusicService_PixelTune: 	at androidx.media3.exoplayer.ExoPlayerImplInternal.handleMessage(ExoPlayerImplInternal.java:913)
1778079496.383 10430   567   567 E MusicService_PixelTune: 	at android.os.Handler.dispatchMessage(Handler.java:107)
1778079496.383 10430   567   567 E MusicService_PixelTune: 	at android.os.Looper.loopOnce(Looper.java:238)
1778079496.383 10430   567   567 E MusicService_PixelTune: 	at android.os.Looper.loop(Looper.java:357)
1778079496.383 10430   567   567 E MusicService_PixelTune: 	at android.os.HandlerThread.run(HandlerThread.java:85)
1778079496.383 10430   567   567 E MusicService_PixelTune: Caused by: androidx.media3.datasource.HttpDataSource$InvalidResponseCodeException: Response code: 404
1778079496.383 10430   567   567 E MusicService_PixelTune: 	at androidx.media3.datasource.DefaultHttpDataSource.open(DefaultHttpDataSource.java:403)
1778079496.383 10430   567   567 E MusicService_PixelTune: 	at androidx.media3.datasource.DefaultDataSource.open(DefaultDataSource.java:277)
1778079496.383 10430   567   567 E MusicService_PixelTune: 	at androidx.media3.datasource.ResolvingDataSource.open(ResolvingDataSource.java:110)
1778079496.383 10430   567   567 E MusicService_PixelTune: 	at androidx.media3.datasource.StatsDataSource.open(StatsDataSource.java:89)
1778079496.383 10430   567   567 E MusicService_PixelTune: 	at androidx.media3.exoplayer.source.ProgressiveMediaPeriod$ExtractingLoadable.load(ProgressiveMediaPeriod.java:1152)
1778079496.383 10430   567   567 E MusicService_PixelTune: 	at androidx.media3.exoplayer.upstream.Loader$LoadTask.run(Loader.java:453)
1778079496.383 10430   567   567 E MusicService_PixelTune: 	at java.util.concurrent.ThreadPoolExecutor.runWorker(ThreadPoolExecutor.java:1154)
1778079496.383 10430   567   567 E MusicService_PixelTune: 	at java.util.concurrent.ThreadPoolExecutor$Worker.run(ThreadPoolExecutor.java:652)
1778079496.383 10430   567   567 E MusicService_PixelTune: 	at java.lang.Thread.run(Thread.java:1564)
1778079496.385 10430   567   567 D MusicService_PixelTune: Playback state changed: 1
1778079496.385 10430   567   567 D MusicService_PixelTune: Skipping media button preference update on API 31+ while inactive: playWhenReady=true, state=1
1778079496.473 10430   567   576 I pixeltune.debug: Compiler allocated 5762KB to compile void com.theveloper.pixeltune.presentation.components.UnifiedPlayerSheetV2Kt.UnifiedPlayerSheetV2-aC-nel8(com.theveloper.pixeltune.presentation.viewmodel.PlayerViewModel, float, float, float, androidx.navigation.NavHostController, boolean, boolean, androidx.compose.runtime.Composer, int, int)
1778079497.863 10430   567  1487 I OkHttp  : <-- 200 OK https://lrclib.net/api/search?track_name=Tera%20Mera%20Rishta%20Purana%20%20Video%20Song%20%7C%20Awarapan%20Movie%20Song%20%7C%20Emraan%20Hashmi%20Songs%20%7C%20Mustafa%20Zahid&artist_name=Vishesh%20Films (6585ms)
1778079497.864 10430   567  1487 I OkHttp  : Server: nginx/1.26.3
1778079497.864 10430   567  1487 I OkHttp  : Date: Wed, 06 May 2026 14:58:18 GMT
1778079497.864 10430   567  1487 I OkHttp  : Content-Type: application/json
1778079497.864 10430   567  1487 I OkHttp  : Content-Length: 2
1778079497.864 10430   567  1487 I OkHttp  : Connection: keep-alive
1778079497.864 10430   567  1487 I OkHttp  : vary: origin, access-control-request-method, access-control-request-headers
1778079497.864 10430   567  1487 I OkHttp  : access-control-allow-origin: *
1778079497.864 10430   567  1487 I OkHttp  : <-- END HTTP
1778079501.451 10430   567  1485 I OkHttp  : <-- 200 OK https://lrclib.net/api/search?q=Vishesh%20Films%20Tera%20Mera%20Rishta%20Purana%20%20Video%20Song%20%7C%20Awarapan%20Movie%20Song%20%7C%20Emraan%20Hashmi%20Songs%20%7C%20Mustafa%20Zahid (10174ms)
1778079501.451 10430   567  1485 I OkHttp  : Server: nginx/1.26.3
1778079501.451 10430   567  1485 I OkHttp  : Date: Wed, 06 May 2026 14:58:22 GMT
1778079501.451 10430   567  1485 I OkHttp  : Content-Type: application/json
1778079501.451 10430   567  1485 I OkHttp  : Content-Length: 2
1778079501.451 10430   567  1485 I OkHttp  : Connection: keep-alive
1778079501.451 10430   567  1485 I OkHttp  : vary: origin, access-control-request-method, access-control-request-headers
1778079501.451 10430   567  1485 I OkHttp  : access-control-allow-origin: *
1778079501.451 10430   567  1485 I OkHttp  : <-- END HTTP
1778079501.456 10430   567   707 D LyricsRepository: No results from LRCLIB API
1778079501.457 10430   567   707 D LyricsRepository: No lyrics found from any source for: Vishesh Films - Tera Mera Rishta Purana (HD) Video Song | Awarapan Movie Song | Emraan Hashmi Songs | Mustafa Zahid
1778079501.501 10430   567   576 I pixeltune.debug: Compiler allocated 4722KB to compile void com.theveloper.pixeltune.presentation.components.UnifiedPlayerSheetKt.MiniPlayerContentInternal-V-95POc(com.theveloper.pixeltune.data.model.Song, boolean, boolean, boolean, kotlin.jvm.functions.Function0, kotlin.jvm.functions.Function0, float, kotlin.jvm.functions.Function0, androidx.compose.ui.Modifier, androidx.compose.runtime.Composer, int, int)
1778079512.946 10430   567   567 I AppVisibilityProxy: onAppEnteredBackground
1778079512.948 10430   567   567 D MainActivity: [main] - onStop
1778079512.950 10430   567   567 I MediaController: Release 6ac7514 [AndroidXMedia3/1.9.2] [rhodei, moto g62 5G, motorola, 33] [media3.common, media3.exoplayer, media3.decoder, media3.session, media3.datasource]
1778079513.039 10430   567   670 D Surface : Surface::disconnect
1778079513.039 10430   567   670 D BufferQueueProducer: [VRI[MainActivity]#0(BLAST Consumer)0](id:23700000000,api:1,p:567,c:567) disconnect: api 1